{"group": [{"pic_list": ["20598793012600004455", "20598793012600004456", "20598793012600004457", "20598793012600004539"], "seq_id": "A"}, {"pic_list": ["18558681091000048350", "18558681091000048904", "18558681091000048905", "18558681091000048310"], "seq_id": "B"}], "signs": [{"pic_id": "20598793012600004457", "x": 238, "y": 397, "w": 13, "h": 17, "type": "301", "sign_id": "sign_A_1"}, {"pic_id": "20598793012600004539", "x": 125, "y": 378, "w": 21, "h": 23, "type": "301", "sign_id": "sign_A_2"}, {"pic_id": "18558681091000048904", "x": 302, "y": 336, "w": 11, "h": 13, "type": "301", "sign_id": "sign_B_1"}, {"pic_id": "18558681091000048904", "x": 460, "y": 281, "w": 8, "h": 10, "type": "301", "sign_id": "sign_B_2"}, {"pic_id": "18558681091000048905", "x": 236, "y": 296, "w": 15, "h": 20, "type": "301", "sign_id": "sign_B_3"}, {"pic_id": "18558681091000048905", "x": 452, "y": 245, "w": 9, "h": 10, "type": "301", "sign_id": "sign_B_4"}, {"pic_id": "18558681091000048310", "x": 83, "y": 300, "w": 22, "h": 27, "type": "301", "sign_id": "sign_B_5"}, {"pic_id": "18558681091000048310", "x": 408, "y": 250, "w": 10, "h": 11, "type": "301", "sign_id": "sign_B_6"}], "match": [{"sign_id": "sign_A_1", "match_sign_id": "sign_B_3"}, {"sign_id": "sign_A_1", "match_sign_id": "sign_B_5"}, {"sign_id": "sign_A_1", "match_sign_id": "sign_B_2"}, {"sign_id": "sign_A_1", "match_sign_id": "sign_B_1"}, {"sign_id": "sign_A_2", "match_sign_id": "sign_B_5"}, {"sign_id": "sign_A_2", "match_sign_id": "sign_B_3"}, {"sign_id": "sign_A_2", "match_sign_id": "sign_B_1"}, {"sign_id": "sign_A_2", "match_sign_id": "sign_B_2"}]}