{"group": [{"pic_list": ["20599509032300025519", "20599509032300025520", "20599509032300025521", "20599509032300025522", "20599509032300025523", "20599509032300025524"], "seq_id": "A"}, {"pic_list": ["18553481010500046876", "18553481010500046877", "18553481010500046878", "18553481010500046879", "18553481010500046880"], "seq_id": "B"}], "signs": [{"pic_id": "20599509032300025519", "x": 781, "y": 324, "w": 16, "h": 15, "type": "105", "sign_id": "sign_A_1"}, {"pic_id": "20599509032300025519", "x": 775, "y": 247, "w": 15, "h": 20, "type": "301", "sign_id": "sign_A_2"}, {"pic_id": "20599509032300025520", "x": 822, "y": 298, "w": 21, "h": 20, "type": "105", "sign_id": "sign_A_3"}, {"pic_id": "20599509032300025520", "x": 872, "y": 115, "w": 25, "h": 33, "type": "301", "sign_id": "sign_A_4"}, {"pic_id": "20599509032300025521", "x": 885, "y": 251, "w": 28, "h": 28, "type": "105", "sign_id": "sign_A_5"}, {"pic_id": "20599509032300025522", "x": 1015, "y": 154, "w": 45, "h": 43, "type": "105", "sign_id": "sign_A_6"}, {"pic_id": "20599509032300025523", "x": 509, "y": 384, "w": 7, "h": 8, "type": "301", "sign_id": "sign_A_7"}, {"pic_id": "18553481010500046876", "x": 733, "y": 269, "w": 11, "h": 15, "type": "301", "sign_id": "sign_B_1"}, {"pic_id": "18553481010500046877", "x": 784, "y": 294, "w": 19, "h": 20, "type": "105", "sign_id": "sign_B_2"}, {"pic_id": "18553481010500046877", "x": 819, "y": 120, "w": 23, "h": 31, "type": "301", "sign_id": "sign_B_3"}, {"pic_id": "18553481010500046878", "x": 854, "y": 218, "w": 30, "h": 30, "type": "105", "sign_id": "sign_B_4"}, {"pic_id": "18553481010500046879", "x": 1088, "y": 0, "w": 65, "h": 51, "type": "105", "sign_id": "sign_B_5"}], "match": [{"sign_id": "sign_A_1", "match_sign_id": "sign_B_2"}, {"sign_id": "sign_A_1", "match_sign_id": "sign_B_4"}, {"sign_id": "sign_A_2", "match_sign_id": "sign_B_1"}, {"sign_id": "sign_A_2", "match_sign_id": "sign_B_3"}, {"sign_id": "sign_A_3", "match_sign_id": "sign_B_2"}, {"sign_id": "sign_A_3", "match_sign_id": "sign_B_4"}, {"sign_id": "sign_A_3", "match_sign_id": "sign_B_5"}, {"sign_id": "sign_A_4", "match_sign_id": "sign_B_3"}, {"sign_id": "sign_A_4", "match_sign_id": "sign_B_1"}, {"sign_id": "sign_A_5", "match_sign_id": "sign_B_5"}, {"sign_id": "sign_A_5", "match_sign_id": "sign_B_4"}, {"sign_id": "sign_A_5", "match_sign_id": "sign_B_2"}, {"sign_id": "sign_A_6", "match_sign_id": "sign_B_5"}, {"sign_id": "sign_A_6", "match_sign_id": "sign_B_4"}, {"sign_id": "sign_A_6", "match_sign_id": "sign_B_2"}, {"sign_id": "sign_A_7", "match_sign_id": " "}]}