{"group": [{"pic_list": ["19580085071100000697", "19580085071100004164", "19580085071100004165", "19580085071100004166", "19580085071100004167", "19580085071100004168"], "seq_id": "A"}, {"pic_list": ["18558837092700009239", "18558837092700009240", "18558837092700009241", "18558837092700009242", "18558837092700009243", "18558837092700009244"], "seq_id": "B"}], "signs": [{"pic_id": "19580085071100000697", "x": 515, "y": 580, "w": 10, "h": 11, "type": "301", "sign_id": "sign_A_1"}, {"pic_id": "19580085071100004164", "x": 480, "y": 549, "w": 11, "h": 15, "type": "301", "sign_id": "sign_A_2"}, {"pic_id": "19580085071100004165", "x": 414, "y": 492, "w": 14, "h": 18, "type": "301", "sign_id": "sign_A_3"}, {"pic_id": "19580085071100004166", "x": 258, "y": 399, "w": 19, "h": 24, "type": "301", "sign_id": "sign_A_4"}, {"pic_id": "18558837092700009239", "x": 403, "y": 341, "w": 8, "h": 9, "type": "301", "sign_id": "sign_B_1"}, {"pic_id": "18558837092700009240", "x": 319, "y": 322, "w": 11, "h": 12, "type": "301", "sign_id": "sign_B_2"}, {"pic_id": "18558837092700009241", "x": 248, "y": 315, "w": 10, "h": 12, "type": "301", "sign_id": "sign_B_3"}, {"pic_id": "18558837092700009242", "x": 206, "y": 293, "w": 12, "h": 14, "type": "301", "sign_id": "sign_B_4"}, {"pic_id": "18558837092700009243", "x": 97, "y": 238, "w": 16, "h": 18, "type": "301", "sign_id": "sign_B_5"}], "match": [{"sign_id": "sign_A_1", "match_sign_id": "sign_B_1"}, {"sign_id": "sign_A_1", "match_sign_id": "sign_B_2"}, {"sign_id": "sign_A_1", "match_sign_id": "sign_B_4"}, {"sign_id": "sign_A_1", "match_sign_id": "sign_B_3"}, {"sign_id": "sign_A_1", "match_sign_id": "sign_B_5"}, {"sign_id": "sign_A_2", "match_sign_id": "sign_B_1"}, {"sign_id": "sign_A_2", "match_sign_id": "sign_B_4"}, {"sign_id": "sign_A_2", "match_sign_id": "sign_B_5"}, {"sign_id": "sign_A_2", "match_sign_id": "sign_B_2"}, {"sign_id": "sign_A_2", "match_sign_id": "sign_B_3"}, {"sign_id": "sign_A_3", "match_sign_id": "sign_B_1"}, {"sign_id": "sign_A_3", "match_sign_id": "sign_B_5"}, {"sign_id": "sign_A_3", "match_sign_id": "sign_B_4"}, {"sign_id": "sign_A_3", "match_sign_id": "sign_B_2"}, {"sign_id": "sign_A_3", "match_sign_id": "sign_B_3"}, {"sign_id": "sign_A_4", "match_sign_id": "sign_B_5"}, {"sign_id": "sign_A_4", "match_sign_id": "sign_B_4"}, {"sign_id": "sign_A_4", "match_sign_id": "sign_B_1"}, {"sign_id": "sign_A_4", "match_sign_id": "sign_B_3"}, {"sign_id": "sign_A_4", "match_sign_id": "sign_B_2"}]}