{"group": [{"pic_list": ["20599445031100002340", "20599445031100002341", "20599445031100002342", "20599445031100002343", "20599445031100002344", "20599445031100002345"], "seq_id": "A"}, {"pic_list": ["18553507010900043559", "18553507010900043560", "18553507010900043561", "18553507010900043562", "18553507010900043563", "18553507010900043564", "18553507010900043565", "18553507010900043566", "18553507010900043567"], "seq_id": "B"}], "signs": [{"pic_id": "20599445031100002341", "x": 846, "y": 256, "w": 15, "h": 21, "type": "301", "sign_id": "sign_A_1"}, {"pic_id": "20599445031100002343", "x": 1153, "y": 376, "w": 11, "h": 12, "type": "301", "sign_id": "sign_A_2"}, {"pic_id": "18553507010900043559", "x": 710, "y": 257, "w": 9, "h": 12, "type": "301", "sign_id": "sign_B_1"}, {"pic_id": "18553507010900043559", "x": 833, "y": 338, "w": 6, "h": 7, "type": "301", "sign_id": "sign_B_2"}, {"pic_id": "18553507010900043560", "x": 706, "y": 210, "w": 12, "h": 16, "type": "301", "sign_id": "sign_B_3"}, {"pic_id": "18553507010900043560", "x": 849, "y": 326, "w": 7, "h": 8, "type": "301", "sign_id": "sign_B_4"}, {"pic_id": "18553507010900043561", "x": 748, "y": 119, "w": 17, "h": 23, "type": "301", "sign_id": "sign_B_5"}, {"pic_id": "18553507010900043562", "x": 989, "y": 291, "w": 9, "h": 10, "type": "301", "sign_id": "sign_B_6"}, {"pic_id": "18553507010900043562", "x": 1025, "y": 286, "w": 8, "h": 10, "type": "301", "sign_id": "sign_B_7"}, {"pic_id": "18553507010900043563", "x": 1068, "y": 281, "w": 11, "h": 12, "type": "301", "sign_id": "sign_B_8"}, {"pic_id": "18553507010900043564", "x": 1153, "y": 257, "w": 12, "h": 13, "type": "301", "sign_id": "sign_B_9"}], "match": [{"sign_id": "sign_A_1", "match_sign_id": "sign_B_5"}, {"sign_id": "sign_A_1", "match_sign_id": "sign_B_3"}, {"sign_id": "sign_A_1", "match_sign_id": "sign_B_1"}, {"sign_id": "sign_A_1", "match_sign_id": "sign_B_9"}, {"sign_id": "sign_A_1", "match_sign_id": "sign_B_8"}, {"sign_id": "sign_A_2", "match_sign_id": "sign_B_9"}, {"sign_id": "sign_A_2", "match_sign_id": "sign_B_6"}, {"sign_id": "sign_A_2", "match_sign_id": "sign_B_3"}, {"sign_id": "sign_A_2", "match_sign_id": "sign_B_8"}, {"sign_id": "sign_A_2", "match_sign_id": "sign_B_4"}, {"sign_id": "sign_A_2", "match_sign_id": "sign_B_1"}, {"sign_id": "sign_A_2", "match_sign_id": "sign_B_5"}, {"sign_id": "sign_A_2", "match_sign_id": "sign_B_2"}]}