{"group": [{"pic_list": ["20599329030600008078", "20599329030600008079", "20599329030600008080", "20599329030600008081"], "seq_id": "A"}, {"pic_list": ["18553409010500024042", "18553409010500024043", "18553409010500024044", "18553409010500024045"], "seq_id": "B"}], "signs": [{"pic_id": "20599329030600008079", "x": 734, "y": 555, "w": 10, "h": 12, "type": "301", "sign_id": "sign_A_1"}, {"pic_id": "20599329030600008080", "x": 764, "y": 502, "w": 13, "h": 16, "type": "301", "sign_id": "sign_A_2"}, {"pic_id": "20599329030600008081", "x": 806, "y": 424, "w": 17, "h": 21, "type": "301", "sign_id": "sign_A_3"}], "match": [{"sign_id": "sign_A_1", "match_sign_id": " "}, {"sign_id": "sign_A_2", "match_sign_id": " "}, {"sign_id": "sign_A_3", "match_sign_id": " "}]}