{"group": [{"pic_list": ["19582759082200018360", "19582759082200018361", "19582759082200018362"], "seq_id": "A"}, {"pic_list": ["18558461082400026152", "18558461082400026153", "18558461082400026154"], "seq_id": "B"}], "signs": [{"pic_id": "19582759082200018360", "x": 259, "y": 402, "w": 8, "h": 9, "type": "301", "sign_id": "sign_A_1"}, {"pic_id": "19582759082200018360", "x": 384, "y": 421, "w": 11, "h": 14, "type": "301", "sign_id": "sign_A_2"}, {"pic_id": "19582759082200018361", "x": 63, "y": 375, "w": 9, "h": 11, "type": "301", "sign_id": "sign_A_3"}, {"pic_id": "19582759082200018361", "x": 239, "y": 407, "w": 14, "h": 18, "type": "301", "sign_id": "sign_A_4"}, {"pic_id": "18558461082400026152", "x": 0, "y": 163, "w": 5, "h": 10, "type": "301", "sign_id": "sign_B_1"}], "match": [{"sign_id": "sign_A_1", "match_sign_id": "sign_B_1"}, {"sign_id": "sign_A_3", "match_sign_id": "sign_B_1"}]}