{"group": [{"pic_list": ["19584245091600006472", "19584245091600006473", "19584245091600006474"], "seq_id": "A"}, {"pic_list": ["18559339102000012222", "18559339102000012223", "18559339102000012224", "18559339102000012225"], "seq_id": "B"}], "signs": [{"pic_id": "19584245091600006472", "x": 554, "y": 75, "w": 74, "h": 71, "type": "207", "sign_id": "sign_A_1"}, {"pic_id": "19584245091600006472", "x": 1121, "y": 25, "w": 25, "h": 31, "type": "301", "sign_id": "sign_A_2"}, {"pic_id": "18559339102000012222", "x": 524, "y": 243, "w": 48, "h": 46, "type": "207", "sign_id": "sign_B_1"}, {"pic_id": "18559339102000012223", "x": 495, "y": 152, "w": 69, "h": 66, "type": "207", "sign_id": "sign_B_2"}, {"pic_id": "18559339102000012223", "x": 995, "y": 117, "w": 24, "h": 29, "type": "301", "sign_id": "sign_B_3"}], "match": [{"sign_id": "sign_A_1", "match_sign_id": "sign_B_2"}, {"sign_id": "sign_A_1", "match_sign_id": "sign_B_1"}, {"sign_id": "sign_A_2", "match_sign_id": "sign_B_3"}]}