{"group": [{"pic_list": ["20599329030600008061", "20599329030600008062", "20599329030600008063", "20599329030600008064"], "seq_id": "A"}, {"pic_list": ["18553409010500034881", "18553409010500034882", "18553409010500034883", "18553409010500034884", "18553409010500034885"], "seq_id": "B"}], "signs": [{"pic_id": "20599329030600008061", "x": 712, "y": 504, "w": 13, "h": 16, "type": "301", "sign_id": "sign_A_1"}, {"pic_id": "20599329030600008062", "x": 721, "y": 405, "w": 16, "h": 22, "type": "301", "sign_id": "sign_A_2"}, {"pic_id": "20599329030600008063", "x": 748, "y": 173, "w": 28, "h": 37, "type": "301", "sign_id": "sign_A_3"}, {"pic_id": "18553409010500034885", "x": 551, "y": 351, "w": 7, "h": 8, "type": "301", "sign_id": "sign_B_1"}], "match": [{"sign_id": "sign_A_1", "match_sign_id": "sign_B_1"}, {"sign_id": "sign_A_2", "match_sign_id": "sign_B_1"}, {"sign_id": "sign_A_3", "match_sign_id": "sign_B_1"}]}