{"group": [{"pic_list": ["19587240100900010521", "19587240100900010522", "19587240100900010523", "19587240100900010524", "19587240100900010525", "19587240100900010526", "19587240100900010527", "19587240100900010528"], "seq_id": "A"}, {"pic_list": ["18558614090300009254", "18558614090300009255", "18558614090300009256", "18558614090300009257", "18558614090300009258", "18558614090300009259", "18558614090300009260"], "seq_id": "B"}], "signs": [{"pic_id": "19587240100900010521", "x": 453, "y": 196, "w": 13, "h": 18, "type": "301", "sign_id": "sign_A_1"}, {"pic_id": "19587240100900010522", "x": 664, "y": 417, "w": 12, "h": 11, "type": "104", "sign_id": "sign_A_2"}, {"pic_id": "19587240100900010522", "x": 386, "y": 42, "w": 22, "h": 29, "type": "301", "sign_id": "sign_A_3"}, {"pic_id": "19587240100900010523", "x": 683, "y": 412, "w": 14, "h": 12, "type": "104", "sign_id": "sign_A_4"}, {"pic_id": "19587240100900010524", "x": 707, "y": 406, "w": 17, "h": 16, "type": "104", "sign_id": "sign_A_5"}, {"pic_id": "19587240100900010525", "x": 757, "y": 401, "w": 21, "h": 19, "type": "104", "sign_id": "sign_A_6"}, {"pic_id": "19587240100900010526", "x": 812, "y": 375, "w": 28, "h": 26, "type": "104", "sign_id": "sign_A_7"}, {"pic_id": "19587240100900010527", "x": 912, "y": 341, "w": 40, "h": 36, "type": "104", "sign_id": "sign_A_8"}, {"pic_id": "19587240100900010528", "x": 1186, "y": 241, "w": 77, "h": 64, "type": "104", "sign_id": "sign_A_9"}, {"pic_id": "18558614090300009254", "x": 549, "y": 116, "w": 10, "h": 14, "type": "301", "sign_id": "sign_B_1"}, {"pic_id": "18558614090300009255", "x": 707, "y": 315, "w": 14, "h": 14, "type": "104", "sign_id": "sign_B_2"}, {"pic_id": "18558614090300009256", "x": 713, "y": 312, "w": 17, "h": 15, "type": "104", "sign_id": "sign_B_3"}, {"pic_id": "18558614090300009257", "x": 759, "y": 298, "w": 21, "h": 19, "type": "104", "sign_id": "sign_B_4"}, {"pic_id": "18558614090300009258", "x": 844, "y": 256, "w": 33, "h": 30, "type": "104", "sign_id": "sign_B_5"}, {"pic_id": "18558614090300009259", "x": 917, "y": 221, "w": 46, "h": 40, "type": "104", "sign_id": "sign_B_6"}], "match": [{"sign_id": "sign_A_1", "match_sign_id": "sign_B_1"}, {"sign_id": "sign_A_2", "match_sign_id": "sign_B_3"}, {"sign_id": "sign_A_2", "match_sign_id": "sign_B_2"}, {"sign_id": "sign_A_2", "match_sign_id": "sign_B_4"}, {"sign_id": "sign_A_2", "match_sign_id": "sign_B_6"}, {"sign_id": "sign_A_3", "match_sign_id": "sign_B_1"}, {"sign_id": "sign_A_4", "match_sign_id": "sign_B_3"}, {"sign_id": "sign_A_4", "match_sign_id": "sign_B_2"}, {"sign_id": "sign_A_4", "match_sign_id": "sign_B_4"}, {"sign_id": "sign_A_4", "match_sign_id": "sign_B_5"}, {"sign_id": "sign_A_5", "match_sign_id": "sign_B_3"}, {"sign_id": "sign_A_5", "match_sign_id": "sign_B_2"}, {"sign_id": "sign_A_5", "match_sign_id": "sign_B_4"}, {"sign_id": "sign_A_5", "match_sign_id": "sign_B_5"}, {"sign_id": "sign_A_6", "match_sign_id": "sign_B_4"}, {"sign_id": "sign_A_6", "match_sign_id": "sign_B_3"}, {"sign_id": "sign_A_6", "match_sign_id": "sign_B_2"}, {"sign_id": "sign_A_6", "match_sign_id": "sign_B_5"}, {"sign_id": "sign_A_7", "match_sign_id": "sign_B_4"}, {"sign_id": "sign_A_7", "match_sign_id": "sign_B_2"}, {"sign_id": "sign_A_7", "match_sign_id": "sign_B_3"}, {"sign_id": "sign_A_7", "match_sign_id": "sign_B_6"}, {"sign_id": "sign_A_8", "match_sign_id": "sign_B_4"}, {"sign_id": "sign_A_8", "match_sign_id": "sign_B_2"}, {"sign_id": "sign_A_8", "match_sign_id": "sign_B_3"}, {"sign_id": "sign_A_8", "match_sign_id": "sign_B_6"}, {"sign_id": "sign_A_9", "match_sign_id": "sign_B_4"}, {"sign_id": "sign_A_9", "match_sign_id": "sign_B_3"}, {"sign_id": "sign_A_9", "match_sign_id": "sign_B_5"}, {"sign_id": "sign_A_9", "match_sign_id": "sign_B_2"}, {"sign_id": "sign_A_9", "match_sign_id": "sign_B_6"}, {"sign_id": "sign_A_2", "match_sign_id": "sign_B_5"}, {"sign_id": "sign_A_7", "match_sign_id": "sign_B_5"}, {"sign_id": "sign_A_6", "match_sign_id": "sign_B_6"}, {"sign_id": "sign_A_4", "match_sign_id": "sign_B_6"}, {"sign_id": "sign_A_5", "match_sign_id": "sign_B_6"}]}