{"group": [{"pic_list": ["19595362122000014110", "19595362122000014111", "19595362122000014112", "19595362122000014113", "19595362122000014114", "19595362122000014115", "19595362122000014080"], "seq_id": "A"}, {"pic_list": ["18558476082200032015", "18558476082200032016", "18558476082200032017", "18558476082200032018", "18558476082200032019", "18558476082200032020"], "seq_id": "B"}], "signs": [{"pic_id": "19595362122000014110", "x": 665, "y": 308, "w": 8, "h": 10, "type": "301", "sign_id": "sign_A_1"}, {"pic_id": "19595362122000014111", "x": 702, "y": 272, "w": 9, "h": 13, "type": "301", "sign_id": "sign_A_2"}, {"pic_id": "19595362122000014112", "x": 757, "y": 211, "w": 14, "h": 19, "type": "301", "sign_id": "sign_A_3"}, {"pic_id": "19595362122000014113", "x": 820, "y": 65, "w": 23, "h": 31, "type": "301", "sign_id": "sign_A_4"}, {"pic_id": "19595362122000014113", "x": 246, "y": 338, "w": 7, "h": 9, "type": "301", "sign_id": "sign_A_5"}, {"pic_id": "18558476082200032015", "x": 752, "y": 323, "w": 9, "h": 12, "type": "301", "sign_id": "sign_B_1"}, {"pic_id": "18558476082200032016", "x": 750, "y": 285, "w": 10, "h": 13, "type": "301", "sign_id": "sign_B_2"}, {"pic_id": "18558476082200032016", "x": 396, "y": 386, "w": 7, "h": 8, "type": "301", "sign_id": "sign_B_3"}, {"pic_id": "18558476082200032017", "x": 715, "y": 229, "w": 13, "h": 17, "type": "301", "sign_id": "sign_B_4"}, {"pic_id": "18558476082200032017", "x": 302, "y": 377, "w": 8, "h": 8, "type": "301", "sign_id": "sign_B_5"}, {"pic_id": "18558476082200032018", "x": 735, "y": 11, "w": 24, "h": 34, "type": "301", "sign_id": "sign_B_6"}, {"pic_id": "18558476082200032018", "x": 205, "y": 363, "w": 8, "h": 9, "type": "301", "sign_id": "sign_B_7"}, {"pic_id": "18558476082200032019", "x": 169, "y": 354, "w": 9, "h": 11, "type": "301", "sign_id": "sign_B_8"}], "match": [{"sign_id": "sign_A_1", "match_sign_id": "sign_B_1"}, {"sign_id": "sign_A_1", "match_sign_id": "sign_B_2"}, {"sign_id": "sign_A_1", "match_sign_id": "sign_B_4"}, {"sign_id": "sign_A_1", "match_sign_id": "sign_B_6"}, {"sign_id": "sign_A_2", "match_sign_id": "sign_B_2"}, {"sign_id": "sign_A_2", "match_sign_id": "sign_B_4"}, {"sign_id": "sign_A_2", "match_sign_id": "sign_B_6"}, {"sign_id": "sign_A_2", "match_sign_id": "sign_B_1"}, {"sign_id": "sign_A_3", "match_sign_id": "sign_B_4"}, {"sign_id": "sign_A_3", "match_sign_id": "sign_B_2"}, {"sign_id": "sign_A_3", "match_sign_id": "sign_B_6"}, {"sign_id": "sign_A_3", "match_sign_id": "sign_B_1"}, {"sign_id": "sign_A_3", "match_sign_id": "sign_B_8"}, {"sign_id": "sign_A_4", "match_sign_id": "sign_B_4"}, {"sign_id": "sign_A_4", "match_sign_id": "sign_B_6"}, {"sign_id": "sign_A_4", "match_sign_id": "sign_B_2"}, {"sign_id": "sign_A_5", "match_sign_id": "sign_B_8"}, {"sign_id": "sign_A_5", "match_sign_id": "sign_B_5"}, {"sign_id": "sign_A_5", "match_sign_id": "sign_B_7"}, {"sign_id": "sign_A_5", "match_sign_id": "sign_B_3"}, {"sign_id": "sign_A_5", "match_sign_id": "sign_B_1"}, {"sign_id": "sign_A_1", "match_sign_id": "sign_B_7"}, {"sign_id": "sign_A_1", "match_sign_id": "sign_B_8"}]}