{"group": [{"pic_list": ["19581780080900009881", "19581780080900009575", "19581780080900009576", "19581780080900009577", "19581780080900009578", "19581780080900009579", "19581780080900009580", "19581780080900009581"], "seq_id": "A"}, {"pic_list": ["18558727091300026162", "18558727091300026163", "18558727091300026164", "18558727091300026165", "18558727091300026166", "18558727091300026167", "18558727091300026168", "18558727091300026169"], "seq_id": "B"}], "signs": [{"pic_id": "19581780080900009576", "x": 567, "y": 347, "w": 10, "h": 14, "type": "301", "sign_id": "sign_A_1"}, {"pic_id": "19581780080900009577", "x": 544, "y": 287, "w": 15, "h": 20, "type": "301", "sign_id": "sign_A_2"}, {"pic_id": "19581780080900009578", "x": 522, "y": 212, "w": 21, "h": 28, "type": "301", "sign_id": "sign_A_3"}, {"pic_id": "19581780080900009579", "x": 366, "y": 2, "w": 36, "h": 39, "type": "301", "sign_id": "sign_A_4"}, {"pic_id": "18558727091300026163", "x": 597, "y": 363, "w": 9, "h": 12, "type": "301", "sign_id": "sign_B_1"}, {"pic_id": "18558727091300026164", "x": 574, "y": 322, "w": 12, "h": 16, "type": "301", "sign_id": "sign_B_2"}, {"pic_id": "18558727091300026165", "x": 528, "y": 245, "w": 18, "h": 24, "type": "301", "sign_id": "sign_B_3"}, {"pic_id": "18558727091300026166", "x": 389, "y": 33, "w": 34, "h": 42, "type": "301", "sign_id": "sign_B_4"}], "match": [{"sign_id": "sign_A_1", "match_sign_id": "sign_B_2"}, {"sign_id": "sign_A_1", "match_sign_id": "sign_B_1"}, {"sign_id": "sign_A_1", "match_sign_id": "sign_B_3"}, {"sign_id": "sign_A_1", "match_sign_id": "sign_B_4"}, {"sign_id": "sign_A_2", "match_sign_id": "sign_B_2"}, {"sign_id": "sign_A_2", "match_sign_id": "sign_B_3"}, {"sign_id": "sign_A_2", "match_sign_id": "sign_B_4"}, {"sign_id": "sign_A_2", "match_sign_id": "sign_B_1"}, {"sign_id": "sign_A_3", "match_sign_id": "sign_B_3"}, {"sign_id": "sign_A_3", "match_sign_id": "sign_B_2"}, {"sign_id": "sign_A_3", "match_sign_id": "sign_B_4"}, {"sign_id": "sign_A_3", "match_sign_id": "sign_B_1"}, {"sign_id": "sign_A_4", "match_sign_id": "sign_B_4"}, {"sign_id": "sign_A_4", "match_sign_id": "sign_B_3"}, {"sign_id": "sign_A_4", "match_sign_id": "sign_B_2"}, {"sign_id": "sign_A_4", "match_sign_id": "sign_B_1"}]}