{"group": [{"pic_list": ["19593812121200001250", "19593812121200001251", "19593812121200001252", "19593812121200001253", "19593812121200001254", "19593812121200001255"], "seq_id": "A"}, {"pic_list": ["18558678091000011625", "18558678091000011626", "18558678091000011627", "18558678091000011628", "18558678091000011629", "18558678091000011630"], "seq_id": "B"}], "signs": [{"pic_id": "19593812121200001250", "x": 550, "y": 492, "w": 12, "h": 11, "type": "104", "sign_id": "sign_A_1"}, {"pic_id": "19593812121200001250", "x": 637, "y": 470, "w": 7, "h": 8, "type": "301", "sign_id": "sign_A_2"}, {"pic_id": "19593812121200001251", "x": 657, "y": 462, "w": 8, "h": 10, "type": "301", "sign_id": "sign_A_3"}, {"pic_id": "19593812121200001252", "x": 680, "y": 446, "w": 9, "h": 12, "type": "301", "sign_id": "sign_A_4"}, {"pic_id": "19593812121200001253", "x": 732, "y": 471, "w": 13, "h": 13, "type": "104", "sign_id": "sign_A_5"}, {"pic_id": "19593812121200001253", "x": 577, "y": 469, "w": 14, "h": 14, "type": "106", "sign_id": "sign_A_6"}, {"pic_id": "19593812121200001253", "x": 707, "y": 418, "w": 10, "h": 14, "type": "301", "sign_id": "sign_A_7"}, {"pic_id": "19593812121200001254", "x": 752, "y": 460, "w": 15, "h": 16, "type": "104", "sign_id": "sign_A_8"}, {"pic_id": "19593812121200001254", "x": 580, "y": 458, "w": 16, "h": 16, "type": "106", "sign_id": "sign_A_9"}, {"pic_id": "19593812121200001254", "x": 738, "y": 385, "w": 12, "h": 16, "type": "301", "sign_id": "sign_A_10"}, {"pic_id": "19593812121200001255", "x": 774, "y": 448, "w": 16, "h": 17, "type": "104", "sign_id": "sign_A_11"}, {"pic_id": "19593812121200001255", "x": 578, "y": 445, "w": 18, "h": 18, "type": "106", "sign_id": "sign_A_12"}, {"pic_id": "19593812121200001255", "x": 786, "y": 332, "w": 17, "h": 22, "type": "301", "sign_id": "sign_A_13"}, {"pic_id": "18558678091000011627", "x": 618, "y": 259, "w": 9, "h": 11, "type": "301", "sign_id": "sign_B_1"}, {"pic_id": "18558678091000011628", "x": 599, "y": 233, "w": 9, "h": 12, "type": "301", "sign_id": "sign_B_2"}, {"pic_id": "18558678091000011629", "x": 570, "y": 207, "w": 11, "h": 15, "type": "301", "sign_id": "sign_B_3"}, {"pic_id": "18558678091000011630", "x": 671, "y": 252, "w": 17, "h": 18, "type": "104", "sign_id": "sign_B_4"}, {"pic_id": "18558678091000011630", "x": 470, "y": 246, "w": 18, "h": 19, "type": "106", "sign_id": "sign_B_5"}, {"pic_id": "18558678091000011630", "x": 538, "y": 142, "w": 16, "h": 21, "type": "301", "sign_id": "sign_B_6"}], "match": [{"sign_id": "sign_A_1", "match_sign_id": "sign_B_4"}, {"sign_id": "sign_A_2", "match_sign_id": "sign_B_6"}, {"sign_id": "sign_A_2", "match_sign_id": "sign_B_3"}, {"sign_id": "sign_A_2", "match_sign_id": "sign_B_1"}, {"sign_id": "sign_A_2", "match_sign_id": "sign_B_2"}, {"sign_id": "sign_A_3", "match_sign_id": "sign_B_3"}, {"sign_id": "sign_A_3", "match_sign_id": "sign_B_6"}, {"sign_id": "sign_A_3", "match_sign_id": "sign_B_2"}, {"sign_id": "sign_A_3", "match_sign_id": "sign_B_1"}, {"sign_id": "sign_A_4", "match_sign_id": "sign_B_3"}, {"sign_id": "sign_A_4", "match_sign_id": "sign_B_6"}, {"sign_id": "sign_A_4", "match_sign_id": "sign_B_2"}, {"sign_id": "sign_A_4", "match_sign_id": "sign_B_1"}, {"sign_id": "sign_A_5", "match_sign_id": "sign_B_4"}, {"sign_id": "sign_A_6", "match_sign_id": "sign_B_5"}, {"sign_id": "sign_A_7", "match_sign_id": "sign_B_3"}, {"sign_id": "sign_A_7", "match_sign_id": "sign_B_6"}, {"sign_id": "sign_A_7", "match_sign_id": "sign_B_2"}, {"sign_id": "sign_A_7", "match_sign_id": "sign_B_1"}, {"sign_id": "sign_A_8", "match_sign_id": "sign_B_4"}, {"sign_id": "sign_A_9", "match_sign_id": "sign_B_5"}, {"sign_id": "sign_A_10", "match_sign_id": "sign_B_3"}, {"sign_id": "sign_A_10", "match_sign_id": "sign_B_6"}, {"sign_id": "sign_A_10", "match_sign_id": "sign_B_2"}, {"sign_id": "sign_A_10", "match_sign_id": "sign_B_1"}, {"sign_id": "sign_A_11", "match_sign_id": "sign_B_4"}, {"sign_id": "sign_A_12", "match_sign_id": "sign_B_5"}, {"sign_id": "sign_A_13", "match_sign_id": "sign_B_6"}, {"sign_id": "sign_A_13", "match_sign_id": "sign_B_3"}, {"sign_id": "sign_A_13", "match_sign_id": "sign_B_2"}, {"sign_id": "sign_A_13", "match_sign_id": "sign_B_1"}]}