{"group": [{"pic_list": ["20598977021600006056", "20598977021600006313", "20598977021600006314", "20598977021600006315", "20598977021600006316"], "seq_id": "A"}, {"pic_list": ["18559144101000037984", "18559144101000037985", "18559144101000037986", "18559144101000037987"], "seq_id": "B"}], "signs": [{"pic_id": "20598977021600006056", "x": 786, "y": 225, "w": 29, "h": 29, "type": "104", "sign_id": "sign_A_1"}, {"pic_id": "20598977021600006056", "x": 465, "y": 108, "w": 20, "h": 28, "type": "301", "sign_id": "sign_A_2"}, {"pic_id": "20598977021600006313", "x": 819, "y": 175, "w": 40, "h": 39, "type": "104", "sign_id": "sign_A_3"}, {"pic_id": "20598977021600006314", "x": 945, "y": 31, "w": 71, "h": 72, "type": "104", "sign_id": "sign_A_4"}, {"pic_id": "18559144101000037984", "x": 644, "y": 276, "w": 37, "h": 38, "type": "104", "sign_id": "sign_B_1"}, {"pic_id": "18559144101000037985", "x": 665, "y": 162, "w": 61, "h": 62, "type": "104", "sign_id": "sign_B_2"}, {"pic_id": "18559144101000037987", "x": 525, "y": 402, "w": 7, "h": 7, "type": "301", "sign_id": "sign_B_3"}], "match": [{"sign_id": "sign_A_1", "match_sign_id": "sign_B_2"}, {"sign_id": "sign_A_1", "match_sign_id": "sign_B_1"}, {"sign_id": "sign_A_3", "match_sign_id": "sign_B_2"}, {"sign_id": "sign_A_3", "match_sign_id": "sign_B_1"}, {"sign_id": "sign_A_4", "match_sign_id": "sign_B_2"}, {"sign_id": "sign_A_4", "match_sign_id": "sign_B_1"}]}