{"group": [{"pic_list": ["20599573040200017577", "20599573040200017578", "20599573040200017579", "20599573040200017580", "20599573040200017581", "20599573040200017582"], "seq_id": "A"}, {"pic_list": ["18557692071600034890", "18557692071600035306", "18557692071600035307", "18557692071600035236"], "seq_id": "B"}], "signs": [{"pic_id": "20599573040200017577", "x": 789, "y": 344, "w": 14, "h": 13, "type": "104", "sign_id": "sign_A_1"}, {"pic_id": "20599573040200017578", "x": 811, "y": 337, "w": 16, "h": 15, "type": "104", "sign_id": "sign_A_2"}, {"pic_id": "20599573040200017579", "x": 849, "y": 327, "w": 20, "h": 19, "type": "104", "sign_id": "sign_A_3"}, {"pic_id": "20599573040200017580", "x": 908, "y": 315, "w": 26, "h": 24, "type": "104", "sign_id": "sign_A_4"}, {"pic_id": "20599573040200017581", "x": 1024, "y": 290, "w": 36, "h": 33, "type": "104", "sign_id": "sign_A_5"}, {"pic_id": "20599573040200017582", "x": 419, "y": 256, "w": 8, "h": 10, "type": "301", "sign_id": "sign_A_6"}, {"pic_id": "18557692071600035307", "x": 1149, "y": 268, "w": 37, "h": 33, "type": "104", "sign_id": "sign_B_1"}, {"pic_id": "18557692071600035307", "x": 550, "y": 240, "w": 8, "h": 10, "type": "301", "sign_id": "sign_B_2"}, {"pic_id": "18557692071600035236", "x": 509, "y": 210, "w": 9, "h": 12, "type": "301", "sign_id": "sign_B_3"}], "match": [{"sign_id": "sign_A_1", "match_sign_id": "sign_B_1"}, {"sign_id": "sign_A_2", "match_sign_id": "sign_B_1"}, {"sign_id": "sign_A_3", "match_sign_id": "sign_B_1"}, {"sign_id": "sign_A_4", "match_sign_id": "sign_B_1"}, {"sign_id": "sign_A_5", "match_sign_id": "sign_B_1"}, {"sign_id": "sign_A_6", "match_sign_id": "sign_B_3"}, {"sign_id": "sign_A_6", "match_sign_id": "sign_B_2"}]}