{"group": [{"pic_list": ["19586382100100002332", "19586382100100002333", "19586382100100002334", "19586382100100002335", "19586382100100002336"], "seq_id": "A"}, {"pic_list": ["18557820071800022127", "18557820071800022128", "18557820071800022129", "18557820071800022130", "18557820071800022131", "18557820071800022132", "18557820071800022133", "18557820071800022134", "18557820071800022135", "18557820071800022136", "18557820071800022137", "18557820071800022138"], "seq_id": "B"}], "signs": [{"pic_id": "19586382100100002332", "x": 650, "y": 257, "w": 9, "h": 12, "type": "301", "sign_id": "sign_A_1"}, {"pic_id": "19586382100100002332", "x": 148, "y": 212, "w": 8, "h": 10, "type": "301", "sign_id": "sign_A_2"}, {"pic_id": "19586382100100002333", "x": 650, "y": 231, "w": 10, "h": 13, "type": "301", "sign_id": "sign_A_3"}, {"pic_id": "19586382100100002333", "x": 861, "y": 236, "w": 9, "h": 12, "type": "301", "sign_id": "sign_A_4"}, {"pic_id": "19586382100100002333", "x": 56, "y": 181, "w": 10, "h": 12, "type": "301", "sign_id": "sign_A_5"}, {"pic_id": "19586382100100002334", "x": 645, "y": 208, "w": 11, "h": 14, "type": "301", "sign_id": "sign_A_6"}, {"pic_id": "19586382100100002334", "x": 892, "y": 215, "w": 10, "h": 14, "type": "301", "sign_id": "sign_A_7"}, {"pic_id": "19586382100100002335", "x": 631, "y": 139, "w": 16, "h": 21, "type": "301", "sign_id": "sign_A_8"}, {"pic_id": "19586382100100002336", "x": 611, "y": 32, "w": 22, "h": 31, "type": "301", "sign_id": "sign_A_9"}, {"pic_id": "18557820071800022127", "x": 779, "y": 378, "w": 8, "h": 11, "type": "301", "sign_id": "sign_B_1"}, {"pic_id": "18557820071800022127", "x": 619, "y": 379, "w": 8, "h": 10, "type": "301", "sign_id": "sign_B_2"}, {"pic_id": "18557820071800022128", "x": 624, "y": 380, "w": 8, "h": 11, "type": "301", "sign_id": "sign_B_3"}, {"pic_id": "18557820071800022128", "x": 790, "y": 380, "w": 9, "h": 11, "type": "301", "sign_id": "sign_B_4"}, {"pic_id": "18557820071800022129", "x": 650, "y": 349, "w": 11, "h": 14, "type": "301", "sign_id": "sign_B_5"}, {"pic_id": "18557820071800022129", "x": 859, "y": 351, "w": 10, "h": 13, "type": "301", "sign_id": "sign_B_6"}, {"pic_id": "18557820071800022130", "x": 654, "y": 305, "w": 13, "h": 18, "type": "301", "sign_id": "sign_B_7"}, {"pic_id": "18557820071800022130", "x": 918, "y": 314, "w": 12, "h": 17, "type": "301", "sign_id": "sign_B_8"}, {"pic_id": "18557820071800022131", "x": 636, "y": 248, "w": 16, "h": 23, "type": "301", "sign_id": "sign_B_9"}, {"pic_id": "18557820071800022131", "x": 968, "y": 270, "w": 16, "h": 21, "type": "301", "sign_id": "sign_B_10"}, {"pic_id": "18557820071800022132", "x": 685, "y": 125, "w": 24, "h": 33, "type": "301", "sign_id": "sign_B_11"}, {"pic_id": "18557820071800022132", "x": 1152, "y": 178, "w": 21, "h": 26, "type": "301", "sign_id": "sign_B_12"}, {"pic_id": "18557820071800022136", "x": 220, "y": 395, "w": 7, "h": 9, "type": "301", "sign_id": "sign_B_13"}, {"pic_id": "18557820071800022136", "x": 415, "y": 396, "w": 7, "h": 9, "type": "301", "sign_id": "sign_B_14"}, {"pic_id": "18557820071800022137", "x": 188, "y": 384, "w": 9, "h": 10, "type": "301", "sign_id": "sign_B_15"}, {"pic_id": "18557820071800022137", "x": 408, "y": 386, "w": 7, "h": 9, "type": "301", "sign_id": "sign_B_16"}, {"pic_id": "18557820071800022138", "x": 132, "y": 371, "w": 9, "h": 11, "type": "301", "sign_id": "sign_B_17"}, {"pic_id": "18557820071800022138", "x": 387, "y": 374, "w": 9, "h": 12, "type": "301", "sign_id": "sign_B_18"}], "match": [{"sign_id": "sign_A_1", "match_sign_id": "sign_B_14"}, {"sign_id": "sign_A_1", "match_sign_id": "sign_B_17"}, {"sign_id": "sign_A_1", "match_sign_id": "sign_B_18"}, {"sign_id": "sign_A_1", "match_sign_id": "sign_B_15"}, {"sign_id": "sign_A_1", "match_sign_id": "sign_B_13"}, {"sign_id": "sign_A_1", "match_sign_id": "sign_B_3"}, {"sign_id": "sign_A_2", "match_sign_id": "sign_B_8"}, {"sign_id": "sign_A_2", "match_sign_id": "sign_B_6"}, {"sign_id": "sign_A_2", "match_sign_id": "sign_B_12"}, {"sign_id": "sign_A_2", "match_sign_id": "sign_B_2"}, {"sign_id": "sign_A_2", "match_sign_id": "sign_B_4"}, {"sign_id": "sign_A_3", "match_sign_id": "sign_B_17"}, {"sign_id": "sign_A_3", "match_sign_id": "sign_B_14"}, {"sign_id": "sign_A_3", "match_sign_id": "sign_B_18"}, {"sign_id": "sign_A_3", "match_sign_id": "sign_B_15"}, {"sign_id": "sign_A_3", "match_sign_id": "sign_B_7"}, {"sign_id": "sign_A_3", "match_sign_id": "sign_B_5"}, {"sign_id": "sign_A_4", "match_sign_id": "sign_B_8"}, {"sign_id": "sign_A_4", "match_sign_id": "sign_B_13"}, {"sign_id": "sign_A_4", "match_sign_id": "sign_B_2"}, {"sign_id": "sign_A_4", "match_sign_id": "sign_B_1"}, {"sign_id": "sign_A_5", "match_sign_id": "sign_B_12"}, {"sign_id": "sign_A_5", "match_sign_id": "sign_B_10"}, {"sign_id": "sign_A_6", "match_sign_id": "sign_B_17"}, {"sign_id": "sign_A_6", "match_sign_id": "sign_B_18"}, {"sign_id": "sign_A_6", "match_sign_id": "sign_B_5"}, {"sign_id": "sign_A_6", "match_sign_id": "sign_B_7"}, {"sign_id": "sign_A_6", "match_sign_id": "sign_B_3"}, {"sign_id": "sign_A_6", "match_sign_id": "sign_B_14"}, {"sign_id": "sign_A_7", "match_sign_id": "sign_B_8"}, {"sign_id": "sign_A_7", "match_sign_id": "sign_B_12"}, {"sign_id": "sign_A_7", "match_sign_id": "sign_B_2"}, {"sign_id": "sign_A_8", "match_sign_id": "sign_B_11"}, {"sign_id": "sign_A_8", "match_sign_id": "sign_B_7"}, {"sign_id": "sign_A_8", "match_sign_id": "sign_B_5"}, {"sign_id": "sign_A_8", "match_sign_id": "sign_B_9"}, {"sign_id": "sign_A_8", "match_sign_id": "sign_B_3"}, {"sign_id": "sign_A_8", "match_sign_id": "sign_B_17"}, {"sign_id": "sign_A_9", "match_sign_id": "sign_B_11"}, {"sign_id": "sign_A_9", "match_sign_id": "sign_B_7"}, {"sign_id": "sign_A_9", "match_sign_id": "sign_B_9"}, {"sign_id": "sign_A_9", "match_sign_id": "sign_B_5"}, {"sign_id": "sign_A_9", "match_sign_id": "sign_B_18"}, {"sign_id": "sign_A_9", "match_sign_id": "sign_B_3"}, {"sign_id": "sign_A_4", "match_sign_id": "sign_B_4"}, {"sign_id": "sign_A_4", "match_sign_id": "sign_B_6"}, {"sign_id": "sign_A_7", "match_sign_id": "sign_B_6"}, {"sign_id": "sign_A_6", "match_sign_id": "sign_B_11"}, {"sign_id": "sign_A_3", "match_sign_id": "sign_B_11"}, {"sign_id": "sign_A_6", "match_sign_id": "sign_B_13"}, {"sign_id": "sign_A_6", "match_sign_id": "sign_B_16"}]}