{"group": [{"pic_list": ["19567135031500001243", "19567135031500001244", "19567135031500000390", "19567135031500000391", "19567135031500000392", "19567135031500000393"], "seq_id": "A"}, {"pic_list": ["18558444082000014411", "18558444082000014412", "18558444082000014413", "18558444082000014414", "18558444082000014415", "18558444082000014416"], "seq_id": "B"}], "signs": [{"pic_id": "19567135031500001243", "x": 940, "y": 404, "w": 43, "h": 42, "type": "203", "sign_id": "sign_A_1"}, {"pic_id": "19567135031500001243", "x": 790, "y": 387, "w": 8, "h": 10, "type": "301", "sign_id": "sign_A_2"}, {"pic_id": "19567135031500001244", "x": 1031, "y": 385, "w": 53, "h": 52, "type": "203", "sign_id": "sign_A_3"}, {"pic_id": "19567135031500000390", "x": 869, "y": 360, "w": 9, "h": 12, "type": "301", "sign_id": "sign_A_4"}, {"pic_id": "19567135031500000392", "x": 981, "y": 276, "w": 15, "h": 20, "type": "301", "sign_id": "sign_A_5"}, {"pic_id": "19567135031500000393", "x": 1196, "y": 157, "w": 24, "h": 29, "type": "301", "sign_id": "sign_A_6"}, {"pic_id": "18558444082000014411", "x": 690, "y": 291, "w": 6, "h": 8, "type": "301", "sign_id": "sign_B_1"}, {"pic_id": "18558444082000014412", "x": 679, "y": 273, "w": 7, "h": 8, "type": "301", "sign_id": "sign_B_2"}, {"pic_id": "18558444082000014413", "x": 707, "y": 252, "w": 8, "h": 11, "type": "301", "sign_id": "sign_B_3"}, {"pic_id": "18558444082000014414", "x": 755, "y": 224, "w": 10, "h": 13, "type": "301", "sign_id": "sign_B_4"}, {"pic_id": "18558444082000014415", "x": 800, "y": 170, "w": 13, "h": 17, "type": "301", "sign_id": "sign_B_5"}, {"pic_id": "18558444082000014416", "x": 911, "y": 52, "w": 21, "h": 27, "type": "301", "sign_id": "sign_B_6"}], "match": [{"sign_id": "sign_A_1", "match_sign_id": " "}, {"sign_id": "sign_A_2", "match_sign_id": "sign_B_3"}, {"sign_id": "sign_A_2", "match_sign_id": "sign_B_1"}, {"sign_id": "sign_A_2", "match_sign_id": "sign_B_2"}, {"sign_id": "sign_A_2", "match_sign_id": "sign_B_5"}, {"sign_id": "sign_A_2", "match_sign_id": "sign_B_6"}, {"sign_id": "sign_A_2", "match_sign_id": "sign_B_4"}, {"sign_id": "sign_A_3", "match_sign_id": " "}, {"sign_id": "sign_A_4", "match_sign_id": "sign_B_3"}, {"sign_id": "sign_A_4", "match_sign_id": "sign_B_4"}, {"sign_id": "sign_A_4", "match_sign_id": "sign_B_5"}, {"sign_id": "sign_A_4", "match_sign_id": "sign_B_6"}, {"sign_id": "sign_A_4", "match_sign_id": "sign_B_1"}, {"sign_id": "sign_A_4", "match_sign_id": "sign_B_2"}, {"sign_id": "sign_A_5", "match_sign_id": "sign_B_6"}, {"sign_id": "sign_A_5", "match_sign_id": "sign_B_5"}, {"sign_id": "sign_A_5", "match_sign_id": "sign_B_4"}, {"sign_id": "sign_A_5", "match_sign_id": "sign_B_3"}, {"sign_id": "sign_A_5", "match_sign_id": "sign_B_2"}, {"sign_id": "sign_A_6", "match_sign_id": "sign_B_6"}, {"sign_id": "sign_A_6", "match_sign_id": "sign_B_4"}, {"sign_id": "sign_A_6", "match_sign_id": "sign_B_5"}, {"sign_id": "sign_A_6", "match_sign_id": "sign_B_3"}, {"sign_id": "sign_A_6", "match_sign_id": "sign_B_2"}]}