{"group": [{"pic_list": ["19591006111700007395", "19591006111700007396", "19591006111700007397", "19591006111700007398", "19591006111700007399", "19591006111700007400", "19591006111700007401", "19591006111700007402"], "seq_id": "A"}, {"pic_list": ["18553602011100017998", "18553602011100018222", "18553602011100018223", "18553602011100018224", "18553602011100018225", "18553602011100018226", "18553602011100018227"], "seq_id": "B"}], "signs": [{"pic_id": "19591006111700007395", "x": 734, "y": 257, "w": 6, "h": 8, "type": "301", "sign_id": "sign_A_1"}, {"pic_id": "19591006111700007395", "x": 747, "y": 302, "w": 5, "h": 6, "type": "301", "sign_id": "sign_A_2"}, {"pic_id": "19591006111700007396", "x": 752, "y": 246, "w": 6, "h": 8, "type": "301", "sign_id": "sign_A_3"}, {"pic_id": "19591006111700007397", "x": 743, "y": 231, "w": 7, "h": 9, "type": "301", "sign_id": "sign_A_4"}, {"pic_id": "19591006111700007397", "x": 755, "y": 292, "w": 6, "h": 6, "type": "301", "sign_id": "sign_A_5"}, {"pic_id": "19591006111700007398", "x": 745, "y": 211, "w": 8, "h": 10, "type": "301", "sign_id": "sign_A_6"}, {"pic_id": "19591006111700007398", "x": 755, "y": 285, "w": 7, "h": 7, "type": "301", "sign_id": "sign_A_7"}, {"pic_id": "19591006111700007398", "x": 300, "y": 295, "w": 6, "h": 7, "type": "301", "sign_id": "sign_A_8"}, {"pic_id": "19591006111700007399", "x": 772, "y": 180, "w": 10, "h": 12, "type": "301", "sign_id": "sign_A_9"}, {"pic_id": "19591006111700007399", "x": 242, "y": 287, "w": 7, "h": 8, "type": "301", "sign_id": "sign_A_10"}, {"pic_id": "19591006111700007399", "x": 778, "y": 273, "w": 7, "h": 8, "type": "301", "sign_id": "sign_A_11"}, {"pic_id": "19591006111700007400", "x": 827, "y": 126, "w": 11, "h": 16, "type": "301", "sign_id": "sign_A_12"}, {"pic_id": "19591006111700007400", "x": 820, "y": 256, "w": 9, "h": 10, "type": "301", "sign_id": "sign_A_13"}, {"pic_id": "19591006111700007400", "x": 160, "y": 274, "w": 10, "h": 9, "type": "301", "sign_id": "sign_A_14"}, {"pic_id": "19591006111700007400", "x": 842, "y": 252, "w": 10, "h": 10, "type": "301", "sign_id": "sign_A_15"}, {"pic_id": "19591006111700007401", "x": 887, "y": 228, "w": 11, "h": 12, "type": "301", "sign_id": "sign_A_16"}, {"pic_id": "19591006111700007401", "x": 29, "y": 254, "w": 11, "h": 12, "type": "301", "sign_id": "sign_A_17"}, {"pic_id": "19591006111700007401", "x": 927, "y": 22, "w": 18, "h": 25, "type": "301", "sign_id": "sign_A_18"}, {"pic_id": "19591006111700007401", "x": 919, "y": 222, "w": 11, "h": 11, "type": "301", "sign_id": "sign_A_19"}, {"pic_id": "19591006111700007402", "x": 1010, "y": 177, "w": 15, "h": 17, "type": "301", "sign_id": "sign_A_20"}, {"pic_id": "19591006111700007402", "x": 1066, "y": 164, "w": 15, "h": 16, "type": "301", "sign_id": "sign_A_21"}, {"pic_id": "18553602011100018223", "x": 742, "y": 373, "w": 6, "h": 6, "type": "301", "sign_id": "sign_B_1"}, {"pic_id": "18553602011100018224", "x": 258, "y": 364, "w": 6, "h": 7, "type": "301", "sign_id": "sign_B_2"}, {"pic_id": "18553602011100018225", "x": 833, "y": 336, "w": 9, "h": 10, "type": "301", "sign_id": "sign_B_3"}, {"pic_id": "18553602011100018225", "x": 155, "y": 349, "w": 8, "h": 9, "type": "301", "sign_id": "sign_B_4"}, {"pic_id": "18553602011100018225", "x": 857, "y": 334, "w": 8, "h": 9, "type": "301", "sign_id": "sign_B_5"}, {"pic_id": "18553602011100018226", "x": 984, "y": 283, "w": 12, "h": 14, "type": "301", "sign_id": "sign_B_6"}, {"pic_id": "18553602011100018226", "x": 944, "y": 291, "w": 12, "h": 14, "type": "301", "sign_id": "sign_B_7"}, {"pic_id": "18553602011100018227", "x": 1209, "y": 181, "w": 22, "h": 24, "type": "301", "sign_id": "sign_B_8"}], "match": [{"sign_id": "sign_A_2", "match_sign_id": "sign_B_1"}, {"sign_id": "sign_A_2", "match_sign_id": "sign_B_2"}, {"sign_id": "sign_A_3", "match_sign_id": "sign_B_2"}, {"sign_id": "sign_A_4", "match_sign_id": " "}, {"sign_id": "sign_A_5", "match_sign_id": "sign_B_1"}, {"sign_id": "sign_A_5", "match_sign_id": "sign_B_2"}, {"sign_id": "sign_A_6", "match_sign_id": " "}, {"sign_id": "sign_A_7", "match_sign_id": " "}, {"sign_id": "sign_A_8", "match_sign_id": " "}, {"sign_id": "sign_A_9", "match_sign_id": " "}, {"sign_id": "sign_A_10", "match_sign_id": "sign_B_1"}, {"sign_id": "sign_A_11", "match_sign_id": " "}, {"sign_id": "sign_A_12", "match_sign_id": "sign_B_7"}, {"sign_id": "sign_A_13", "match_sign_id": " "}, {"sign_id": "sign_A_14", "match_sign_id": "sign_B_1"}, {"sign_id": "sign_A_15", "match_sign_id": "sign_B_8"}, {"sign_id": "sign_A_15", "match_sign_id": "sign_B_5"}, {"sign_id": "sign_A_15", "match_sign_id": "sign_B_6"}, {"sign_id": "sign_A_16", "match_sign_id": " "}, {"sign_id": "sign_A_17", "match_sign_id": "sign_B_8"}, {"sign_id": "sign_A_17", "match_sign_id": "sign_B_1"}, {"sign_id": "sign_A_19", "match_sign_id": "sign_B_6"}, {"sign_id": "sign_A_20", "match_sign_id": "sign_B_8"}, {"sign_id": "sign_A_21", "match_sign_id": "sign_B_8"}, {"sign_id": "sign_A_11", "match_sign_id": "sign_B_1"}, {"sign_id": "sign_A_20", "match_sign_id": "sign_B_1"}, {"sign_id": "sign_A_7", "match_sign_id": "sign_B_1"}, {"sign_id": "sign_A_8", "match_sign_id": "sign_B_1"}, {"sign_id": "sign_A_7", "match_sign_id": "sign_B_2"}, {"sign_id": "sign_A_8", "match_sign_id": "sign_B_2"}, {"sign_id": "sign_A_11", "match_sign_id": "sign_B_2"}, {"sign_id": "sign_A_16", "match_sign_id": "sign_B_2"}, {"sign_id": "sign_A_10", "match_sign_id": "sign_B_2"}, {"sign_id": "sign_A_11", "match_sign_id": "sign_B_3"}, {"sign_id": "sign_A_10", "match_sign_id": "sign_B_4"}, {"sign_id": "sign_A_17", "match_sign_id": "sign_B_4"}, {"sign_id": "sign_A_14", "match_sign_id": "sign_B_4"}, {"sign_id": "sign_A_2", "match_sign_id": "sign_B_4"}, {"sign_id": "sign_A_5", "match_sign_id": "sign_B_4"}, {"sign_id": "sign_A_7", "match_sign_id": "sign_B_4"}, {"sign_id": "sign_A_19", "match_sign_id": "sign_B_5"}, {"sign_id": "sign_A_21", "match_sign_id": "sign_B_5"}, {"sign_id": "sign_A_21", "match_sign_id": "sign_B_6"}, {"sign_id": "sign_A_11", "match_sign_id": "sign_B_6"}, {"sign_id": "sign_A_20", "match_sign_id": "sign_B_7"}, {"sign_id": "sign_A_16", "match_sign_id": "sign_B_7"}, {"sign_id": "sign_A_7", "match_sign_id": "sign_B_7"}, {"sign_id": "sign_A_11", "match_sign_id": "sign_B_7"}, {"sign_id": "sign_A_17", "match_sign_id": "sign_B_7"}, {"sign_id": "sign_A_10", "match_sign_id": "sign_B_7"}, {"sign_id": "sign_A_14", "match_sign_id": "sign_B_8"}, {"sign_id": "sign_A_11", "match_sign_id": "sign_B_8"}, {"sign_id": "sign_A_16", "match_sign_id": "sign_B_8"}]}