{"group": [{"pic_list": ["19590255110900006571", "19590255110900006572", "19590255110900006573", "19590255110900006574", "19590255110900006575", "19590255110900006576", "19590255110900006577", "19590255110900006578"], "seq_id": "A"}, {"pic_list": ["18553562010900035885", "18553562010900035886", "18553562010900035887", "18553562010900035888", "18553562010900035889", "18553562010900035890", "18553562010900035891", "18553562010900035892", "18553562010900035893", "18553562010900035894", "18553562010900035895"], "seq_id": "B"}], "signs": [{"pic_id": "19590255110900006571", "x": 243, "y": 315, "w": 10, "h": 11, "type": "301", "sign_id": "sign_A_1"}, {"pic_id": "19590255110900006572", "x": 381, "y": 301, "w": 11, "h": 12, "type": "301", "sign_id": "sign_A_2"}, {"pic_id": "19590255110900006572", "x": 295, "y": 301, "w": 9, "h": 10, "type": "301", "sign_id": "sign_A_3"}, {"pic_id": "19590255110900006573", "x": 325, "y": 270, "w": 14, "h": 15, "type": "301", "sign_id": "sign_A_4"}, {"pic_id": "19590255110900006573", "x": 210, "y": 269, "w": 15, "h": 15, "type": "301", "sign_id": "sign_A_5"}, {"pic_id": "19590255110900006574", "x": 177, "y": 220, "w": 20, "h": 22, "type": "301", "sign_id": "sign_A_6"}, {"pic_id": "19590255110900006574", "x": 8, "y": 220, "w": 21, "h": 21, "type": "301", "sign_id": "sign_A_7"}, {"pic_id": "19590255110900006577", "x": 728, "y": 335, "w": 7, "h": 8, "type": "301", "sign_id": "sign_A_8"}, {"pic_id": "18553562010900035886", "x": 686, "y": 355, "w": 8, "h": 10, "type": "301", "sign_id": "sign_B_1"}, {"pic_id": "18553562010900035886", "x": 616, "y": 352, "w": 10, "h": 11, "type": "301", "sign_id": "sign_B_2"}, {"pic_id": "18553562010900035887", "x": 388, "y": 333, "w": 11, "h": 13, "type": "301", "sign_id": "sign_B_3"}, {"pic_id": "18553562010900035887", "x": 296, "y": 331, "w": 8, "h": 10, "type": "301", "sign_id": "sign_B_4"}, {"pic_id": "18553562010900035888", "x": 298, "y": 307, "w": 13, "h": 16, "type": "301", "sign_id": "sign_B_5"}, {"pic_id": "18553562010900035888", "x": 177, "y": 306, "w": 13, "h": 14, "type": "301", "sign_id": "sign_B_6"}, {"pic_id": "18553562010900035889", "x": 27, "y": 267, "w": 20, "h": 21, "type": "301", "sign_id": "sign_B_7"}, {"pic_id": "18553562010900035889", "x": 189, "y": 270, "w": 19, "h": 20, "type": "301", "sign_id": "sign_B_8"}, {"pic_id": "18553562010900035893", "x": 681, "y": 379, "w": 7, "h": 7, "type": "301", "sign_id": "sign_B_9"}, {"pic_id": "18553562010900035895", "x": 735, "y": 362, "w": 8, "h": 9, "type": "301", "sign_id": "sign_B_10"}], "match": [{"sign_id": "sign_A_1", "match_sign_id": "sign_B_7"}, {"sign_id": "sign_A_1", "match_sign_id": "sign_B_5"}, {"sign_id": "sign_A_1", "match_sign_id": "sign_B_1"}, {"sign_id": "sign_A_1", "match_sign_id": "sign_B_6"}, {"sign_id": "sign_A_2", "match_sign_id": "sign_B_7"}, {"sign_id": "sign_A_2", "match_sign_id": "sign_B_5"}, {"sign_id": "sign_A_2", "match_sign_id": "sign_B_1"}, {"sign_id": "sign_A_2", "match_sign_id": "sign_B_8"}, {"sign_id": "sign_A_3", "match_sign_id": "sign_B_6"}, {"sign_id": "sign_A_3", "match_sign_id": "sign_B_1"}, {"sign_id": "sign_A_3", "match_sign_id": "sign_B_4"}, {"sign_id": "sign_A_4", "match_sign_id": "sign_B_5"}, {"sign_id": "sign_A_4", "match_sign_id": "sign_B_8"}, {"sign_id": "sign_A_4", "match_sign_id": "sign_B_1"}, {"sign_id": "sign_A_5", "match_sign_id": "sign_B_7"}, {"sign_id": "sign_A_5", "match_sign_id": "sign_B_1"}, {"sign_id": "sign_A_5", "match_sign_id": "sign_B_6"}, {"sign_id": "sign_A_6", "match_sign_id": "sign_B_8"}, {"sign_id": "sign_A_6", "match_sign_id": "sign_B_5"}, {"sign_id": "sign_A_6", "match_sign_id": "sign_B_1"}, {"sign_id": "sign_A_7", "match_sign_id": "sign_B_7"}, {"sign_id": "sign_A_7", "match_sign_id": "sign_B_6"}, {"sign_id": "sign_A_7", "match_sign_id": "sign_B_1"}, {"sign_id": "sign_A_8", "match_sign_id": "sign_B_9"}, {"sign_id": "sign_A_8", "match_sign_id": "sign_B_1"}, {"sign_id": "sign_A_8", "match_sign_id": "sign_B_6"}, {"sign_id": "sign_A_8", "match_sign_id": "sign_B_7"}, {"sign_id": "sign_A_2", "match_sign_id": "sign_B_3"}, {"sign_id": "sign_A_5", "match_sign_id": "sign_B_3"}, {"sign_id": "sign_A_1", "match_sign_id": "sign_B_9"}, {"sign_id": "sign_A_2", "match_sign_id": "sign_B_9"}, {"sign_id": "sign_A_5", "match_sign_id": "sign_B_9"}, {"sign_id": "sign_A_4", "match_sign_id": "sign_B_9"}, {"sign_id": "sign_A_3", "match_sign_id": "sign_B_10"}, {"sign_id": "sign_A_2", "match_sign_id": "sign_B_10"}, {"sign_id": "sign_A_8", "match_sign_id": "sign_B_10"}, {"sign_id": "sign_A_1", "match_sign_id": "sign_B_10"}]}