{"group": [{"pic_list": ["19590255110900009677", "19590255110900009678", "19590255110900009679", "19590255110900009680", "19590255110900009681", "19590255110900009682", "19590255110900009683"], "seq_id": "A"}, {"pic_list": ["18553536010900011220", "18553536010900011221", "18553536010900011222", "18553536010900011223", "18553536010900011224"], "seq_id": "B"}], "signs": [{"pic_id": "19590255110900009677", "x": 1168, "y": 214, "w": 26, "h": 24, "type": "301", "sign_id": "sign_A_1"}, {"pic_id": "19590255110900009678", "x": 43, "y": 370, "w": 7, "h": 7, "type": "301", "sign_id": "sign_A_2"}, {"pic_id": "19590255110900009678", "x": 81, "y": 372, "w": 6, "h": 7, "type": "301", "sign_id": "sign_A_3"}, {"pic_id": "19590255110900009682", "x": 20, "y": 344, "w": 9, "h": 10, "type": "301", "sign_id": "sign_A_4"}, {"pic_id": "19590255110900009683", "x": 411, "y": 350, "w": 8, "h": 9, "type": "301", "sign_id": "sign_A_5"}, {"pic_id": "19590255110900009683", "x": 340, "y": 348, "w": 9, "h": 10, "type": "301", "sign_id": "sign_A_6"}], "match": [{"sign_id": "sign_A_1", "match_sign_id": " "}, {"sign_id": "sign_A_2", "match_sign_id": " "}, {"sign_id": "sign_A_3", "match_sign_id": " "}, {"sign_id": "sign_A_4", "match_sign_id": " "}, {"sign_id": "sign_A_5", "match_sign_id": " "}, {"sign_id": "sign_A_6", "match_sign_id": " "}]}