{"group": [{"pic_list": ["19591682112600005159", "19591682112600005160", "19591682112600005161"], "seq_id": "A"}, {"pic_list": ["18553408010500041642"], "seq_id": "B"}], "signs": [{"pic_id": "19591682112600005161", "x": 1169, "y": 285, "w": 11, "h": 12, "type": "301", "sign_id": "sign_A_1"}, {"pic_id": "19591682112600005161", "x": 1142, "y": 288, "w": 10, "h": 11, "type": "301", "sign_id": "sign_A_2"}], "match": [{"sign_id": "sign_A_1", "match_sign_id": " "}, {"sign_id": "sign_A_2", "match_sign_id": " "}]}