{"group": [{"pic_list": ["19597250122900004622", "19597250122900004787", "19597250122900004788", "19597250122900004789", "19597250122900004790", "19597250122900004791"], "seq_id": "A"}, {"pic_list": ["18559190101700003161", "18559190101700003162", "18559190101700003163", "18559190101700003164"], "seq_id": "B"}], "signs": [{"pic_id": "19597250122900004622", "x": 310, "y": 367, "w": 7, "h": 10, "type": "301", "sign_id": "sign_A_1"}, {"pic_id": "19597250122900004787", "x": 236, "y": 345, "w": 8, "h": 11, "type": "301", "sign_id": "sign_A_2"}, {"pic_id": "19597250122900004788", "x": 130, "y": 306, "w": 11, "h": 13, "type": "301", "sign_id": "sign_A_3"}, {"pic_id": "19597250122900004790", "x": 955, "y": 396, "w": 12, "h": 13, "type": "301", "sign_id": "sign_A_4"}, {"pic_id": "19597250122900004791", "x": 1054, "y": 369, "w": 19, "h": 18, "type": "301", "sign_id": "sign_A_5"}, {"pic_id": "19597250122900004791", "x": 1023, "y": 393, "w": 17, "h": 19, "type": "301", "sign_id": "sign_A_6"}, {"pic_id": "18559190101700003164", "x": 1109, "y": 427, "w": 17, "h": 17, "type": "301", "sign_id": "sign_B_1"}], "match": [{"sign_id": "sign_A_1", "match_sign_id": "sign_B_1"}, {"sign_id": "sign_A_2", "match_sign_id": "sign_B_1"}, {"sign_id": "sign_A_3", "match_sign_id": "sign_B_1"}, {"sign_id": "sign_A_4", "match_sign_id": "sign_B_1"}, {"sign_id": "sign_A_5", "match_sign_id": "sign_B_1"}, {"sign_id": "sign_A_6", "match_sign_id": "sign_B_1"}]}