{"group": [{"pic_list": ["19591717112600007921", "19591717112600007922", "19591717112600007923", "19591717112600007924", "19591717112600007925", "19591717112600007926"], "seq_id": "A"}, {"pic_list": ["18553618011200002865", "18553618011200002866", "18553618011200002867", "18553618011200002868"], "seq_id": "B"}], "signs": [{"pic_id": "19591717112600007921", "x": 911, "y": 311, "w": 8, "h": 9, "type": "301", "sign_id": "sign_A_1"}, {"pic_id": "19591717112600007921", "x": 921, "y": 308, "w": 8, "h": 8, "type": "301", "sign_id": "sign_A_2"}, {"pic_id": "19591717112600007922", "x": 1008, "y": 279, "w": 12, "h": 12, "type": "301", "sign_id": "sign_A_3"}, {"pic_id": "19591717112600007922", "x": 988, "y": 285, "w": 12, "h": 13, "type": "301", "sign_id": "sign_A_4"}, {"pic_id": "19591717112600007922", "x": 315, "y": 362, "w": 6, "h": 6, "type": "301", "sign_id": "sign_A_5"}, {"pic_id": "19591717112600007923", "x": 1182, "y": 226, "w": 18, "h": 19, "type": "301", "sign_id": "sign_A_6"}, {"pic_id": "19591717112600007923", "x": 1226, "y": 212, "w": 17, "h": 19, "type": "301", "sign_id": "sign_A_7"}, {"pic_id": "19591717112600007923", "x": 291, "y": 360, "w": 5, "h": 6, "type": "301", "sign_id": "sign_A_8"}, {"pic_id": "19591717112600007924", "x": 857, "y": 365, "w": 15, "h": 15, "type": "104", "sign_id": "sign_A_9"}, {"pic_id": "19591717112600007924", "x": 300, "y": 355, "w": 6, "h": 6, "type": "301", "sign_id": "sign_A_10"}, {"pic_id": "19591717112600007924", "x": 292, "y": 354, "w": 6, "h": 6, "type": "301", "sign_id": "sign_A_11"}, {"pic_id": "19591717112600007925", "x": 925, "y": 359, "w": 18, "h": 18, "type": "104", "sign_id": "sign_A_12"}, {"pic_id": "19591717112600007925", "x": 269, "y": 344, "w": 6, "h": 7, "type": "301", "sign_id": "sign_A_13"}, {"pic_id": "19591717112600007926", "x": 977, "y": 352, "w": 22, "h": 21, "type": "104", "sign_id": "sign_A_14"}, {"pic_id": "19591717112600007926", "x": 169, "y": 325, "w": 7, "h": 8, "type": "301", "sign_id": "sign_A_15"}, {"pic_id": "18553618011200002866", "x": 1211, "y": 254, "w": 20, "h": 24, "type": "301", "sign_id": "sign_B_1"}], "match": [{"sign_id": "sign_A_1", "match_sign_id": "sign_B_1"}, {"sign_id": "sign_A_2", "match_sign_id": " "}, {"sign_id": "sign_A_3", "match_sign_id": "sign_B_1"}, {"sign_id": "sign_A_4", "match_sign_id": "sign_B_1"}, {"sign_id": "sign_A_5", "match_sign_id": " "}, {"sign_id": "sign_A_6", "match_sign_id": "sign_B_1"}, {"sign_id": "sign_A_7", "match_sign_id": "sign_B_1"}, {"sign_id": "sign_A_8", "match_sign_id": " "}, {"sign_id": "sign_A_9", "match_sign_id": " "}, {"sign_id": "sign_A_10", "match_sign_id": " "}, {"sign_id": "sign_A_11", "match_sign_id": " "}, {"sign_id": "sign_A_12", "match_sign_id": " "}, {"sign_id": "sign_A_13", "match_sign_id": " "}, {"sign_id": "sign_A_14", "match_sign_id": " "}, {"sign_id": "sign_A_15", "match_sign_id": " "}, {"sign_id": "sign_A_15", "match_sign_id": "sign_B_1"}, {"sign_id": "sign_A_13", "match_sign_id": "sign_B_1"}, {"sign_id": "sign_A_11", "match_sign_id": "sign_B_1"}]}