{"group": [{"pic_list": ["19583515090700002842", "19583515090700002917", "19583515090700002918", "19583515090700002919", "19583515090700002920", "19583515090700002921", "19583515090700002922", "19583515090700002923"], "seq_id": "A"}, {"pic_list": ["18553698011800048943", "18553698011800048944", "18553698011800048945", "18553698011800048946", "18553698011800048947", "18553698011800048948", "18553698011800048949", "18553698011800048950", "18553698011800048951"], "seq_id": "B"}], "signs": [{"pic_id": "19583515090700002917", "x": 159, "y": 554, "w": 9, "h": 12, "type": "301", "sign_id": "sign_A_1"}, {"pic_id": "19583515090700002918", "x": 101, "y": 538, "w": 9, "h": 13, "type": "301", "sign_id": "sign_A_2"}, {"pic_id": "19583515090700002918", "x": 342, "y": 507, "w": 8, "h": 10, "type": "301", "sign_id": "sign_A_3"}, {"pic_id": "19583515090700002918", "x": 84, "y": 535, "w": 10, "h": 12, "type": "301", "sign_id": "sign_A_4"}, {"pic_id": "19583515090700002918", "x": 877, "y": 567, "w": 8, "h": 10, "type": "301", "sign_id": "sign_A_5"}, {"pic_id": "19583515090700002919", "x": 928, "y": 553, "w": 9, "h": 10, "type": "301", "sign_id": "sign_A_6"}, {"pic_id": "19583515090700002920", "x": 975, "y": 552, "w": 9, "h": 10, "type": "301", "sign_id": "sign_A_7"}, {"pic_id": "19583515090700002921", "x": 1019, "y": 530, "w": 11, "h": 12, "type": "301", "sign_id": "sign_A_8"}, {"pic_id": "19583515090700002921", "x": 206, "y": 446, "w": 10, "h": 12, "type": "301", "sign_id": "sign_A_9"}, {"pic_id": "19583515090700002922", "x": 1079, "y": 519, "w": 10, "h": 13, "type": "301", "sign_id": "sign_A_10"}, {"pic_id": "19583515090700002922", "x": 1821, "y": 524, "w": 19, "h": 22, "type": "301", "sign_id": "sign_A_11"}, {"pic_id": "19583515090700002922", "x": 87, "y": 406, "w": 12, "h": 15, "type": "301", "sign_id": "sign_A_12"}, {"pic_id": "19583515090700002923", "x": 1156, "y": 461, "w": 16, "h": 19, "type": "301", "sign_id": "sign_A_13"}, {"pic_id": "19583515090700002923", "x": 1173, "y": 453, "w": 16, "h": 17, "type": "301", "sign_id": "sign_A_14"}, {"pic_id": "18553698011800048945", "x": 177, "y": 380, "w": 7, "h": 8, "type": "301", "sign_id": "sign_B_1"}, {"pic_id": "18553698011800048946", "x": 86, "y": 364, "w": 8, "h": 9, "type": "301", "sign_id": "sign_B_2"}, {"pic_id": "18553698011800048946", "x": 340, "y": 358, "w": 7, "h": 8, "type": "301", "sign_id": "sign_B_3"}, {"pic_id": "18553698011800048946", "x": 67, "y": 361, "w": 8, "h": 8, "type": "301", "sign_id": "sign_B_4"}, {"pic_id": "18553698011800048947", "x": 303, "y": 345, "w": 7, "h": 8, "type": "301", "sign_id": "sign_B_5"}, {"pic_id": "18553698011800048948", "x": 265, "y": 331, "w": 7, "h": 9, "type": "301", "sign_id": "sign_B_6"}, {"pic_id": "18553698011800048948", "x": 741, "y": 390, "w": 8, "h": 9, "type": "301", "sign_id": "sign_B_7"}, {"pic_id": "18553698011800048949", "x": 230, "y": 320, "w": 8, "h": 10, "type": "301", "sign_id": "sign_B_8"}, {"pic_id": "18553698011800048949", "x": 1143, "y": 399, "w": 11, "h": 15, "type": "301", "sign_id": "sign_B_9"}, {"pic_id": "18553698011800048950", "x": 172, "y": 301, "w": 8, "h": 9, "type": "301", "sign_id": "sign_B_10"}, {"pic_id": "18553698011800048950", "x": 1261, "y": 384, "w": 15, "h": 19, "type": "301", "sign_id": "sign_B_11"}, {"pic_id": "18553698011800048950", "x": 781, "y": 372, "w": 7, "h": 8, "type": "301", "sign_id": "sign_B_12"}, {"pic_id": "18553698011800048951", "x": 824, "y": 352, "w": 10, "h": 10, "type": "301", "sign_id": "sign_B_13"}, {"pic_id": "18553698011800048951", "x": 833, "y": 349, "w": 9, "h": 9, "type": "301", "sign_id": "sign_B_14"}], "match": [{"sign_id": "sign_A_1", "match_sign_id": " "}, {"sign_id": "sign_A_2", "match_sign_id": "sign_B_1"}, {"sign_id": "sign_A_2", "match_sign_id": "sign_B_2"}, {"sign_id": "sign_A_3", "match_sign_id": "sign_B_6"}, {"sign_id": "sign_A_3", "match_sign_id": "sign_B_8"}, {"sign_id": "sign_A_3", "match_sign_id": "sign_B_5"}, {"sign_id": "sign_A_3", "match_sign_id": "sign_B_10"}, {"sign_id": "sign_A_3", "match_sign_id": "sign_B_3"}, {"sign_id": "sign_A_5", "match_sign_id": "sign_B_3"}, {"sign_id": "sign_A_5", "match_sign_id": "sign_B_7"}, {"sign_id": "sign_A_5", "match_sign_id": "sign_B_13"}, {"sign_id": "sign_A_6", "match_sign_id": "sign_B_13"}, {"sign_id": "sign_A_6", "match_sign_id": "sign_B_7"}, {"sign_id": "sign_A_6", "match_sign_id": "sign_B_3"}, {"sign_id": "sign_A_7", "match_sign_id": "sign_B_13"}, {"sign_id": "sign_A_7", "match_sign_id": "sign_B_7"}, {"sign_id": "sign_A_8", "match_sign_id": "sign_B_13"}, {"sign_id": "sign_A_8", "match_sign_id": "sign_B_12"}, {"sign_id": "sign_A_9", "match_sign_id": "sign_B_8"}, {"sign_id": "sign_A_9", "match_sign_id": "sign_B_10"}, {"sign_id": "sign_A_9", "match_sign_id": "sign_B_5"}, {"sign_id": "sign_A_9", "match_sign_id": "sign_B_6"}, {"sign_id": "sign_A_9", "match_sign_id": "sign_B_3"}, {"sign_id": "sign_A_10", "match_sign_id": "sign_B_13"}, {"sign_id": "sign_A_10", "match_sign_id": "sign_B_14"}, {"sign_id": "sign_A_11", "match_sign_id": "sign_B_11"}, {"sign_id": "sign_A_11", "match_sign_id": "sign_B_9"}, {"sign_id": "sign_A_12", "match_sign_id": "sign_B_8"}, {"sign_id": "sign_A_12", "match_sign_id": "sign_B_6"}, {"sign_id": "sign_A_12", "match_sign_id": "sign_B_5"}, {"sign_id": "sign_A_13", "match_sign_id": "sign_B_13"}, {"sign_id": "sign_A_14", "match_sign_id": "sign_B_14"}, {"sign_id": "sign_A_14", "match_sign_id": "sign_B_12"}, {"sign_id": "sign_A_5", "match_sign_id": "sign_B_4"}, {"sign_id": "sign_A_6", "match_sign_id": "sign_B_4"}, {"sign_id": "sign_A_10", "match_sign_id": "sign_B_4"}, {"sign_id": "sign_A_12", "match_sign_id": "sign_B_10"}]}