{"group": [{"pic_list": ["20599524032400005776", "20599524032400006073", "20599524032400006074", "20599524032400006075"], "seq_id": "A"}, {"pic_list": ["18559429102500010471", "18559429102500010472", "18559429102500010473", "18559429102500010474"], "seq_id": "B"}], "signs": [{"pic_id": "20599524032400005776", "x": 588, "y": 390, "w": 15, "h": 16, "type": "105", "sign_id": "sign_A_1"}, {"pic_id": "20599524032400006073", "x": 820, "y": 352, "w": 20, "h": 22, "type": "105", "sign_id": "sign_A_2"}, {"pic_id": "20599524032400006074", "x": 1205, "y": 249, "w": 36, "h": 37, "type": "105", "sign_id": "sign_A_3"}, {"pic_id": "18559429102500010471", "x": 1038, "y": 278, "w": 24, "h": 24, "type": "105", "sign_id": "sign_B_1"}, {"pic_id": "18559429102500010472", "x": 1174, "y": 246, "w": 34, "h": 33, "type": "105", "sign_id": "sign_B_2"}], "match": [{"sign_id": "sign_A_1", "match_sign_id": "sign_B_1"}, {"sign_id": "sign_A_1", "match_sign_id": "sign_B_2"}, {"sign_id": "sign_A_2", "match_sign_id": "sign_B_1"}, {"sign_id": "sign_A_2", "match_sign_id": "sign_B_2"}, {"sign_id": "sign_A_3", "match_sign_id": "sign_B_2"}, {"sign_id": "sign_A_3", "match_sign_id": "sign_B_1"}]}