{"group": [{"pic_list": ["20599161022800010350", "20599161022800010351", "20599161022800010352", "20599161022800010353", "20599161022800010354", "20599161022800010355", "20599161022800010356", "20599161022800010357"], "seq_id": "A"}, {"pic_list": ["19591540112300011845", "19591540112300011846", "19591540112300011847", "19591540112300011848", "19591540112300011849", "19591540112300011850"], "seq_id": "B"}], "signs": [{"pic_id": "20599161022800010350", "x": 978, "y": 400, "w": 25, "h": 26, "type": "108", "sign_id": "sign_A_1"}, {"pic_id": "20599161022800010352", "x": 1092, "y": 367, "w": 38, "h": 39, "type": "108", "sign_id": "sign_A_2"}, {"pic_id": "20599161022800010353", "x": 1193, "y": 328, "w": 48, "h": 49, "type": "108", "sign_id": "sign_A_3"}, {"pic_id": "20599161022800010354", "x": 1362, "y": 276, "w": 62, "h": 67, "type": "108", "sign_id": "sign_A_4"}, {"pic_id": "20599161022800010354", "x": 1236, "y": 43, "w": 13, "h": 18, "type": "301", "sign_id": "sign_A_5"}, {"pic_id": "20599161022800010355", "x": 1735, "y": 153, "w": 79, "h": 102, "type": "108", "sign_id": "sign_A_6"}, {"pic_id": "19591540112300011845", "x": 644, "y": 393, "w": 15, "h": 15, "type": "108", "sign_id": "sign_B_1"}, {"pic_id": "19591540112300011845", "x": 636, "y": 320, "w": 5, "h": 7, "type": "301", "sign_id": "sign_B_2"}, {"pic_id": "19591540112300011846", "x": 660, "y": 383, "w": 19, "h": 20, "type": "108", "sign_id": "sign_B_3"}, {"pic_id": "19591540112300011846", "x": 650, "y": 299, "w": 5, "h": 7, "type": "301", "sign_id": "sign_B_4"}, {"pic_id": "19591540112300011847", "x": 688, "y": 366, "w": 25, "h": 25, "type": "108", "sign_id": "sign_B_5"}, {"pic_id": "19591540112300011847", "x": 674, "y": 266, "w": 6, "h": 8, "type": "301", "sign_id": "sign_B_6"}, {"pic_id": "19591540112300011848", "x": 761, "y": 335, "w": 35, "h": 33, "type": "108", "sign_id": "sign_B_7"}, {"pic_id": "19591540112300011848", "x": 732, "y": 210, "w": 8, "h": 10, "type": "301", "sign_id": "sign_B_8"}, {"pic_id": "19591540112300011849", "x": 945, "y": 259, "w": 57, "h": 55, "type": "108", "sign_id": "sign_B_9"}, {"pic_id": "19591540112300011849", "x": 861, "y": 99, "w": 10, "h": 14, "type": "301", "sign_id": "sign_B_10"}], "match": [{"sign_id": "sign_A_1", "match_sign_id": "sign_B_7"}, {"sign_id": "sign_A_1", "match_sign_id": "sign_B_5"}, {"sign_id": "sign_A_1", "match_sign_id": "sign_B_3"}, {"sign_id": "sign_A_1", "match_sign_id": "sign_B_1"}, {"sign_id": "sign_A_1", "match_sign_id": "sign_B_9"}, {"sign_id": "sign_A_2", "match_sign_id": "sign_B_7"}, {"sign_id": "sign_A_2", "match_sign_id": "sign_B_5"}, {"sign_id": "sign_A_2", "match_sign_id": "sign_B_9"}, {"sign_id": "sign_A_2", "match_sign_id": "sign_B_3"}, {"sign_id": "sign_A_2", "match_sign_id": "sign_B_1"}, {"sign_id": "sign_A_3", "match_sign_id": "sign_B_7"}, {"sign_id": "sign_A_3", "match_sign_id": "sign_B_5"}, {"sign_id": "sign_A_3", "match_sign_id": "sign_B_9"}, {"sign_id": "sign_A_3", "match_sign_id": "sign_B_3"}, {"sign_id": "sign_A_3", "match_sign_id": "sign_B_1"}, {"sign_id": "sign_A_4", "match_sign_id": "sign_B_7"}, {"sign_id": "sign_A_4", "match_sign_id": "sign_B_5"}, {"sign_id": "sign_A_4", "match_sign_id": "sign_B_9"}, {"sign_id": "sign_A_4", "match_sign_id": "sign_B_3"}, {"sign_id": "sign_A_4", "match_sign_id": "sign_B_1"}, {"sign_id": "sign_A_5", "match_sign_id": "sign_B_8"}, {"sign_id": "sign_A_5", "match_sign_id": "sign_B_6"}, {"sign_id": "sign_A_5", "match_sign_id": "sign_B_10"}, {"sign_id": "sign_A_5", "match_sign_id": "sign_B_2"}, {"sign_id": "sign_A_5", "match_sign_id": "sign_B_4"}, {"sign_id": "sign_A_6", "match_sign_id": "sign_B_7"}, {"sign_id": "sign_A_6", "match_sign_id": "sign_B_9"}, {"sign_id": "sign_A_6", "match_sign_id": "sign_B_5"}, {"sign_id": "sign_A_6", "match_sign_id": "sign_B_3"}, {"sign_id": "sign_A_6", "match_sign_id": "sign_B_1"}]}