{"group": [{"pic_list": ["19595362122000009737", "19595362122000009738", "19595362122000009739", "19595362122000009740", "19595362122000009741", "19595362122000009742", "19595362122000009743", "19595362122000009744"], "seq_id": "A"}, {"pic_list": ["18558380082200039400", "18558380082200039401", "18558380082200039402", "18558380082200039403", "18558380082200039404", "18558380082200039405", "18558380082200039406", "18558380082200039407", "18558380082200039408", "18558380082200039409", "18558380082200039410"], "seq_id": "B"}], "signs": [{"pic_id": "19595362122000009737", "x": 819, "y": 335, "w": 8, "h": 9, "type": "301", "sign_id": "sign_A_1"}, {"pic_id": "19595362122000009737", "x": 1089, "y": 391, "w": 6, "h": 7, "type": "301", "sign_id": "sign_A_2"}, {"pic_id": "19595362122000009738", "x": 897, "y": 301, "w": 8, "h": 11, "type": "301", "sign_id": "sign_A_3"}, {"pic_id": "19595362122000009738", "x": 1247, "y": 375, "w": 7, "h": 8, "type": "301", "sign_id": "sign_A_4"}, {"pic_id": "19595362122000009739", "x": 1049, "y": 234, "w": 14, "h": 18, "type": "301", "sign_id": "sign_A_5"}, {"pic_id": "18558380082200039400", "x": 829, "y": 387, "w": 7, "h": 9, "type": "301", "sign_id": "sign_B_1"}, {"pic_id": "18558380082200039401", "x": 898, "y": 362, "w": 8, "h": 11, "type": "301", "sign_id": "sign_B_2"}, {"pic_id": "18558380082200039402", "x": 946, "y": 329, "w": 10, "h": 12, "type": "301", "sign_id": "sign_B_3"}, {"pic_id": "18558380082200039403", "x": 1019, "y": 289, "w": 12, "h": 15, "type": "301", "sign_id": "sign_B_4"}], "match": [{"sign_id": "sign_A_1", "match_sign_id": "sign_B_2"}, {"sign_id": "sign_A_1", "match_sign_id": "sign_B_3"}, {"sign_id": "sign_A_1", "match_sign_id": "sign_B_4"}, {"sign_id": "sign_A_1", "match_sign_id": "sign_B_1"}, {"sign_id": "sign_A_2", "match_sign_id": "sign_B_1"}, {"sign_id": "sign_A_3", "match_sign_id": "sign_B_4"}, {"sign_id": "sign_A_3", "match_sign_id": "sign_B_3"}, {"sign_id": "sign_A_3", "match_sign_id": "sign_B_2"}, {"sign_id": "sign_A_4", "match_sign_id": " "}, {"sign_id": "sign_A_5", "match_sign_id": "sign_B_4"}, {"sign_id": "sign_A_5", "match_sign_id": "sign_B_3"}, {"sign_id": "sign_A_5", "match_sign_id": "sign_B_2"}, {"sign_id": "sign_A_5", "match_sign_id": "sign_B_1"}]}