{"group": [{"pic_list": ["20599546032800006230", "20599546032800006400", "20599546032800006401", "20599546032800006402"], "seq_id": "A"}, {"pic_list": ["18558168073000040809", "18558168073000040810", "18558168073000040811"], "seq_id": "B"}], "signs": [{"pic_id": "20599546032800006230", "x": 679, "y": 299, "w": 19, "h": 18, "type": "104", "sign_id": "sign_A_1"}, {"pic_id": "20599546032800006230", "x": 428, "y": 281, "w": 20, "h": 21, "type": "108", "sign_id": "sign_A_2"}, {"pic_id": "20599546032800006230", "x": 789, "y": 112, "w": 17, "h": 21, "type": "301", "sign_id": "sign_A_3"}, {"pic_id": "20599546032800006400", "x": 691, "y": 280, "w": 22, "h": 22, "type": "104", "sign_id": "sign_A_4"}, {"pic_id": "20599546032800006400", "x": 388, "y": 256, "w": 25, "h": 24, "type": "106", "sign_id": "sign_A_5"}, {"pic_id": "20599546032800006401", "x": 708, "y": 254, "w": 27, "h": 27, "type": "104", "sign_id": "sign_A_6"}, {"pic_id": "20599546032800006402", "x": 747, "y": 205, "w": 37, "h": 37, "type": "104", "sign_id": "sign_A_7"}, {"pic_id": "20599546032800006402", "x": 212, "y": 158, "w": 44, "h": 43, "type": "106", "sign_id": "sign_A_8"}, {"pic_id": "18558168073000040809", "x": 360, "y": 242, "w": 24, "h": 25, "type": "106", "sign_id": "sign_B_1"}, {"pic_id": "18558168073000040810", "x": 300, "y": 205, "w": 33, "h": 33, "type": "106", "sign_id": "sign_B_2"}, {"pic_id": "18558168073000040811", "x": 165, "y": 130, "w": 50, "h": 50, "type": "106", "sign_id": "sign_B_3"}], "match": [{"sign_id": "sign_A_3", "match_sign_id": " "}, {"sign_id": "sign_A_5", "match_sign_id": "sign_B_2"}, {"sign_id": "sign_A_5", "match_sign_id": "sign_B_1"}, {"sign_id": "sign_A_5", "match_sign_id": "sign_B_3"}, {"sign_id": "sign_A_8", "match_sign_id": "sign_B_2"}, {"sign_id": "sign_A_8", "match_sign_id": "sign_B_1"}, {"sign_id": "sign_A_8", "match_sign_id": "sign_B_3"}]}