{"group": [{"pic_list": ["20599375031000006639", "20599375031000006640", "20599375031000006641", "20599375031000006642"], "seq_id": "A"}, {"pic_list": ["18563022121600003556", "18563022121600003557", "18563022121600003558", "18563022121600003559"], "seq_id": "B"}], "signs": [{"pic_id": "20599375031000006639", "x": 1088, "y": 260, "w": 60, "h": 63, "type": "105", "sign_id": "sign_A_1"}, {"pic_id": "20599375031000006639", "x": 685, "y": 613, "w": 11, "h": 13, "type": "301", "sign_id": "sign_A_2"}, {"pic_id": "20599375031000006639", "x": 4, "y": 475, "w": 16, "h": 21, "type": "301", "sign_id": "sign_A_3"}, {"pic_id": "20599375031000006640", "x": 697, "y": 599, "w": 12, "h": 14, "type": "301", "sign_id": "sign_A_4"}, {"pic_id": "20599375031000006641", "x": 708, "y": 564, "w": 14, "h": 17, "type": "301", "sign_id": "sign_A_5"}, {"pic_id": "20599375031000006642", "x": 723, "y": 505, "w": 15, "h": 22, "type": "301", "sign_id": "sign_A_6"}, {"pic_id": "18563022121600003556", "x": 945, "y": 173, "w": 31, "h": 32, "type": "105", "sign_id": "sign_B_1"}, {"pic_id": "18563022121600003556", "x": 345, "y": 266, "w": 9, "h": 12, "type": "301", "sign_id": "sign_B_2"}, {"pic_id": "18563022121600003557", "x": 98, "y": 188, "w": 14, "h": 18, "type": "301", "sign_id": "sign_B_3"}, {"pic_id": "18563022121600003557", "x": 679, "y": 306, "w": 8, "h": 10, "type": "301", "sign_id": "sign_B_4"}, {"pic_id": "18563022121600003558", "x": 652, "y": 294, "w": 9, "h": 11, "type": "301", "sign_id": "sign_B_5"}, {"pic_id": "18563022121600003559", "x": 625, "y": 280, "w": 9, "h": 11, "type": "301", "sign_id": "sign_B_6"}], "match": [{"sign_id": "sign_A_1", "match_sign_id": "sign_B_1"}, {"sign_id": "sign_A_2", "match_sign_id": "sign_B_2"}, {"sign_id": "sign_A_2", "match_sign_id": "sign_B_4"}, {"sign_id": "sign_A_2", "match_sign_id": "sign_B_6"}, {"sign_id": "sign_A_2", "match_sign_id": "sign_B_5"}, {"sign_id": "sign_A_3", "match_sign_id": "sign_B_2"}, {"sign_id": "sign_A_3", "match_sign_id": "sign_B_3"}, {"sign_id": "sign_A_3", "match_sign_id": "sign_B_6"}, {"sign_id": "sign_A_3", "match_sign_id": "sign_B_5"}, {"sign_id": "sign_A_4", "match_sign_id": "sign_B_2"}, {"sign_id": "sign_A_4", "match_sign_id": "sign_B_4"}, {"sign_id": "sign_A_4", "match_sign_id": "sign_B_6"}, {"sign_id": "sign_A_4", "match_sign_id": "sign_B_5"}, {"sign_id": "sign_A_4", "match_sign_id": "sign_B_3"}, {"sign_id": "sign_A_5", "match_sign_id": "sign_B_3"}, {"sign_id": "sign_A_5", "match_sign_id": "sign_B_2"}, {"sign_id": "sign_A_5", "match_sign_id": "sign_B_5"}, {"sign_id": "sign_A_5", "match_sign_id": "sign_B_6"}, {"sign_id": "sign_A_6", "match_sign_id": "sign_B_3"}, {"sign_id": "sign_A_6", "match_sign_id": "sign_B_2"}, {"sign_id": "sign_A_6", "match_sign_id": "sign_B_5"}, {"sign_id": "sign_A_6", "match_sign_id": "sign_B_6"}]}