{"group": [{"pic_list": ["19582522082000004305", "19582522082000004306", "19582522082000004307", "19582522082000004308", "19582522082000004309"], "seq_id": "A"}, {"pic_list": ["18557863072100011292", "18557863072100011293", "18557863072100011294", "18557863072100011295", "18557863072100011296", "18557863072100011297"], "seq_id": "B"}], "signs": [{"pic_id": "19582522082000004305", "x": 423, "y": 174, "w": 13, "h": 16, "type": "301", "sign_id": "sign_A_1"}, {"pic_id": "19582522082000004306", "x": 290, "y": 84, "w": 21, "h": 29, "type": "301", "sign_id": "sign_A_2"}, {"pic_id": "18557863072100011292", "x": 16, "y": 103, "w": 53, "h": 51, "type": "201", "sign_id": "sign_B_1"}, {"pic_id": "18557863072100011292", "x": 422, "y": 268, "w": 11, "h": 14, "type": "301", "sign_id": "sign_B_2"}, {"pic_id": "18557863072100011293", "x": 357, "y": 226, "w": 14, "h": 19, "type": "301", "sign_id": "sign_B_3"}, {"pic_id": "18557863072100011294", "x": 243, "y": 141, "w": 22, "h": 28, "type": "301", "sign_id": "sign_B_4"}], "match": [{"sign_id": "sign_A_1", "match_sign_id": "sign_B_4"}, {"sign_id": "sign_A_1", "match_sign_id": "sign_B_3"}, {"sign_id": "sign_A_1", "match_sign_id": "sign_B_2"}, {"sign_id": "sign_A_2", "match_sign_id": "sign_B_4"}, {"sign_id": "sign_A_2", "match_sign_id": "sign_B_3"}, {"sign_id": "sign_A_2", "match_sign_id": "sign_B_2"}]}