{"group": [{"pic_list": ["20599586040300002626", "20599586040300002627", "20599586040300002628"], "seq_id": "A"}, {"pic_list": ["18553481010500042356", "18553481010500042357"], "seq_id": "B"}], "signs": [{"pic_id": "20599586040300002626", "x": 831, "y": 323, "w": 26, "h": 24, "type": "105", "sign_id": "sign_A_1"}, {"pic_id": "20599586040300002627", "x": 898, "y": 300, "w": 33, "h": 32, "type": "105", "sign_id": "sign_A_2"}, {"pic_id": "20599586040300002628", "x": 1022, "y": 264, "w": 47, "h": 46, "type": "105", "sign_id": "sign_A_3"}, {"pic_id": "18553481010500042356", "x": 924, "y": 342, "w": 32, "h": 30, "type": "105", "sign_id": "sign_B_1"}, {"pic_id": "18553481010500042357", "x": 1142, "y": 283, "w": 54, "h": 52, "type": "105", "sign_id": "sign_B_2"}], "match": [{"sign_id": "sign_A_1", "match_sign_id": "sign_B_1"}, {"sign_id": "sign_A_1", "match_sign_id": "sign_B_2"}, {"sign_id": "sign_A_2", "match_sign_id": "sign_B_1"}, {"sign_id": "sign_A_2", "match_sign_id": "sign_B_2"}, {"sign_id": "sign_A_3", "match_sign_id": "sign_B_1"}, {"sign_id": "sign_A_3", "match_sign_id": "sign_B_2"}]}