{"group": [{"pic_list": ["19580724072200009761", "19580724072200009783", "19580724072200009784", "19580724072200009785"], "seq_id": "A"}, {"pic_list": ["18558627090600046204", "18558627090600046205", "18558627090600046206"], "seq_id": "B"}], "signs": [{"pic_id": "19580724072200009761", "x": 608, "y": 136, "w": 14, "h": 20, "type": "301", "sign_id": "sign_A_1"}, {"pic_id": "19580724072200009761", "x": 727, "y": 277, "w": 6, "h": 7, "type": "301", "sign_id": "sign_A_2"}, {"pic_id": "19580724072200009783", "x": 513, "y": 37, "w": 20, "h": 28, "type": "301", "sign_id": "sign_A_3"}, {"pic_id": "19580724072200009783", "x": 727, "y": 276, "w": 6, "h": 7, "type": "301", "sign_id": "sign_A_4"}, {"pic_id": "19580724072200009784", "x": 870, "y": 292, "w": 16, "h": 15, "type": "105", "sign_id": "sign_A_5"}, {"pic_id": "19580724072200009784", "x": 1075, "y": 197, "w": 23, "h": 29, "type": "301", "sign_id": "sign_A_6"}, {"pic_id": "19580724072200009784", "x": 723, "y": 267, "w": 6, "h": 7, "type": "301", "sign_id": "sign_A_7"}, {"pic_id": "19580724072200009785", "x": 900, "y": 281, "w": 22, "h": 21, "type": "105", "sign_id": "sign_A_8"}, {"pic_id": "19580724072200009785", "x": 723, "y": 257, "w": 7, "h": 9, "type": "301", "sign_id": "sign_A_9"}], "match": [{"sign_id": "sign_A_1", "match_sign_id": " "}, {"sign_id": "sign_A_2", "match_sign_id": " "}, {"sign_id": "sign_A_3", "match_sign_id": " "}, {"sign_id": "sign_A_4", "match_sign_id": " "}, {"sign_id": "sign_A_5", "match_sign_id": " "}, {"sign_id": "sign_A_6", "match_sign_id": " "}, {"sign_id": "sign_A_7", "match_sign_id": " "}, {"sign_id": "sign_A_8", "match_sign_id": " "}, {"sign_id": "sign_A_9", "match_sign_id": " "}]}