{"group": [{"pic_list": ["19597300122900006851", "19597300122900006852", "19597300122900006853", "19597300122900006854", "19597300122900006855", "19597300122900006856", "19597300122900006857", "19597300122900006858"], "seq_id": "A"}, {"pic_list": ["18556847063000025055", "18556847063000025056", "18556847063000025057", "18556847063000025058", "18556847063000025059", "18556847063000025060", "18556847063000025061", "18556847063000025062", "18556847063000025063", "18556847063000025064", "18556847063000025065", "18556847063000025066", "18556847063000025067"], "seq_id": "B"}], "signs": [{"pic_id": "19597300122900006851", "x": 526, "y": 440, "w": 6, "h": 7, "type": "301", "sign_id": "sign_A_1"}, {"pic_id": "19597300122900006852", "x": 532, "y": 432, "w": 6, "h": 7, "type": "301", "sign_id": "sign_A_2"}, {"pic_id": "19597300122900006853", "x": 541, "y": 423, "w": 6, "h": 8, "type": "301", "sign_id": "sign_A_3"}, {"pic_id": "19597300122900006854", "x": 552, "y": 415, "w": 7, "h": 8, "type": "301", "sign_id": "sign_A_4"}, {"pic_id": "19597300122900006855", "x": 561, "y": 403, "w": 7, "h": 9, "type": "301", "sign_id": "sign_A_5"}, {"pic_id": "19597300122900006856", "x": 734, "y": 274, "w": 11, "h": 16, "type": "301", "sign_id": "sign_A_6"}, {"pic_id": "19597300122900006856", "x": 567, "y": 389, "w": 8, "h": 10, "type": "301", "sign_id": "sign_A_7"}, {"pic_id": "19597300122900006857", "x": 814, "y": 171, "w": 17, "h": 22, "type": "301", "sign_id": "sign_A_8"}, {"pic_id": "19597300122900006857", "x": 563, "y": 370, "w": 8, "h": 11, "type": "301", "sign_id": "sign_A_9"}, {"pic_id": "19597300122900006858", "x": 494, "y": 341, "w": 10, "h": 13, "type": "301", "sign_id": "sign_A_10"}, {"pic_id": "18556847063000025056", "x": 123, "y": 329, "w": 17, "h": 18, "type": "204", "sign_id": "sign_B_1"}, {"pic_id": "18556847063000025056", "x": 84, "y": 314, "w": 7, "h": 9, "type": "301", "sign_id": "sign_B_2"}, {"pic_id": "18556847063000025058", "x": 5, "y": 311, "w": 20, "h": 23, "type": "204", "sign_id": "sign_B_3"}, {"pic_id": "18556847063000025060", "x": 846, "y": 285, "w": 8, "h": 11, "type": "301", "sign_id": "sign_B_4"}, {"pic_id": "18556847063000025061", "x": 833, "y": 279, "w": 9, "h": 11, "type": "301", "sign_id": "sign_B_5"}, {"pic_id": "18556847063000025062", "x": 844, "y": 231, "w": 11, "h": 14, "type": "301", "sign_id": "sign_B_6"}, {"pic_id": "18556847063000025063", "x": 907, "y": 188, "w": 13, "h": 16, "type": "301", "sign_id": "sign_B_7"}, {"pic_id": "18556847063000025064", "x": 1055, "y": 90, "w": 18, "h": 23, "type": "301", "sign_id": "sign_B_8"}, {"pic_id": "18556847063000025067", "x": 957, "y": 341, "w": 10, "h": 12, "type": "301", "sign_id": "sign_B_9"}], "match": [{"sign_id": "sign_A_1", "match_sign_id": "sign_B_2"}, {"sign_id": "sign_A_1", "match_sign_id": "sign_B_9"}, {"sign_id": "sign_A_1", "match_sign_id": "sign_B_4"}, {"sign_id": "sign_A_2", "match_sign_id": "sign_B_9"}, {"sign_id": "sign_A_2", "match_sign_id": "sign_B_2"}, {"sign_id": "sign_A_2", "match_sign_id": "sign_B_5"}, {"sign_id": "sign_A_3", "match_sign_id": "sign_B_2"}, {"sign_id": "sign_A_3", "match_sign_id": "sign_B_9"}, {"sign_id": "sign_A_3", "match_sign_id": "sign_B_4"}, {"sign_id": "sign_A_4", "match_sign_id": "sign_B_2"}, {"sign_id": "sign_A_4", "match_sign_id": "sign_B_9"}, {"sign_id": "sign_A_4", "match_sign_id": "sign_B_7"}, {"sign_id": "sign_A_5", "match_sign_id": "sign_B_9"}, {"sign_id": "sign_A_5", "match_sign_id": "sign_B_2"}, {"sign_id": "sign_A_5", "match_sign_id": "sign_B_5"}, {"sign_id": "sign_A_6", "match_sign_id": "sign_B_4"}, {"sign_id": "sign_A_6", "match_sign_id": "sign_B_6"}, {"sign_id": "sign_A_6", "match_sign_id": "sign_B_7"}, {"sign_id": "sign_A_6", "match_sign_id": "sign_B_2"}, {"sign_id": "sign_A_6", "match_sign_id": "sign_B_5"}, {"sign_id": "sign_A_6", "match_sign_id": "sign_B_9"}, {"sign_id": "sign_A_6", "match_sign_id": "sign_B_8"}, {"sign_id": "sign_A_7", "match_sign_id": "sign_B_9"}, {"sign_id": "sign_A_8", "match_sign_id": "sign_B_8"}, {"sign_id": "sign_A_8", "match_sign_id": "sign_B_5"}, {"sign_id": "sign_A_8", "match_sign_id": "sign_B_7"}, {"sign_id": "sign_A_8", "match_sign_id": "sign_B_4"}, {"sign_id": "sign_A_8", "match_sign_id": "sign_B_6"}, {"sign_id": "sign_A_8", "match_sign_id": "sign_B_2"}, {"sign_id": "sign_A_8", "match_sign_id": "sign_B_9"}, {"sign_id": "sign_A_9", "match_sign_id": "sign_B_2"}, {"sign_id": "sign_A_9", "match_sign_id": "sign_B_9"}, {"sign_id": "sign_A_10", "match_sign_id": "sign_B_9"}, {"sign_id": "sign_A_10", "match_sign_id": "sign_B_5"}, {"sign_id": "sign_A_10", "match_sign_id": "sign_B_2"}, {"sign_id": "sign_A_1", "match_sign_id": "sign_B_5"}, {"sign_id": "sign_A_1", "match_sign_id": "sign_B_7"}, {"sign_id": "sign_A_10", "match_sign_id": "sign_B_8"}]}