{"group": [{"pic_list": ["19582012081300020089", "19582012081300020090", "19582012081300020091", "19582012081300020092", "19582012081300020093", "19582012081300020094", "19582012081300020095", "19582012081300020096"], "seq_id": "A"}, {"pic_list": ["18558065081500000428", "18558065081500000429", "18558065081500000430", "18558065081500000431", "18558065081500000432", "18558065081500000433", "18558065081500000434", "18558065081500000435", "18558065081500000436"], "seq_id": "B"}], "signs": [{"pic_id": "19582012081300020089", "x": 441, "y": 125, "w": 13, "h": 17, "type": "301", "sign_id": "sign_A_1"}, {"pic_id": "19582012081300020090", "x": 370, "y": 1, "w": 21, "h": 25, "type": "301", "sign_id": "sign_A_2"}, {"pic_id": "19582012081300020093", "x": 865, "y": 295, "w": 11, "h": 13, "type": "301", "sign_id": "sign_A_3"}, {"pic_id": "19582012081300020094", "x": 966, "y": 272, "w": 14, "h": 17, "type": "301", "sign_id": "sign_A_4"}, {"pic_id": "19582012081300020095", "x": 1135, "y": 233, "w": 21, "h": 26, "type": "301", "sign_id": "sign_A_5"}, {"pic_id": "18558065081500000428", "x": 489, "y": 262, "w": 11, "h": 16, "type": "301", "sign_id": "sign_B_1"}, {"pic_id": "18558065081500000429", "x": 408, "y": 230, "w": 14, "h": 19, "type": "301", "sign_id": "sign_B_2"}, {"pic_id": "18558065081500000430", "x": 347, "y": 102, "w": 22, "h": 29, "type": "301", "sign_id": "sign_B_3"}], "match": [{"sign_id": "sign_A_1", "match_sign_id": "sign_B_1"}, {"sign_id": "sign_A_1", "match_sign_id": "sign_B_3"}, {"sign_id": "sign_A_1", "match_sign_id": "sign_B_2"}, {"sign_id": "sign_A_2", "match_sign_id": "sign_B_3"}, {"sign_id": "sign_A_2", "match_sign_id": "sign_B_1"}, {"sign_id": "sign_A_2", "match_sign_id": "sign_B_2"}, {"sign_id": "sign_A_3", "match_sign_id": " "}, {"sign_id": "sign_A_4", "match_sign_id": " "}, {"sign_id": "sign_A_5", "match_sign_id": " "}]}