{"group": [{"pic_list": ["20599255030200021428", "20599255030200021429", "20599255030200021430", "20599255030200021431"], "seq_id": "A"}, {"pic_list": ["18558913092800041451", "18558913092800041452", "18558913092800041453", "18558913092800041454"], "seq_id": "B"}], "signs": [{"pic_id": "20599255030200021428", "x": 982, "y": 579, "w": 30, "h": 29, "type": "105", "sign_id": "sign_A_1"}, {"pic_id": "20599255030200021428", "x": 371, "y": 602, "w": 12, "h": 15, "type": "301", "sign_id": "sign_A_2"}, {"pic_id": "20599255030200021429", "x": 1019, "y": 534, "w": 37, "h": 36, "type": "105", "sign_id": "sign_A_3"}, {"pic_id": "20599255030200021429", "x": 296, "y": 572, "w": 13, "h": 18, "type": "301", "sign_id": "sign_A_4"}, {"pic_id": "20599255030200021430", "x": 1085, "y": 449, "w": 46, "h": 47, "type": "105", "sign_id": "sign_A_5"}, {"pic_id": "20599255030200021430", "x": 188, "y": 522, "w": 12, "h": 16, "type": "301", "sign_id": "sign_A_6"}, {"pic_id": "20599255030200021431", "x": 1241, "y": 327, "w": 66, "h": 66, "type": "105", "sign_id": "sign_A_7"}, {"pic_id": "20599255030200021431", "x": 15, "y": 484, "w": 18, "h": 23, "type": "301", "sign_id": "sign_A_8"}, {"pic_id": "18558913092800041451", "x": 901, "y": 281, "w": 18, "h": 17, "type": "105", "sign_id": "sign_B_1"}, {"pic_id": "18558913092800041451", "x": 539, "y": 287, "w": 7, "h": 8, "type": "301", "sign_id": "sign_B_2"}, {"pic_id": "18558913092800041452", "x": 919, "y": 260, "w": 23, "h": 22, "type": "105", "sign_id": "sign_B_3"}, {"pic_id": "18558913092800041452", "x": 476, "y": 269, "w": 7, "h": 10, "type": "301", "sign_id": "sign_B_4"}, {"pic_id": "18558913092800041453", "x": 961, "y": 230, "w": 30, "h": 28, "type": "105", "sign_id": "sign_B_5"}, {"pic_id": "18558913092800041453", "x": 386, "y": 249, "w": 9, "h": 12, "type": "301", "sign_id": "sign_B_6"}, {"pic_id": "18558913092800041454", "x": 1040, "y": 148, "w": 45, "h": 42, "type": "105", "sign_id": "sign_B_7"}, {"pic_id": "18558913092800041454", "x": 222, "y": 203, "w": 12, "h": 16, "type": "301", "sign_id": "sign_B_8"}], "match": [{"sign_id": "sign_A_1", "match_sign_id": "sign_B_1"}, {"sign_id": "sign_A_1", "match_sign_id": "sign_B_7"}, {"sign_id": "sign_A_1", "match_sign_id": "sign_B_3"}, {"sign_id": "sign_A_1", "match_sign_id": "sign_B_5"}, {"sign_id": "sign_A_2", "match_sign_id": "sign_B_6"}, {"sign_id": "sign_A_2", "match_sign_id": "sign_B_4"}, {"sign_id": "sign_A_2", "match_sign_id": "sign_B_2"}, {"sign_id": "sign_A_2", "match_sign_id": "sign_B_8"}, {"sign_id": "sign_A_3", "match_sign_id": "sign_B_7"}, {"sign_id": "sign_A_3", "match_sign_id": "sign_B_1"}, {"sign_id": "sign_A_3", "match_sign_id": "sign_B_3"}, {"sign_id": "sign_A_3", "match_sign_id": "sign_B_5"}, {"sign_id": "sign_A_4", "match_sign_id": "sign_B_6"}, {"sign_id": "sign_A_4", "match_sign_id": "sign_B_4"}, {"sign_id": "sign_A_4", "match_sign_id": "sign_B_2"}, {"sign_id": "sign_A_4", "match_sign_id": "sign_B_8"}, {"sign_id": "sign_A_5", "match_sign_id": "sign_B_5"}, {"sign_id": "sign_A_5", "match_sign_id": "sign_B_3"}, {"sign_id": "sign_A_5", "match_sign_id": "sign_B_7"}, {"sign_id": "sign_A_5", "match_sign_id": "sign_B_1"}, {"sign_id": "sign_A_6", "match_sign_id": "sign_B_6"}, {"sign_id": "sign_A_6", "match_sign_id": "sign_B_8"}, {"sign_id": "sign_A_6", "match_sign_id": "sign_B_4"}, {"sign_id": "sign_A_6", "match_sign_id": "sign_B_2"}, {"sign_id": "sign_A_7", "match_sign_id": "sign_B_7"}, {"sign_id": "sign_A_7", "match_sign_id": "sign_B_1"}, {"sign_id": "sign_A_7", "match_sign_id": "sign_B_3"}, {"sign_id": "sign_A_7", "match_sign_id": "sign_B_5"}, {"sign_id": "sign_A_8", "match_sign_id": "sign_B_6"}, {"sign_id": "sign_A_8", "match_sign_id": "sign_B_8"}, {"sign_id": "sign_A_8", "match_sign_id": "sign_B_4"}, {"sign_id": "sign_A_8", "match_sign_id": "sign_B_2"}]}