{"group": [{"pic_list": ["20599235030100005176", "20599235030100005177", "20599235030100005178", "20599235030100005179", "20599235030100005180", "20599235030100005181", "20599235030100005182", "20599235030100005183"], "seq_id": "A"}, {"pic_list": ["18558806092800028932", "18558806092800028933", "18558806092800028934", "18558806092800028935", "18558806092800028936", "18558806092800028937", "18558806092800028938", "18558806092800028939", "18558806092800028940"], "seq_id": "B"}], "signs": [{"pic_id": "20599235030100005178", "x": 568, "y": 665, "w": 7, "h": 9, "type": "301", "sign_id": "sign_A_1"}, {"pic_id": "20599235030100005179", "x": 556, "y": 650, "w": 8, "h": 10, "type": "301", "sign_id": "sign_A_2"}, {"pic_id": "20599235030100005180", "x": 537, "y": 632, "w": 9, "h": 12, "type": "301", "sign_id": "sign_A_3"}, {"pic_id": "20599235030100005181", "x": 515, "y": 617, "w": 9, "h": 12, "type": "301", "sign_id": "sign_A_4"}, {"pic_id": "20599235030100005182", "x": 497, "y": 591, "w": 10, "h": 14, "type": "301", "sign_id": "sign_A_5"}, {"pic_id": "20599235030100005183", "x": 495, "y": 562, "w": 13, "h": 18, "type": "301", "sign_id": "sign_A_6"}, {"pic_id": "18558806092800028939", "x": 527, "y": 317, "w": 8, "h": 9, "type": "301", "sign_id": "sign_B_1"}, {"pic_id": "18558806092800028940", "x": 701, "y": 304, "w": 8, "h": 10, "type": "301", "sign_id": "sign_B_2"}], "match": [{"sign_id": "sign_A_1", "match_sign_id": "sign_B_2"}, {"sign_id": "sign_A_1", "match_sign_id": "sign_B_1"}, {"sign_id": "sign_A_2", "match_sign_id": "sign_B_2"}, {"sign_id": "sign_A_2", "match_sign_id": "sign_B_1"}, {"sign_id": "sign_A_3", "match_sign_id": "sign_B_2"}, {"sign_id": "sign_A_3", "match_sign_id": "sign_B_1"}, {"sign_id": "sign_A_4", "match_sign_id": "sign_B_2"}, {"sign_id": "sign_A_4", "match_sign_id": "sign_B_1"}, {"sign_id": "sign_A_5", "match_sign_id": "sign_B_2"}, {"sign_id": "sign_A_5", "match_sign_id": "sign_B_1"}, {"sign_id": "sign_A_6", "match_sign_id": "sign_B_2"}]}