{"group": [{"pic_list": ["19581858081000008813", "19581858081000008814", "19581858081000008815", "19581858081000008816", "19581858081000008819", "19581858081000008820"], "seq_id": "A"}, {"pic_list": ["18557962072300025668", "18557962072300025669", "18557962072300025670", "18557962072300025671", "18557962072300025672", "18557962072300025673", "18557962072300025674", "18557962072300025675", "18557962072300025676"], "seq_id": "B"}], "signs": [{"pic_id": "19581858081000008813", "x": 515, "y": 285, "w": 15, "h": 15, "type": "201", "sign_id": "sign_A_1"}, {"pic_id": "19581858081000008813", "x": 572, "y": 53, "w": 18, "h": 24, "type": "301", "sign_id": "sign_A_2"}, {"pic_id": "19581858081000008814", "x": 496, "y": 267, "w": 17, "h": 18, "type": "201", "sign_id": "sign_A_3"}, {"pic_id": "19581858081000008814", "x": 804, "y": 230, "w": 13, "h": 24, "type": "201", "sign_id": "sign_A_4"}, {"pic_id": "19581858081000008815", "x": 488, "y": 252, "w": 20, "h": 20, "type": "201", "sign_id": "sign_A_5"}, {"pic_id": "19581858081000008815", "x": 861, "y": 198, "w": 18, "h": 29, "type": "201", "sign_id": "sign_A_6"}, {"pic_id": "19581858081000008815", "x": 612, "y": 179, "w": 8, "h": 9, "type": "301", "sign_id": "sign_A_7"}, {"pic_id": "19581858081000008816", "x": 482, "y": 237, "w": 23, "h": 23, "type": "201", "sign_id": "sign_A_8"}, {"pic_id": "19581858081000008816", "x": 940, "y": 155, "w": 24, "h": 36, "type": "201", "sign_id": "sign_A_9"}, {"pic_id": "19581858081000008816", "x": 626, "y": 141, "w": 9, "h": 12, "type": "301", "sign_id": "sign_A_10"}, {"pic_id": "19581858081000008819", "x": 443, "y": 203, "w": 33, "h": 32, "type": "201", "sign_id": "sign_A_11"}, {"pic_id": "19581858081000008819", "x": 666, "y": 3, "w": 14, "h": 15, "type": "301", "sign_id": "sign_A_12"}, {"pic_id": "19581858081000008819", "x": 360, "y": 283, "w": 7, "h": 9, "type": "301", "sign_id": "sign_A_13"}, {"pic_id": "19581858081000008820", "x": 366, "y": 163, "w": 39, "h": 39, "type": "201", "sign_id": "sign_A_14"}, {"pic_id": "18557962072300025668", "x": 496, "y": 402, "w": 13, "h": 13, "type": "201", "sign_id": "sign_B_1"}, {"pic_id": "18557962072300025668", "x": 518, "y": 214, "w": 15, "h": 22, "type": "301", "sign_id": "sign_B_2"}, {"pic_id": "18557962072300025669", "x": 493, "y": 395, "w": 14, "h": 15, "type": "201", "sign_id": "sign_B_3"}, {"pic_id": "18557962072300025669", "x": 498, "y": 85, "w": 23, "h": 32, "type": "301", "sign_id": "sign_B_4"}, {"pic_id": "18557962072300025669", "x": 577, "y": 343, "w": 7, "h": 8, "type": "301", "sign_id": "sign_B_5"}, {"pic_id": "18557962072300025670", "x": 487, "y": 382, "w": 17, "h": 17, "type": "201", "sign_id": "sign_B_6"}, {"pic_id": "18557962072300025670", "x": 583, "y": 323, "w": 7, "h": 8, "type": "301", "sign_id": "sign_B_7"}, {"pic_id": "18557962072300025671", "x": 488, "y": 378, "w": 19, "h": 18, "type": "201", "sign_id": "sign_B_8"}, {"pic_id": "18557962072300025671", "x": 593, "y": 307, "w": 8, "h": 9, "type": "301", "sign_id": "sign_B_9"}, {"pic_id": "18557962072300025672", "x": 480, "y": 367, "w": 20, "h": 20, "type": "201", "sign_id": "sign_B_10"}, {"pic_id": "18557962072300025672", "x": 598, "y": 282, "w": 8, "h": 10, "type": "301", "sign_id": "sign_B_11"}, {"pic_id": "18557962072300025673", "x": 452, "y": 353, "w": 24, "h": 24, "type": "201", "sign_id": "sign_B_12"}, {"pic_id": "18557962072300025673", "x": 594, "y": 240, "w": 10, "h": 12, "type": "301", "sign_id": "sign_B_13"}, {"pic_id": "18557962072300025673", "x": 381, "y": 408, "w": 6, "h": 7, "type": "301", "sign_id": "sign_B_14"}, {"pic_id": "18557962072300025674", "x": 441, "y": 318, "w": 28, "h": 28, "type": "201", "sign_id": "sign_B_15"}, {"pic_id": "18557962072300025674", "x": 613, "y": 157, "w": 12, "h": 14, "type": "301", "sign_id": "sign_B_16"}, {"pic_id": "18557962072300025675", "x": 409, "y": 309, "w": 32, "h": 32, "type": "201", "sign_id": "sign_B_17"}, {"pic_id": "18557962072300025675", "x": 609, "y": 95, "w": 14, "h": 18, "type": "301", "sign_id": "sign_B_18"}], "match": [{"sign_id": "sign_A_1", "match_sign_id": "sign_B_8"}, {"sign_id": "sign_A_1", "match_sign_id": "sign_B_10"}, {"sign_id": "sign_A_1", "match_sign_id": "sign_B_12"}, {"sign_id": "sign_A_1", "match_sign_id": "sign_B_1"}, {"sign_id": "sign_A_1", "match_sign_id": "sign_B_3"}, {"sign_id": "sign_A_1", "match_sign_id": "sign_B_6"}, {"sign_id": "sign_A_1", "match_sign_id": "sign_B_15"}, {"sign_id": "sign_A_2", "match_sign_id": "sign_B_4"}, {"sign_id": "sign_A_2", "match_sign_id": "sign_B_2"}, {"sign_id": "sign_A_2", "match_sign_id": "sign_B_14"}, {"sign_id": "sign_A_3", "match_sign_id": "sign_B_10"}, {"sign_id": "sign_A_3", "match_sign_id": "sign_B_8"}, {"sign_id": "sign_A_3", "match_sign_id": "sign_B_12"}, {"sign_id": "sign_A_3", "match_sign_id": "sign_B_1"}, {"sign_id": "sign_A_3", "match_sign_id": "sign_B_3"}, {"sign_id": "sign_A_3", "match_sign_id": "sign_B_15"}, {"sign_id": "sign_A_3", "match_sign_id": "sign_B_6"}, {"sign_id": "sign_A_4", "match_sign_id": "sign_B_17"}, {"sign_id": "sign_A_4", "match_sign_id": "sign_B_15"}, {"sign_id": "sign_A_5", "match_sign_id": "sign_B_10"}, {"sign_id": "sign_A_5", "match_sign_id": "sign_B_8"}, {"sign_id": "sign_A_5", "match_sign_id": "sign_B_12"}, {"sign_id": "sign_A_5", "match_sign_id": "sign_B_1"}, {"sign_id": "sign_A_5", "match_sign_id": "sign_B_3"}, {"sign_id": "sign_A_5", "match_sign_id": "sign_B_15"}, {"sign_id": "sign_A_5", "match_sign_id": "sign_B_17"}, {"sign_id": "sign_A_6", "match_sign_id": "sign_B_17"}, {"sign_id": "sign_A_6", "match_sign_id": "sign_B_15"}, {"sign_id": "sign_A_7", "match_sign_id": "sign_B_5"}, {"sign_id": "sign_A_7", "match_sign_id": "sign_B_16"}, {"sign_id": "sign_A_7", "match_sign_id": "sign_B_9"}, {"sign_id": "sign_A_7", "match_sign_id": "sign_B_13"}, {"sign_id": "sign_A_7", "match_sign_id": "sign_B_11"}, {"sign_id": "sign_A_7", "match_sign_id": "sign_B_18"}, {"sign_id": "sign_A_7", "match_sign_id": "sign_B_7"}, {"sign_id": "sign_A_8", "match_sign_id": "sign_B_10"}, {"sign_id": "sign_A_8", "match_sign_id": "sign_B_8"}, {"sign_id": "sign_A_8", "match_sign_id": "sign_B_12"}, {"sign_id": "sign_A_8", "match_sign_id": "sign_B_1"}, {"sign_id": "sign_A_8", "match_sign_id": "sign_B_3"}, {"sign_id": "sign_A_8", "match_sign_id": "sign_B_15"}, {"sign_id": "sign_A_9", "match_sign_id": "sign_B_17"}, {"sign_id": "sign_A_9", "match_sign_id": "sign_B_15"}, {"sign_id": "sign_A_10", "match_sign_id": "sign_B_16"}, {"sign_id": "sign_A_10", "match_sign_id": "sign_B_13"}, {"sign_id": "sign_A_10", "match_sign_id": "sign_B_18"}, {"sign_id": "sign_A_10", "match_sign_id": "sign_B_11"}, {"sign_id": "sign_A_10", "match_sign_id": "sign_B_9"}, {"sign_id": "sign_A_10", "match_sign_id": "sign_B_5"}, {"sign_id": "sign_A_10", "match_sign_id": "sign_B_7"}, {"sign_id": "sign_A_11", "match_sign_id": "sign_B_17"}, {"sign_id": "sign_A_11", "match_sign_id": "sign_B_15"}, {"sign_id": "sign_A_11", "match_sign_id": "sign_B_1"}, {"sign_id": "sign_A_11", "match_sign_id": "sign_B_3"}, {"sign_id": "sign_A_11", "match_sign_id": "sign_B_12"}, {"sign_id": "sign_A_12", "match_sign_id": "sign_B_16"}, {"sign_id": "sign_A_12", "match_sign_id": "sign_B_18"}, {"sign_id": "sign_A_12", "match_sign_id": "sign_B_13"}, {"sign_id": "sign_A_12", "match_sign_id": "sign_B_11"}, {"sign_id": "sign_A_12", "match_sign_id": "sign_B_9"}, {"sign_id": "sign_A_12", "match_sign_id": "sign_B_5"}, {"sign_id": "sign_A_12", "match_sign_id": "sign_B_7"}, {"sign_id": "sign_A_13", "match_sign_id": "sign_B_14"}, {"sign_id": "sign_A_13", "match_sign_id": "sign_B_7"}, {"sign_id": "sign_A_13", "match_sign_id": "sign_B_2"}, {"sign_id": "sign_A_13", "match_sign_id": "sign_B_4"}, {"sign_id": "sign_A_14", "match_sign_id": "sign_B_17"}, {"sign_id": "sign_A_14", "match_sign_id": "sign_B_15"}, {"sign_id": "sign_A_14", "match_sign_id": "sign_B_12"}, {"sign_id": "sign_A_14", "match_sign_id": "sign_B_3"}, {"sign_id": "sign_A_14", "match_sign_id": "sign_B_1"}, {"sign_id": "sign_A_5", "match_sign_id": "sign_B_6"}, {"sign_id": "sign_A_8", "match_sign_id": "sign_B_6"}]}