{"group": [{"pic_list": ["19583394090600006352", "19583394090600006353", "19583394090600006354", "19583394090600006355"], "seq_id": "A"}, {"pic_list": ["18558651090600048320", "18558651090600050604", "18558651090600050605", "18558651090600050606", "18558651090600050607"], "seq_id": "B"}], "signs": [{"pic_id": "19583394090600006352", "x": 1223, "y": 380, "w": 35, "h": 36, "type": "106", "sign_id": "sign_A_1"}, {"pic_id": "19583394090600006352", "x": 1293, "y": 137, "w": 22, "h": 28, "type": "301", "sign_id": "sign_A_2"}, {"pic_id": "19583394090600006353", "x": 1419, "y": 306, "w": 46, "h": 50, "type": "106", "sign_id": "sign_A_3"}, {"pic_id": "19583394090600006354", "x": 1780, "y": 202, "w": 60, "h": 80, "type": "106", "sign_id": "sign_A_4"}, {"pic_id": "18558651090600048320", "x": 266, "y": 310, "w": 5, "h": 6, "type": "301", "sign_id": "sign_B_1"}, {"pic_id": "18558651090600050604", "x": 1175, "y": 324, "w": 26, "h": 23, "type": "106", "sign_id": "sign_B_2"}, {"pic_id": "18558651090600050604", "x": 1174, "y": 195, "w": 15, "h": 17, "type": "301", "sign_id": "sign_B_3"}], "match": [{"sign_id": "sign_A_1", "match_sign_id": "sign_B_2"}, {"sign_id": "sign_A_2", "match_sign_id": "sign_B_3"}, {"sign_id": "sign_A_2", "match_sign_id": "sign_B_1"}, {"sign_id": "sign_A_3", "match_sign_id": "sign_B_2"}, {"sign_id": "sign_A_4", "match_sign_id": "sign_B_2"}]}