{"group": [{"pic_list": ["19595899122200010256", "19595899122200010257", "19595899122200010258", "19595899122200010259", "19595899122200010260", "19595899122200010261", "19595899122200007392"], "seq_id": "A"}, {"pic_list": ["18558499082400009553", "18558499082400009555", "18558499082400009556", "18558499082400009557", "18558499082400009558", "18558499082400009559", "18558499082400009560"], "seq_id": "B"}], "signs": [{"pic_id": "19595899122200010256", "x": 247, "y": 258, "w": 16, "h": 21, "type": "301", "sign_id": "sign_A_1"}, {"pic_id": "19595899122200010256", "x": 690, "y": 393, "w": 5, "h": 6, "type": "301", "sign_id": "sign_A_2"}, {"pic_id": "19595899122200010257", "x": 686, "y": 387, "w": 6, "h": 6, "type": "301", "sign_id": "sign_A_3"}, {"pic_id": "19595899122200010258", "x": 642, "y": 382, "w": 6, "h": 7, "type": "301", "sign_id": "sign_A_4"}, {"pic_id": "19595899122200010259", "x": 645, "y": 373, "w": 7, "h": 7, "type": "301", "sign_id": "sign_A_5"}, {"pic_id": "19595899122200010259", "x": 687, "y": 363, "w": 6, "h": 8, "type": "301", "sign_id": "sign_A_6"}, {"pic_id": "19595899122200010260", "x": 643, "y": 368, "w": 7, "h": 8, "type": "301", "sign_id": "sign_A_7"}, {"pic_id": "19595899122200010260", "x": 691, "y": 356, "w": 7, "h": 9, "type": "301", "sign_id": "sign_A_8"}, {"pic_id": "19595899122200010261", "x": 640, "y": 358, "w": 7, "h": 9, "type": "301", "sign_id": "sign_A_9"}, {"pic_id": "19595899122200010261", "x": 695, "y": 344, "w": 7, "h": 9, "type": "301", "sign_id": "sign_A_10"}, {"pic_id": "19595899122200007392", "x": 648, "y": 331, "w": 9, "h": 10, "type": "301", "sign_id": "sign_A_11"}, {"pic_id": "19595899122200007392", "x": 726, "y": 304, "w": 9, "h": 11, "type": "301", "sign_id": "sign_A_12"}, {"pic_id": "18558499082400009553", "x": 328, "y": 315, "w": 12, "h": 17, "type": "301", "sign_id": "sign_B_1"}, {"pic_id": "18558499082400009555", "x": 395, "y": 243, "w": 17, "h": 22, "type": "301", "sign_id": "sign_B_2"}, {"pic_id": "18558499082400009555", "x": 933, "y": 407, "w": 6, "h": 7, "type": "301", "sign_id": "sign_B_3"}, {"pic_id": "18558499082400009556", "x": 649, "y": 403, "w": 6, "h": 6, "type": "301", "sign_id": "sign_B_4"}, {"pic_id": "18558499082400009557", "x": 668, "y": 402, "w": 7, "h": 7, "type": "301", "sign_id": "sign_B_5"}, {"pic_id": "18558499082400009558", "x": 658, "y": 396, "w": 6, "h": 7, "type": "301", "sign_id": "sign_B_6"}, {"pic_id": "18558499082400009559", "x": 633, "y": 387, "w": 7, "h": 8, "type": "301", "sign_id": "sign_B_7"}, {"pic_id": "18558499082400009559", "x": 432, "y": 339, "w": 12, "h": 14, "type": "301", "sign_id": "sign_B_8"}, {"pic_id": "18558499082400009559", "x": 682, "y": 374, "w": 7, "h": 9, "type": "301", "sign_id": "sign_B_9"}, {"pic_id": "18558499082400009560", "x": 623, "y": 382, "w": 7, "h": 8, "type": "301", "sign_id": "sign_B_10"}, {"pic_id": "18558499082400009560", "x": 676, "y": 367, "w": 7, "h": 9, "type": "301", "sign_id": "sign_B_11"}], "match": [{"sign_id": "sign_A_1", "match_sign_id": "sign_B_1"}, {"sign_id": "sign_A_1", "match_sign_id": "sign_B_2"}, {"sign_id": "sign_A_1", "match_sign_id": "sign_B_8"}, {"sign_id": "sign_A_1", "match_sign_id": "sign_B_11"}, {"sign_id": "sign_A_2", "match_sign_id": "sign_B_5"}, {"sign_id": "sign_A_2", "match_sign_id": "sign_B_6"}, {"sign_id": "sign_A_2", "match_sign_id": "sign_B_4"}, {"sign_id": "sign_A_2", "match_sign_id": "sign_B_10"}, {"sign_id": "sign_A_2", "match_sign_id": "sign_B_7"}, {"sign_id": "sign_A_3", "match_sign_id": "sign_B_5"}, {"sign_id": "sign_A_3", "match_sign_id": "sign_B_6"}, {"sign_id": "sign_A_3", "match_sign_id": "sign_B_4"}, {"sign_id": "sign_A_3", "match_sign_id": "sign_B_10"}, {"sign_id": "sign_A_3", "match_sign_id": "sign_B_7"}, {"sign_id": "sign_A_4", "match_sign_id": "sign_B_5"}, {"sign_id": "sign_A_4", "match_sign_id": "sign_B_7"}, {"sign_id": "sign_A_4", "match_sign_id": "sign_B_6"}, {"sign_id": "sign_A_4", "match_sign_id": "sign_B_10"}, {"sign_id": "sign_A_4", "match_sign_id": "sign_B_4"}, {"sign_id": "sign_A_5", "match_sign_id": "sign_B_5"}, {"sign_id": "sign_A_5", "match_sign_id": "sign_B_10"}, {"sign_id": "sign_A_5", "match_sign_id": "sign_B_7"}, {"sign_id": "sign_A_5", "match_sign_id": "sign_B_6"}, {"sign_id": "sign_A_6", "match_sign_id": "sign_B_9"}, {"sign_id": "sign_A_6", "match_sign_id": "sign_B_11"}, {"sign_id": "sign_A_6", "match_sign_id": "sign_B_1"}, {"sign_id": "sign_A_6", "match_sign_id": "sign_B_2"}, {"sign_id": "sign_A_7", "match_sign_id": "sign_B_5"}, {"sign_id": "sign_A_7", "match_sign_id": "sign_B_10"}, {"sign_id": "sign_A_7", "match_sign_id": "sign_B_7"}, {"sign_id": "sign_A_7", "match_sign_id": "sign_B_6"}, {"sign_id": "sign_A_8", "match_sign_id": "sign_B_9"}, {"sign_id": "sign_A_8", "match_sign_id": "sign_B_11"}, {"sign_id": "sign_A_8", "match_sign_id": "sign_B_1"}, {"sign_id": "sign_A_8", "match_sign_id": "sign_B_2"}, {"sign_id": "sign_A_9", "match_sign_id": "sign_B_10"}, {"sign_id": "sign_A_9", "match_sign_id": "sign_B_7"}, {"sign_id": "sign_A_9", "match_sign_id": "sign_B_5"}, {"sign_id": "sign_A_9", "match_sign_id": "sign_B_6"}, {"sign_id": "sign_A_10", "match_sign_id": "sign_B_9"}, {"sign_id": "sign_A_10", "match_sign_id": "sign_B_11"}, {"sign_id": "sign_A_10", "match_sign_id": "sign_B_1"}, {"sign_id": "sign_A_10", "match_sign_id": "sign_B_2"}, {"sign_id": "sign_A_11", "match_sign_id": "sign_B_7"}, {"sign_id": "sign_A_11", "match_sign_id": "sign_B_10"}, {"sign_id": "sign_A_11", "match_sign_id": "sign_B_5"}, {"sign_id": "sign_A_11", "match_sign_id": "sign_B_6"}, {"sign_id": "sign_A_12", "match_sign_id": "sign_B_11"}, {"sign_id": "sign_A_12", "match_sign_id": "sign_B_2"}, {"sign_id": "sign_A_12", "match_sign_id": "sign_B_9"}, {"sign_id": "sign_A_12", "match_sign_id": "sign_B_8"}, {"sign_id": "sign_A_12", "match_sign_id": "sign_B_1"}, {"sign_id": "sign_A_3", "match_sign_id": "sign_B_3"}, {"sign_id": "sign_A_5", "match_sign_id": "sign_B_3"}, {"sign_id": "sign_A_4", "match_sign_id": "sign_B_3"}, {"sign_id": "sign_A_2", "match_sign_id": "sign_B_3"}, {"sign_id": "sign_A_7", "match_sign_id": "sign_B_3"}, {"sign_id": "sign_A_5", "match_sign_id": "sign_B_4"}, {"sign_id": "sign_A_7", "match_sign_id": "sign_B_4"}]}