{"group": [{"pic_list": ["19589286110100000416", "19589286110100000417", "19589286110100000418", "19589286110100000419", "19589286110100000420"], "seq_id": "A"}, {"pic_list": ["18558827091400044486", "18558827091400044487", "18558827091400044488", "18558827091400044489", "18558827091400044490", "18558827091400044491", "18558827091400044492"], "seq_id": "B"}], "signs": [{"pic_id": "19589286110100000416", "x": 459, "y": 293, "w": 8, "h": 10, "type": "301", "sign_id": "sign_A_1"}, {"pic_id": "19589286110100000416", "x": 509, "y": 319, "w": 7, "h": 8, "type": "301", "sign_id": "sign_A_2"}, {"pic_id": "19589286110100000417", "x": 379, "y": 226, "w": 13, "h": 16, "type": "301", "sign_id": "sign_A_3"}, {"pic_id": "19589286110100000417", "x": 496, "y": 299, "w": 7, "h": 9, "type": "301", "sign_id": "sign_A_4"}, {"pic_id": "19589286110100000418", "x": 451, "y": 258, "w": 9, "h": 12, "type": "301", "sign_id": "sign_A_5"}, {"pic_id": "19589286110100000419", "x": 339, "y": 172, "w": 14, "h": 19, "type": "301", "sign_id": "sign_A_6"}, {"pic_id": "18558827091400044486", "x": 486, "y": 331, "w": 6, "h": 8, "type": "301", "sign_id": "sign_B_1"}, {"pic_id": "18558827091400044486", "x": 438, "y": 314, "w": 7, "h": 9, "type": "301", "sign_id": "sign_B_2"}, {"pic_id": "18558827091400044487", "x": 510, "y": 311, "w": 7, "h": 8, "type": "301", "sign_id": "sign_B_3"}, {"pic_id": "18558827091400044488", "x": 350, "y": 227, "w": 11, "h": 15, "type": "301", "sign_id": "sign_B_4"}, {"pic_id": "18558827091400044488", "x": 497, "y": 300, "w": 7, "h": 10, "type": "301", "sign_id": "sign_B_5"}, {"pic_id": "18558827091400044489", "x": 715, "y": 349, "w": 17, "h": 16, "type": "104", "sign_id": "sign_B_6"}, {"pic_id": "18558827091400044489", "x": 716, "y": 324, "w": 17, "h": 17, "type": "106", "sign_id": "sign_B_7"}, {"pic_id": "18558827091400044489", "x": 60, "y": 65, "w": 20, "h": 25, "type": "301", "sign_id": "sign_B_8"}, {"pic_id": "18558827091400044489", "x": 432, "y": 264, "w": 9, "h": 11, "type": "301", "sign_id": "sign_B_9"}, {"pic_id": "18558827091400044490", "x": 763, "y": 322, "w": 24, "h": 23, "type": "104", "sign_id": "sign_B_10"}, {"pic_id": "18558827091400044490", "x": 765, "y": 288, "w": 24, "h": 23, "type": "106", "sign_id": "sign_B_11"}, {"pic_id": "18558827091400044490", "x": 375, "y": 208, "w": 12, "h": 15, "type": "301", "sign_id": "sign_B_12"}, {"pic_id": "18558827091400044491", "x": 820, "y": 257, "w": 39, "h": 38, "type": "104", "sign_id": "sign_B_13"}, {"pic_id": "18558827091400044491", "x": 824, "y": 202, "w": 39, "h": 37, "type": "106", "sign_id": "sign_B_14"}, {"pic_id": "18558827091400044491", "x": 185, "y": 69, "w": 18, "h": 23, "type": "301", "sign_id": "sign_B_15"}], "match": [{"sign_id": "sign_A_1", "match_sign_id": "sign_B_4"}, {"sign_id": "sign_A_1", "match_sign_id": "sign_B_2"}, {"sign_id": "sign_A_1", "match_sign_id": "sign_B_9"}, {"sign_id": "sign_A_2", "match_sign_id": "sign_B_1"}, {"sign_id": "sign_A_2", "match_sign_id": "sign_B_5"}, {"sign_id": "sign_A_2", "match_sign_id": "sign_B_3"}, {"sign_id": "sign_A_2", "match_sign_id": "sign_B_9"}, {"sign_id": "sign_A_3", "match_sign_id": "sign_B_4"}, {"sign_id": "sign_A_3", "match_sign_id": "sign_B_2"}, {"sign_id": "sign_A_3", "match_sign_id": "sign_B_8"}, {"sign_id": "sign_A_4", "match_sign_id": "sign_B_5"}, {"sign_id": "sign_A_4", "match_sign_id": "sign_B_3"}, {"sign_id": "sign_A_4", "match_sign_id": "sign_B_9"}, {"sign_id": "sign_A_4", "match_sign_id": "sign_B_12"}, {"sign_id": "sign_A_4", "match_sign_id": "sign_B_1"}, {"sign_id": "sign_A_4", "match_sign_id": "sign_B_15"}, {"sign_id": "sign_A_5", "match_sign_id": "sign_B_9"}, {"sign_id": "sign_A_5", "match_sign_id": "sign_B_5"}, {"sign_id": "sign_A_5", "match_sign_id": "sign_B_3"}, {"sign_id": "sign_A_5", "match_sign_id": "sign_B_12"}, {"sign_id": "sign_A_5", "match_sign_id": "sign_B_15"}, {"sign_id": "sign_A_6", "match_sign_id": "sign_B_15"}, {"sign_id": "sign_A_6", "match_sign_id": "sign_B_12"}, {"sign_id": "sign_A_6", "match_sign_id": "sign_B_9"}, {"sign_id": "sign_A_6", "match_sign_id": "sign_B_5"}, {"sign_id": "sign_A_6", "match_sign_id": "sign_B_3"}, {"sign_id": "sign_A_6", "match_sign_id": "sign_B_1"}, {"sign_id": "sign_A_5", "match_sign_id": "sign_B_1"}, {"sign_id": "sign_A_1", "match_sign_id": "sign_B_8"}, {"sign_id": "sign_A_2", "match_sign_id": "sign_B_12"}]}