{"group": [{"pic_list": ["19582389081700000620", "19582389081700000621", "19582389081700000622", "19582389081700001154"], "seq_id": "A"}, {"pic_list": ["18558082081500012602", "18558082081500012603", "18558082081500012604", "18558082081500012605", "18558082081500012606", "18558082081500012607"], "seq_id": "B"}], "signs": [{"pic_id": "19582389081700000620", "x": 193, "y": 263, "w": 10, "h": 13, "type": "301", "sign_id": "sign_A_1"}, {"pic_id": "19582389081700000621", "x": 68, "y": 199, "w": 13, "h": 16, "type": "301", "sign_id": "sign_A_2"}, {"pic_id": "18558082081500012602", "x": 365, "y": 337, "w": 7, "h": 8, "type": "301", "sign_id": "sign_B_1"}, {"pic_id": "18558082081500012603", "x": 325, "y": 322, "w": 7, "h": 9, "type": "301", "sign_id": "sign_B_2"}, {"pic_id": "18558082081500012604", "x": 258, "y": 293, "w": 8, "h": 10, "type": "301", "sign_id": "sign_B_3"}, {"pic_id": "18558082081500012604", "x": 1096, "y": 371, "w": 7, "h": 8, "type": "301", "sign_id": "sign_B_4"}, {"pic_id": "18558082081500012605", "x": 171, "y": 265, "w": 10, "h": 12, "type": "301", "sign_id": "sign_B_5"}, {"pic_id": "18558082081500012605", "x": 1142, "y": 366, "w": 7, "h": 8, "type": "301", "sign_id": "sign_B_6"}, {"pic_id": "18558082081500012606", "x": 83, "y": 224, "w": 12, "h": 14, "type": "301", "sign_id": "sign_B_7"}], "match": [{"sign_id": "sign_A_1", "match_sign_id": "sign_B_7"}, {"sign_id": "sign_A_1", "match_sign_id": "sign_B_3"}, {"sign_id": "sign_A_1", "match_sign_id": "sign_B_5"}, {"sign_id": "sign_A_1", "match_sign_id": "sign_B_2"}, {"sign_id": "sign_A_1", "match_sign_id": "sign_B_1"}, {"sign_id": "sign_A_2", "match_sign_id": "sign_B_7"}, {"sign_id": "sign_A_2", "match_sign_id": "sign_B_5"}, {"sign_id": "sign_A_2", "match_sign_id": "sign_B_3"}, {"sign_id": "sign_A_2", "match_sign_id": "sign_B_2"}, {"sign_id": "sign_A_2", "match_sign_id": "sign_B_1"}]}