{"group": [{"pic_list": ["20598974021300000161", "20598974021300000162", "20598974021300000163", "20598974021300000164"], "seq_id": "A"}, {"pic_list": ["18559112101000038608", "18559112101000038609", "18559112101000038610", "18559112101000038611", "18559112101000038612", "18559112101000038613"], "seq_id": "B"}], "signs": [{"pic_id": "20598974021300000161", "x": 780, "y": 230, "w": 9, "h": 11, "type": "301", "sign_id": "sign_A_1"}, {"pic_id": "20598974021300000162", "x": 805, "y": 205, "w": 10, "h": 12, "type": "301", "sign_id": "sign_A_2"}, {"pic_id": "20598974021300000163", "x": 865, "y": 146, "w": 12, "h": 16, "type": "301", "sign_id": "sign_A_3"}, {"pic_id": "20598974021300000164", "x": 993, "y": 33, "w": 18, "h": 23, "type": "301", "sign_id": "sign_A_4"}, {"pic_id": "18559112101000038608", "x": 659, "y": 265, "w": 6, "h": 8, "type": "301", "sign_id": "sign_B_1"}, {"pic_id": "18559112101000038609", "x": 668, "y": 264, "w": 6, "h": 8, "type": "301", "sign_id": "sign_B_2"}, {"pic_id": "18559112101000038610", "x": 727, "y": 250, "w": 7, "h": 9, "type": "301", "sign_id": "sign_B_3"}, {"pic_id": "18559112101000038611", "x": 656, "y": 225, "w": 9, "h": 11, "type": "301", "sign_id": "sign_B_4"}, {"pic_id": "18559112101000038612", "x": 722, "y": 126, "w": 15, "h": 18, "type": "301", "sign_id": "sign_B_5"}, {"pic_id": "18559112101000038613", "x": 838, "y": 18, "w": 21, "h": 25, "type": "301", "sign_id": "sign_B_6"}], "match": [{"sign_id": "sign_A_1", "match_sign_id": "sign_B_5"}, {"sign_id": "sign_A_1", "match_sign_id": "sign_B_3"}, {"sign_id": "sign_A_1", "match_sign_id": "sign_B_2"}, {"sign_id": "sign_A_1", "match_sign_id": "sign_B_1"}, {"sign_id": "sign_A_1", "match_sign_id": "sign_B_4"}, {"sign_id": "sign_A_1", "match_sign_id": "sign_B_6"}, {"sign_id": "sign_A_2", "match_sign_id": "sign_B_4"}, {"sign_id": "sign_A_2", "match_sign_id": "sign_B_1"}, {"sign_id": "sign_A_2", "match_sign_id": "sign_B_3"}, {"sign_id": "sign_A_2", "match_sign_id": "sign_B_2"}, {"sign_id": "sign_A_2", "match_sign_id": "sign_B_5"}, {"sign_id": "sign_A_2", "match_sign_id": "sign_B_6"}, {"sign_id": "sign_A_3", "match_sign_id": "sign_B_5"}, {"sign_id": "sign_A_3", "match_sign_id": "sign_B_4"}, {"sign_id": "sign_A_3", "match_sign_id": "sign_B_3"}, {"sign_id": "sign_A_3", "match_sign_id": "sign_B_2"}, {"sign_id": "sign_A_3", "match_sign_id": "sign_B_6"}, {"sign_id": "sign_A_3", "match_sign_id": "sign_B_1"}, {"sign_id": "sign_A_4", "match_sign_id": "sign_B_5"}, {"sign_id": "sign_A_4", "match_sign_id": "sign_B_4"}, {"sign_id": "sign_A_4", "match_sign_id": "sign_B_2"}, {"sign_id": "sign_A_4", "match_sign_id": "sign_B_3"}, {"sign_id": "sign_A_4", "match_sign_id": "sign_B_6"}, {"sign_id": "sign_A_4", "match_sign_id": "sign_B_1"}]}