{"group": [{"pic_list": ["19591495112300005700", "19591495112300005701", "19591495112300005702", "19591495112300005703", "19591495112300005704", "19591495112300005705", "19591495112300005706"], "seq_id": "A"}, {"pic_list": ["18558432081700043078", "18558432081700043079", "18558432081700043080", "18558432081700043081", "18558432081700043082", "18558432081700043083", "18558432081700043084"], "seq_id": "B"}], "signs": [{"pic_id": "19591495112300005700", "x": 393, "y": 382, "w": 6, "h": 8, "type": "301", "sign_id": "sign_A_1"}, {"pic_id": "19591495112300005701", "x": 360, "y": 368, "w": 7, "h": 9, "type": "301", "sign_id": "sign_A_2"}, {"pic_id": "19591495112300005702", "x": 317, "y": 344, "w": 8, "h": 10, "type": "301", "sign_id": "sign_A_3"}, {"pic_id": "19591495112300005703", "x": 254, "y": 320, "w": 10, "h": 13, "type": "301", "sign_id": "sign_A_4"}, {"pic_id": "19591495112300005704", "x": 738, "y": 425, "w": 26, "h": 26, "type": "102", "sign_id": "sign_A_5"}, {"pic_id": "19591495112300005704", "x": 126, "y": 267, "w": 15, "h": 18, "type": "301", "sign_id": "sign_A_6"}, {"pic_id": "19591495112300005705", "x": 791, "y": 404, "w": 36, "h": 35, "type": "102", "sign_id": "sign_A_7"}, {"pic_id": "19591495112300005706", "x": 938, "y": 344, "w": 69, "h": 63, "type": "102", "sign_id": "sign_A_8"}, {"pic_id": "18558432081700043079", "x": 786, "y": 434, "w": 16, "h": 17, "type": "102", "sign_id": "sign_B_1"}, {"pic_id": "18558432081700043079", "x": 474, "y": 365, "w": 7, "h": 8, "type": "301", "sign_id": "sign_B_2"}, {"pic_id": "18558432081700043080", "x": 826, "y": 431, "w": 19, "h": 20, "type": "102", "sign_id": "sign_B_3"}, {"pic_id": "18558432081700043080", "x": 449, "y": 342, "w": 8, "h": 10, "type": "301", "sign_id": "sign_B_4"}, {"pic_id": "18558432081700043081", "x": 850, "y": 421, "w": 25, "h": 25, "type": "102", "sign_id": "sign_B_5"}, {"pic_id": "18558432081700043081", "x": 354, "y": 295, "w": 11, "h": 14, "type": "301", "sign_id": "sign_B_6"}, {"pic_id": "18558432081700043082", "x": 1003, "y": 390, "w": 42, "h": 40, "type": "102", "sign_id": "sign_B_7"}, {"pic_id": "18558432081700043082", "x": 76, "y": 117, "w": 24, "h": 28, "type": "301", "sign_id": "sign_B_8"}, {"pic_id": "18558432081700043083", "x": 1138, "y": 362, "w": 62, "h": 54, "type": "102", "sign_id": "sign_B_9"}], "match": [{"sign_id": "sign_A_1", "match_sign_id": "sign_B_2"}, {"sign_id": "sign_A_1", "match_sign_id": "sign_B_4"}, {"sign_id": "sign_A_1", "match_sign_id": "sign_B_6"}, {"sign_id": "sign_A_1", "match_sign_id": "sign_B_8"}, {"sign_id": "sign_A_2", "match_sign_id": "sign_B_4"}, {"sign_id": "sign_A_2", "match_sign_id": "sign_B_6"}, {"sign_id": "sign_A_2", "match_sign_id": "sign_B_2"}, {"sign_id": "sign_A_2", "match_sign_id": "sign_B_8"}, {"sign_id": "sign_A_3", "match_sign_id": "sign_B_4"}, {"sign_id": "sign_A_3", "match_sign_id": "sign_B_6"}, {"sign_id": "sign_A_3", "match_sign_id": "sign_B_2"}, {"sign_id": "sign_A_3", "match_sign_id": "sign_B_8"}, {"sign_id": "sign_A_4", "match_sign_id": "sign_B_8"}, {"sign_id": "sign_A_4", "match_sign_id": "sign_B_6"}, {"sign_id": "sign_A_4", "match_sign_id": "sign_B_4"}, {"sign_id": "sign_A_4", "match_sign_id": "sign_B_2"}, {"sign_id": "sign_A_5", "match_sign_id": "sign_B_9"}, {"sign_id": "sign_A_5", "match_sign_id": "sign_B_3"}, {"sign_id": "sign_A_5", "match_sign_id": "sign_B_5"}, {"sign_id": "sign_A_5", "match_sign_id": "sign_B_7"}, {"sign_id": "sign_A_5", "match_sign_id": "sign_B_1"}, {"sign_id": "sign_A_6", "match_sign_id": "sign_B_8"}, {"sign_id": "sign_A_6", "match_sign_id": "sign_B_4"}, {"sign_id": "sign_A_6", "match_sign_id": "sign_B_6"}, {"sign_id": "sign_A_6", "match_sign_id": "sign_B_2"}, {"sign_id": "sign_A_7", "match_sign_id": "sign_B_9"}, {"sign_id": "sign_A_7", "match_sign_id": "sign_B_7"}, {"sign_id": "sign_A_7", "match_sign_id": "sign_B_3"}, {"sign_id": "sign_A_7", "match_sign_id": "sign_B_5"}, {"sign_id": "sign_A_7", "match_sign_id": "sign_B_1"}, {"sign_id": "sign_A_8", "match_sign_id": "sign_B_9"}, {"sign_id": "sign_A_8", "match_sign_id": "sign_B_7"}, {"sign_id": "sign_A_8", "match_sign_id": "sign_B_5"}, {"sign_id": "sign_A_8", "match_sign_id": "sign_B_3"}, {"sign_id": "sign_A_8", "match_sign_id": "sign_B_1"}]}