{"group": [{"pic_list": ["18562090120400003120", "18562090120400003121", "18562090120400003122", "18562090120400003123"], "seq_id": "A"}, {"pic_list": ["18559850112400006282", "18559850112400006283"], "seq_id": "B"}], "signs": [{"pic_id": "18562090120400003120", "x": 689, "y": 257, "w": 21, "h": 22, "type": "106", "sign_id": "sign_A_1"}, {"pic_id": "18562090120400003120", "x": 1127, "y": 207, "w": 16, "h": 20, "type": "301", "sign_id": "sign_A_2"}, {"pic_id": "18562090120400003121", "x": 866, "y": 195, "w": 30, "h": 31, "type": "106", "sign_id": "sign_A_3"}, {"pic_id": "18562090120400003123", "x": 88, "y": 152, "w": 38, "h": 36, "type": "103", "sign_id": "sign_A_4"}, {"pic_id": "18559850112400006282", "x": 737, "y": 268, "w": 20, "h": 21, "type": "106", "sign_id": "sign_B_1"}, {"pic_id": "18559850112400006282", "x": 1156, "y": 219, "w": 16, "h": 18, "type": "301", "sign_id": "sign_B_2"}, {"pic_id": "18559850112400006283", "x": 795, "y": 184, "w": 33, "h": 35, "type": "106", "sign_id": "sign_B_3"}], "match": [{"sign_id": "sign_A_1", "match_sign_id": "sign_B_1"}, {"sign_id": "sign_A_1", "match_sign_id": "sign_B_3"}, {"sign_id": "sign_A_2", "match_sign_id": "sign_B_2"}, {"sign_id": "sign_A_3", "match_sign_id": "sign_B_1"}, {"sign_id": "sign_A_3", "match_sign_id": "sign_B_3"}]}