{"group": [{"pic_list": ["19570079040500000176", "19570079040500000177", "19570079040500000178", "19570079040500000179", "19570079040500000180", "19570079040500000181", "19570079040500000182"], "seq_id": "A"}, {"pic_list": ["18558993092600002985", "18558993092600002986", "18558993092600002987", "18558993092600002988", "18558993092600002989"], "seq_id": "B"}], "signs": [{"pic_id": "19570079040500000176", "x": 704, "y": 195, "w": 23, "h": 30, "type": "301", "sign_id": "sign_A_1"}, {"pic_id": "19570079040500000182", "x": 647, "y": 441, "w": 8, "h": 10, "type": "301", "sign_id": "sign_A_2"}, {"pic_id": "18558993092600002986", "x": 782, "y": 362, "w": 6, "h": 8, "type": "301", "sign_id": "sign_B_1"}, {"pic_id": "18558993092600002987", "x": 830, "y": 353, "w": 7, "h": 9, "type": "301", "sign_id": "sign_B_2"}, {"pic_id": "18558993092600002988", "x": 820, "y": 337, "w": 7, "h": 9, "type": "301", "sign_id": "sign_B_3"}, {"pic_id": "18558993092600002989", "x": 817, "y": 319, "w": 8, "h": 10, "type": "301", "sign_id": "sign_B_4"}], "match": [{"sign_id": "sign_A_1", "match_sign_id": "sign_B_4"}, {"sign_id": "sign_A_1", "match_sign_id": "sign_B_3"}, {"sign_id": "sign_A_1", "match_sign_id": "sign_B_1"}, {"sign_id": "sign_A_2", "match_sign_id": "sign_B_3"}, {"sign_id": "sign_A_2", "match_sign_id": "sign_B_4"}, {"sign_id": "sign_A_2", "match_sign_id": "sign_B_2"}, {"sign_id": "sign_A_2", "match_sign_id": "sign_B_1"}]}