{"group": [{"pic_list": ["19590375111000006559", "19590375111000006560", "19590375111000006561"], "seq_id": "A"}, {"pic_list": ["18558843091900031459", "18558843091900031460", "18558843091900031461"], "seq_id": "B"}], "signs": [{"pic_id": "19590375111000006559", "x": 1088, "y": 100, "w": 37, "h": 39, "type": "301", "sign_id": "sign_A_1"}, {"pic_id": "19590375111000006559", "x": 1204, "y": 30, "w": 43, "h": 46, "type": "301", "sign_id": "sign_A_2"}, {"pic_id": "18558843091900031459", "x": 1081, "y": 257, "w": 37, "h": 38, "type": "301", "sign_id": "sign_B_1"}, {"pic_id": "18558843091900031459", "x": 1198, "y": 201, "w": 45, "h": 42, "type": "301", "sign_id": "sign_B_2"}, {"pic_id": "18558843091900031459", "x": 561, "y": 64, "w": 19, "h": 27, "type": "301", "sign_id": "sign_B_3"}, {"pic_id": "18558843091900031461", "x": 1141, "y": 303, "w": 24, "h": 26, "type": "301", "sign_id": "sign_B_4"}], "match": [{"sign_id": "sign_A_1", "match_sign_id": "sign_B_1"}, {"sign_id": "sign_A_1", "match_sign_id": "sign_B_4"}, {"sign_id": "sign_A_2", "match_sign_id": "sign_B_2"}, {"sign_id": "sign_A_2", "match_sign_id": "sign_B_4"}]}