{"group": [{"pic_list": ["19590301111000011414", "19590301111000011299", "19590301111000011300", "19590301111000011301", "19590301111000011302", "19590301111000011303"], "seq_id": "A"}, {"pic_list": ["18559346101900013358", "18559346101900013359", "18559346101900013333", "18559346101900013334", "18559346101900013335"], "seq_id": "B"}], "signs": [{"pic_id": "19590301111000011414", "x": 321, "y": 318, "w": 8, "h": 11, "type": "301", "sign_id": "sign_A_1"}, {"pic_id": "19590301111000011299", "x": 249, "y": 296, "w": 11, "h": 13, "type": "301", "sign_id": "sign_A_2"}, {"pic_id": "19590301111000011300", "x": 140, "y": 262, "w": 12, "h": 16, "type": "301", "sign_id": "sign_A_3"}, {"pic_id": "19590301111000011302", "x": 788, "y": 388, "w": 18, "h": 17, "type": "103", "sign_id": "sign_A_4"}, {"pic_id": "19590301111000011303", "x": 802, "y": 375, "w": 21, "h": 20, "type": "103", "sign_id": "sign_A_5"}, {"pic_id": "18559346101900013358", "x": 209, "y": 206, "w": 17, "h": 23, "type": "301", "sign_id": "sign_B_1"}, {"pic_id": "18559346101900013334", "x": 307, "y": 266, "w": 15, "h": 20, "type": "301", "sign_id": "sign_B_2"}, {"pic_id": "18559346101900013335", "x": 183, "y": 140, "w": 25, "h": 31, "type": "301", "sign_id": "sign_B_3"}], "match": [{"sign_id": "sign_A_1", "match_sign_id": "sign_B_2"}, {"sign_id": "sign_A_1", "match_sign_id": "sign_B_1"}, {"sign_id": "sign_A_1", "match_sign_id": "sign_B_3"}, {"sign_id": "sign_A_2", "match_sign_id": "sign_B_1"}, {"sign_id": "sign_A_2", "match_sign_id": "sign_B_2"}, {"sign_id": "sign_A_2", "match_sign_id": "sign_B_3"}, {"sign_id": "sign_A_3", "match_sign_id": "sign_B_2"}, {"sign_id": "sign_A_3", "match_sign_id": "sign_B_1"}, {"sign_id": "sign_A_3", "match_sign_id": "sign_B_3"}, {"sign_id": "sign_A_4", "match_sign_id": " "}, {"sign_id": "sign_A_5", "match_sign_id": " "}]}