{"group": [{"pic_list": ["19581436080500007013", "19581436080500007850", "19581436080500007851"], "seq_id": "A"}, {"pic_list": ["18559734111200038918", "18559734111200038919", "18559734111200038920", "18559734111200038921", "18559734111200038910"], "seq_id": "B"}], "signs": [{"pic_id": "19581436080500007013", "x": 633, "y": 208, "w": 7, "h": 10, "type": "301", "sign_id": "sign_A_1"}, {"pic_id": "19581436080500007850", "x": 646, "y": 126, "w": 11, "h": 14, "type": "301", "sign_id": "sign_A_2"}, {"pic_id": "18559734111200038918", "x": 634, "y": 164, "w": 10, "h": 12, "type": "301", "sign_id": "sign_B_1"}, {"pic_id": "18559734111200038919", "x": 634, "y": 129, "w": 11, "h": 14, "type": "301", "sign_id": "sign_B_2"}, {"pic_id": "18559734111200038920", "x": 631, "y": 58, "w": 13, "h": 18, "type": "301", "sign_id": "sign_B_3"}], "match": [{"sign_id": "sign_A_1", "match_sign_id": "sign_B_3"}, {"sign_id": "sign_A_1", "match_sign_id": "sign_B_2"}, {"sign_id": "sign_A_1", "match_sign_id": "sign_B_1"}, {"sign_id": "sign_A_2", "match_sign_id": "sign_B_3"}, {"sign_id": "sign_A_2", "match_sign_id": "sign_B_2"}, {"sign_id": "sign_A_2", "match_sign_id": "sign_B_1"}]}