{"group": [{"pic_list": ["19581545080600004831", "19581545080600004832", "19581545080600004833"], "seq_id": "A"}, {"pic_list": ["18558153080100024761", "18558153080100024762", "18558153080100024835"], "seq_id": "B"}], "signs": [{"pic_id": "19581545080600004831", "x": 602, "y": 327, "w": 10, "h": 12, "type": "301", "sign_id": "sign_A_1"}, {"pic_id": "19581545080600004831", "x": 1011, "y": 207, "w": 18, "h": 25, "type": "301", "sign_id": "sign_A_2"}, {"pic_id": "19581545080600004832", "x": 645, "y": 265, "w": 13, "h": 16, "type": "301", "sign_id": "sign_A_3"}, {"pic_id": "19581545080600004833", "x": 732, "y": 114, "w": 21, "h": 27, "type": "301", "sign_id": "sign_A_4"}, {"pic_id": "18558153080100024761", "x": 768, "y": 312, "w": 9, "h": 11, "type": "301", "sign_id": "sign_B_1"}, {"pic_id": "18558153080100024761", "x": 1102, "y": 228, "w": 16, "h": 20, "type": "301", "sign_id": "sign_B_2"}, {"pic_id": "18558153080100024762", "x": 804, "y": 262, "w": 13, "h": 15, "type": "301", "sign_id": "sign_B_3"}, {"pic_id": "18558153080100024835", "x": 873, "y": 98, "w": 21, "h": 25, "type": "301", "sign_id": "sign_B_4"}], "match": [{"sign_id": "sign_A_1", "match_sign_id": "sign_B_4"}, {"sign_id": "sign_A_1", "match_sign_id": "sign_B_3"}, {"sign_id": "sign_A_1", "match_sign_id": "sign_B_1"}, {"sign_id": "sign_A_2", "match_sign_id": "sign_B_2"}, {"sign_id": "sign_A_3", "match_sign_id": "sign_B_4"}, {"sign_id": "sign_A_3", "match_sign_id": "sign_B_3"}, {"sign_id": "sign_A_3", "match_sign_id": "sign_B_1"}, {"sign_id": "sign_A_4", "match_sign_id": "sign_B_4"}, {"sign_id": "sign_A_4", "match_sign_id": "sign_B_3"}, {"sign_id": "sign_A_4", "match_sign_id": "sign_B_1"}]}