{"group": [{"pic_list": ["19590975111600004919", "19590975111600004920", "19590975111600004921"], "seq_id": "A"}, {"pic_list": ["18553566010900018720", "18553566010900018721"], "seq_id": "B"}], "signs": [{"pic_id": "19590975111600004919", "x": 802, "y": 212, "w": 12, "h": 14, "type": "301", "sign_id": "sign_A_1"}, {"pic_id": "19590975111600004919", "x": 782, "y": 222, "w": 13, "h": 14, "type": "301", "sign_id": "sign_A_2"}, {"pic_id": "19590975111600004920", "x": 999, "y": 103, "w": 22, "h": 24, "type": "301", "sign_id": "sign_A_3"}, {"pic_id": "19590975111600004920", "x": 951, "y": 130, "w": 19, "h": 21, "type": "301", "sign_id": "sign_A_4"}, {"pic_id": "18553566010900018720", "x": 847, "y": 267, "w": 14, "h": 14, "type": "301", "sign_id": "sign_B_1"}, {"pic_id": "18553566010900018720", "x": 828, "y": 276, "w": 14, "h": 14, "type": "301", "sign_id": "sign_B_2"}], "match": [{"sign_id": "sign_A_1", "match_sign_id": "sign_B_1"}, {"sign_id": "sign_A_2", "match_sign_id": "sign_B_2"}, {"sign_id": "sign_A_3", "match_sign_id": "sign_B_1"}, {"sign_id": "sign_A_4", "match_sign_id": "sign_B_2"}]}