{"group": [{"pic_list": ["20599329030600009431", "20599329030600009432", "20599329030600009433", "20599329030600009434", "20599329030600009435", "20599329030600009436", "20599329030600009437", "20599329030600009438"], "seq_id": "A"}, {"pic_list": ["18558858092800029126", "18558858092800029127", "18558858092800029091", "18558858092800029092", "18558858092800029093", "18558858092800029094", "18558858092800029095", "18558858092800029096", "18558858092800029097"], "seq_id": "B"}], "signs": [{"pic_id": "20599329030600009431", "x": 474, "y": 583, "w": 12, "h": 15, "type": "301", "sign_id": "sign_A_1"}, {"pic_id": "20599329030600009432", "x": 460, "y": 562, "w": 13, "h": 17, "type": "301", "sign_id": "sign_A_2"}, {"pic_id": "20599329030600009432", "x": 986, "y": 625, "w": 11, "h": 14, "type": "301", "sign_id": "sign_A_3"}, {"pic_id": "20599329030600009433", "x": 857, "y": 676, "w": 25, "h": 23, "type": "104", "sign_id": "sign_A_4"}, {"pic_id": "20599329030600009433", "x": 285, "y": 484, "w": 15, "h": 21, "type": "301", "sign_id": "sign_A_5"}, {"pic_id": "20599329030600009434", "x": 863, "y": 665, "w": 31, "h": 30, "type": "104", "sign_id": "sign_A_6"}, {"pic_id": "20599329030600009434", "x": 102, "y": 395, "w": 19, "h": 26, "type": "301", "sign_id": "sign_A_7"}, {"pic_id": "20599329030600009435", "x": 855, "y": 634, "w": 41, "h": 39, "type": "104", "sign_id": "sign_A_8"}, {"pic_id": "20599329030600009436", "x": 945, "y": 557, "w": 58, "h": 66, "type": "104", "sign_id": "sign_A_9"}, {"pic_id": "20599329030600009437", "x": 1183, "y": 407, "w": 112, "h": 122, "type": "104", "sign_id": "sign_A_10"}, {"pic_id": "18558858092800029092", "x": 565, "y": 329, "w": 18, "h": 17, "type": "104", "sign_id": "sign_B_1"}, {"pic_id": "18558858092800029093", "x": 535, "y": 320, "w": 20, "h": 21, "type": "104", "sign_id": "sign_B_2"}, {"pic_id": "18558858092800029094", "x": 544, "y": 306, "w": 26, "h": 26, "type": "104", "sign_id": "sign_B_3"}, {"pic_id": "18558858092800029095", "x": 671, "y": 267, "w": 41, "h": 43, "type": "104", "sign_id": "sign_B_4"}, {"pic_id": "18558858092800029096", "x": 933, "y": 137, "w": 94, "h": 96, "type": "104", "sign_id": "sign_B_5"}], "match": [{"sign_id": "sign_A_1", "match_sign_id": " "}, {"sign_id": "sign_A_2", "match_sign_id": " "}, {"sign_id": "sign_A_3", "match_sign_id": " "}, {"sign_id": "sign_A_4", "match_sign_id": "sign_B_3"}, {"sign_id": "sign_A_4", "match_sign_id": "sign_B_2"}, {"sign_id": "sign_A_4", "match_sign_id": "sign_B_4"}, {"sign_id": "sign_A_4", "match_sign_id": "sign_B_1"}, {"sign_id": "sign_A_4", "match_sign_id": "sign_B_5"}, {"sign_id": "sign_A_5", "match_sign_id": " "}, {"sign_id": "sign_A_6", "match_sign_id": "sign_B_3"}, {"sign_id": "sign_A_6", "match_sign_id": "sign_B_5"}, {"sign_id": "sign_A_6", "match_sign_id": "sign_B_1"}, {"sign_id": "sign_A_6", "match_sign_id": "sign_B_4"}, {"sign_id": "sign_A_6", "match_sign_id": "sign_B_2"}, {"sign_id": "sign_A_7", "match_sign_id": " "}, {"sign_id": "sign_A_8", "match_sign_id": "sign_B_3"}, {"sign_id": "sign_A_8", "match_sign_id": "sign_B_4"}, {"sign_id": "sign_A_8", "match_sign_id": "sign_B_1"}, {"sign_id": "sign_A_8", "match_sign_id": "sign_B_2"}, {"sign_id": "sign_A_8", "match_sign_id": "sign_B_5"}, {"sign_id": "sign_A_9", "match_sign_id": "sign_B_3"}, {"sign_id": "sign_A_9", "match_sign_id": "sign_B_4"}, {"sign_id": "sign_A_9", "match_sign_id": "sign_B_5"}, {"sign_id": "sign_A_9", "match_sign_id": "sign_B_1"}, {"sign_id": "sign_A_9", "match_sign_id": "sign_B_2"}, {"sign_id": "sign_A_10", "match_sign_id": "sign_B_5"}, {"sign_id": "sign_A_10", "match_sign_id": "sign_B_4"}, {"sign_id": "sign_A_10", "match_sign_id": "sign_B_3"}, {"sign_id": "sign_A_10", "match_sign_id": "sign_B_1"}, {"sign_id": "sign_A_10", "match_sign_id": "sign_B_2"}]}