{"group": [{"pic_list": ["20599454031800008496", "20599454031800008497", "20599454031800008498", "20599454031800008499", "20599454031800008500", "20599454031800008501"], "seq_id": "A"}, {"pic_list": ["19578510062200011347", "19578510062200011348", "19578510062200011349", "19578510062200011350", "19578510062200011351", "19578510062200011352", "19578510062200011353", "19578510062200011354", "19578510062200011355", "19578510062200011356"], "seq_id": "B"}], "signs": [{"pic_id": "20599454031800008497", "x": 710, "y": 349, "w": 14, "h": 13, "type": "105", "sign_id": "sign_A_1"}, {"pic_id": "20599454031800008498", "x": 738, "y": 343, "w": 17, "h": 17, "type": "105", "sign_id": "sign_A_2"}, {"pic_id": "20599454031800008499", "x": 782, "y": 328, "w": 21, "h": 22, "type": "105", "sign_id": "sign_A_3"}, {"pic_id": "20599454031800008500", "x": 892, "y": 296, "w": 34, "h": 34, "type": "105", "sign_id": "sign_A_4"}, {"pic_id": "20599454031800008501", "x": 1219, "y": 193, "w": 60, "h": 72, "type": "105", "sign_id": "sign_A_5"}, {"pic_id": "19578510062200011349", "x": 804, "y": 412, "w": 15, "h": 14, "type": "105", "sign_id": "sign_B_1"}, {"pic_id": "19578510062200011350", "x": 773, "y": 410, "w": 16, "h": 16, "type": "105", "sign_id": "sign_B_2"}, {"pic_id": "19578510062200011351", "x": 764, "y": 404, "w": 20, "h": 19, "type": "105", "sign_id": "sign_B_3"}, {"pic_id": "19578510062200011352", "x": 773, "y": 394, "w": 24, "h": 23, "type": "105", "sign_id": "sign_B_4"}, {"pic_id": "19578510062200011353", "x": 794, "y": 381, "w": 30, "h": 28, "type": "105", "sign_id": "sign_B_5"}, {"pic_id": "19578510062200011354", "x": 839, "y": 354, "w": 39, "h": 38, "type": "105", "sign_id": "sign_B_6"}, {"pic_id": "19578510062200011355", "x": 960, "y": 294, "w": 59, "h": 60, "type": "105", "sign_id": "sign_B_7"}], "match": [{"sign_id": "sign_A_1", "match_sign_id": "sign_B_1"}, {"sign_id": "sign_A_1", "match_sign_id": "sign_B_4"}, {"sign_id": "sign_A_1", "match_sign_id": "sign_B_3"}, {"sign_id": "sign_A_1", "match_sign_id": "sign_B_5"}, {"sign_id": "sign_A_1", "match_sign_id": "sign_B_2"}, {"sign_id": "sign_A_1", "match_sign_id": "sign_B_6"}, {"sign_id": "sign_A_2", "match_sign_id": "sign_B_1"}, {"sign_id": "sign_A_2", "match_sign_id": "sign_B_4"}, {"sign_id": "sign_A_2", "match_sign_id": "sign_B_3"}, {"sign_id": "sign_A_2", "match_sign_id": "sign_B_6"}, {"sign_id": "sign_A_2", "match_sign_id": "sign_B_2"}, {"sign_id": "sign_A_2", "match_sign_id": "sign_B_5"}, {"sign_id": "sign_A_2", "match_sign_id": "sign_B_7"}, {"sign_id": "sign_A_3", "match_sign_id": "sign_B_4"}, {"sign_id": "sign_A_3", "match_sign_id": "sign_B_3"}, {"sign_id": "sign_A_3", "match_sign_id": "sign_B_1"}, {"sign_id": "sign_A_3", "match_sign_id": "sign_B_6"}, {"sign_id": "sign_A_3", "match_sign_id": "sign_B_5"}, {"sign_id": "sign_A_3", "match_sign_id": "sign_B_2"}, {"sign_id": "sign_A_4", "match_sign_id": "sign_B_6"}, {"sign_id": "sign_A_4", "match_sign_id": "sign_B_5"}, {"sign_id": "sign_A_4", "match_sign_id": "sign_B_7"}, {"sign_id": "sign_A_4", "match_sign_id": "sign_B_4"}, {"sign_id": "sign_A_4", "match_sign_id": "sign_B_3"}, {"sign_id": "sign_A_4", "match_sign_id": "sign_B_1"}, {"sign_id": "sign_A_5", "match_sign_id": "sign_B_6"}, {"sign_id": "sign_A_5", "match_sign_id": "sign_B_7"}, {"sign_id": "sign_A_5", "match_sign_id": "sign_B_5"}, {"sign_id": "sign_A_5", "match_sign_id": "sign_B_4"}, {"sign_id": "sign_A_5", "match_sign_id": "sign_B_3"}, {"sign_id": "sign_A_5", "match_sign_id": "sign_B_1"}, {"sign_id": "sign_A_4", "match_sign_id": "sign_B_2"}, {"sign_id": "sign_A_3", "match_sign_id": "sign_B_7"}]}