{"group": [{"pic_list": ["20599524032400014058", "20599524032400014059", "20599524032400014060"], "seq_id": "A"}, {"pic_list": ["18558163073000005159"], "seq_id": "B"}], "signs": [{"pic_id": "20599524032400014058", "x": 742, "y": 413, "w": 19, "h": 18, "type": "107", "sign_id": "sign_A_1"}, {"pic_id": "20599524032400014059", "x": 748, "y": 409, "w": 21, "h": 21, "type": "107", "sign_id": "sign_A_2"}, {"pic_id": "20599524032400014060", "x": 652, "y": 403, "w": 25, "h": 25, "type": "107", "sign_id": "sign_A_3"}], "match": [{"sign_id": "sign_A_1", "match_sign_id": " "}, {"sign_id": "sign_A_2", "match_sign_id": " "}, {"sign_id": "sign_A_3", "match_sign_id": " "}]}