{"group": [{"pic_list": ["19582539081900014924", "19582539081900014925", "19582539081900014926", "19582539081900014927"], "seq_id": "A"}, {"pic_list": ["18557863072100027991", "18557863072100027992", "18557863072100027993", "18557863072100027994", "18557863072100027996"], "seq_id": "B"}], "signs": [{"pic_id": "19582539081900014924", "x": 37, "y": 129, "w": 10, "h": 12, "type": "301", "sign_id": "sign_A_1"}, {"pic_id": "18557863072100027991", "x": 285, "y": 255, "w": 10, "h": 12, "type": "301", "sign_id": "sign_B_1"}, {"pic_id": "18557863072100027992", "x": 213, "y": 218, "w": 11, "h": 13, "type": "301", "sign_id": "sign_B_2"}, {"pic_id": "18557863072100027993", "x": 135, "y": 173, "w": 13, "h": 15, "type": "301", "sign_id": "sign_B_3"}], "match": [{"sign_id": "sign_A_1", "match_sign_id": "sign_B_1"}, {"sign_id": "sign_A_1", "match_sign_id": "sign_B_2"}, {"sign_id": "sign_A_1", "match_sign_id": "sign_B_3"}]}