{"group": [{"pic_list": ["20599546032800010769", "20599546032800010770", "20599546032800010771", "20599546032800010772", "20599546032800010773", "20599546032800010774", "20599546032800010775"], "seq_id": "A"}, {"pic_list": ["18553427010500030465", "18553427010500030466", "18553427010500030467"], "seq_id": "B"}], "signs": [{"pic_id": "20599546032800010769", "x": 893, "y": 353, "w": 14, "h": 21, "type": "104", "sign_id": "sign_A_1"}, {"pic_id": "20599546032800010770", "x": 935, "y": 348, "w": 18, "h": 25, "type": "104", "sign_id": "sign_A_2"}, {"pic_id": "20599546032800010771", "x": 988, "y": 339, "w": 24, "h": 31, "type": "104", "sign_id": "sign_A_3"}, {"pic_id": "20599546032800010772", "x": 1083, "y": 322, "w": 36, "h": 43, "type": "104", "sign_id": "sign_A_4"}, {"pic_id": "18553427010500030466", "x": 1227, "y": 300, "w": 51, "h": 59, "type": "104", "sign_id": "sign_B_1"}], "match": [{"sign_id": "sign_A_1", "match_sign_id": "sign_B_1"}, {"sign_id": "sign_A_2", "match_sign_id": "sign_B_1"}, {"sign_id": "sign_A_3", "match_sign_id": "sign_B_1"}, {"sign_id": "sign_A_4", "match_sign_id": "sign_B_1"}]}