{"group": [{"pic_list": ["20599546032800003517", "20599546032800003518", "20599546032800003519", "20599546032800003520", "20599546032800003273"], "seq_id": "A"}, {"pic_list": ["18557632071100031379", "18557632071100031380", "18557632071100031381", "18557632071100031382", "18557632071100031383"], "seq_id": "B"}], "signs": [{"pic_id": "20599546032800003517", "x": 839, "y": 343, "w": 21, "h": 20, "type": "103", "sign_id": "sign_A_1"}, {"pic_id": "20599546032800003517", "x": 781, "y": 267, "w": 18, "h": 19, "type": "105", "sign_id": "sign_A_2"}, {"pic_id": "20599546032800003517", "x": 773, "y": 328, "w": 7, "h": 8, "type": "301", "sign_id": "sign_A_3"}, {"pic_id": "20599546032800003518", "x": 888, "y": 332, "w": 26, "h": 24, "type": "103", "sign_id": "sign_A_4"}, {"pic_id": "20599546032800003518", "x": 817, "y": 240, "w": 23, "h": 23, "type": "105", "sign_id": "sign_A_5"}, {"pic_id": "20599546032800003518", "x": 798, "y": 318, "w": 7, "h": 9, "type": "301", "sign_id": "sign_A_6"}, {"pic_id": "20599546032800003519", "x": 955, "y": 318, "w": 33, "h": 32, "type": "103", "sign_id": "sign_A_7"}, {"pic_id": "20599546032800003519", "x": 865, "y": 205, "w": 28, "h": 28, "type": "105", "sign_id": "sign_A_8"}, {"pic_id": "20599546032800003519", "x": 828, "y": 306, "w": 8, "h": 11, "type": "301", "sign_id": "sign_A_9"}, {"pic_id": "20599546032800003520", "x": 1140, "y": 13, "w": 57, "h": 55, "type": "105", "sign_id": "sign_A_10"}, {"pic_id": "20599546032800003520", "x": 952, "y": 260, "w": 12, "h": 16, "type": "301", "sign_id": "sign_A_11"}, {"pic_id": "20599546032800003273", "x": 1118, "y": 209, "w": 17, "h": 22, "type": "301", "sign_id": "sign_A_12"}, {"pic_id": "18557632071100031379", "x": 703, "y": 244, "w": 16, "h": 17, "type": "105", "sign_id": "sign_B_1"}, {"pic_id": "18557632071100031379", "x": 699, "y": 296, "w": 7, "h": 9, "type": "301", "sign_id": "sign_B_2"}, {"pic_id": "18557632071100031380", "x": 725, "y": 217, "w": 19, "h": 21, "type": "105", "sign_id": "sign_B_3"}, {"pic_id": "18557632071100031380", "x": 712, "y": 284, "w": 8, "h": 9, "type": "301", "sign_id": "sign_B_4"}, {"pic_id": "18557632071100031381", "x": 772, "y": 188, "w": 27, "h": 28, "type": "105", "sign_id": "sign_B_5"}, {"pic_id": "18557632071100031381", "x": 743, "y": 280, "w": 9, "h": 11, "type": "301", "sign_id": "sign_B_6"}, {"pic_id": "18557632071100031382", "x": 880, "y": 94, "w": 38, "h": 38, "type": "105", "sign_id": "sign_B_7"}, {"pic_id": "18557632071100031382", "x": 802, "y": 243, "w": 10, "h": 13, "type": "301", "sign_id": "sign_B_8"}, {"pic_id": "18557632071100031382", "x": 353, "y": 303, "w": 6, "h": 7, "type": "301", "sign_id": "sign_B_9"}, {"pic_id": "18557632071100031383", "x": 904, "y": 210, "w": 13, "h": 16, "type": "301", "sign_id": "sign_B_10"}], "match": [{"sign_id": "sign_A_2", "match_sign_id": "sign_B_3"}, {"sign_id": "sign_A_2", "match_sign_id": "sign_B_1"}, {"sign_id": "sign_A_2", "match_sign_id": "sign_B_5"}, {"sign_id": "sign_A_2", "match_sign_id": "sign_B_7"}, {"sign_id": "sign_A_3", "match_sign_id": "sign_B_8"}, {"sign_id": "sign_A_3", "match_sign_id": "sign_B_4"}, {"sign_id": "sign_A_3", "match_sign_id": "sign_B_6"}, {"sign_id": "sign_A_3", "match_sign_id": "sign_B_10"}, {"sign_id": "sign_A_3", "match_sign_id": "sign_B_2"}, {"sign_id": "sign_A_5", "match_sign_id": "sign_B_3"}, {"sign_id": "sign_A_5", "match_sign_id": "sign_B_5"}, {"sign_id": "sign_A_5", "match_sign_id": "sign_B_1"}, {"sign_id": "sign_A_5", "match_sign_id": "sign_B_7"}, {"sign_id": "sign_A_6", "match_sign_id": "sign_B_8"}, {"sign_id": "sign_A_6", "match_sign_id": "sign_B_6"}, {"sign_id": "sign_A_6", "match_sign_id": "sign_B_4"}, {"sign_id": "sign_A_6", "match_sign_id": "sign_B_10"}, {"sign_id": "sign_A_6", "match_sign_id": "sign_B_2"}, {"sign_id": "sign_A_8", "match_sign_id": "sign_B_3"}, {"sign_id": "sign_A_8", "match_sign_id": "sign_B_1"}, {"sign_id": "sign_A_8", "match_sign_id": "sign_B_5"}, {"sign_id": "sign_A_8", "match_sign_id": "sign_B_7"}, {"sign_id": "sign_A_9", "match_sign_id": "sign_B_10"}, {"sign_id": "sign_A_9", "match_sign_id": "sign_B_8"}, {"sign_id": "sign_A_9", "match_sign_id": "sign_B_6"}, {"sign_id": "sign_A_9", "match_sign_id": "sign_B_4"}, {"sign_id": "sign_A_9", "match_sign_id": "sign_B_2"}, {"sign_id": "sign_A_10", "match_sign_id": "sign_B_7"}, {"sign_id": "sign_A_10", "match_sign_id": "sign_B_3"}, {"sign_id": "sign_A_10", "match_sign_id": "sign_B_1"}, {"sign_id": "sign_A_10", "match_sign_id": "sign_B_5"}, {"sign_id": "sign_A_11", "match_sign_id": "sign_B_10"}, {"sign_id": "sign_A_11", "match_sign_id": "sign_B_8"}, {"sign_id": "sign_A_11", "match_sign_id": "sign_B_6"}, {"sign_id": "sign_A_11", "match_sign_id": "sign_B_4"}, {"sign_id": "sign_A_11", "match_sign_id": "sign_B_2"}, {"sign_id": "sign_A_12", "match_sign_id": "sign_B_10"}, {"sign_id": "sign_A_12", "match_sign_id": "sign_B_8"}, {"sign_id": "sign_A_12", "match_sign_id": "sign_B_6"}, {"sign_id": "sign_A_12", "match_sign_id": "sign_B_4"}, {"sign_id": "sign_A_12", "match_sign_id": "sign_B_2"}]}