{"group": [{"pic_list": ["20599271030300000525", "20599271030300000526", "20599271030300000527", "20599271030300000528", "20599271030300000529"], "seq_id": "A"}, {"pic_list": ["18558858092800024031", "18558858092800024032", "18558858092800024033", "18558858092800024034", "18558858092800024035"], "seq_id": "B"}], "signs": [{"pic_id": "20599271030300000525", "x": 1404, "y": 675, "w": 26, "h": 26, "type": "105", "sign_id": "sign_A_1"}, {"pic_id": "20599271030300000525", "x": 533, "y": 406, "w": 23, "h": 30, "type": "301", "sign_id": "sign_A_2"}, {"pic_id": "20599271030300000526", "x": 1218, "y": 681, "w": 32, "h": 32, "type": "105", "sign_id": "sign_A_3"}, {"pic_id": "20599271030300000526", "x": 37, "y": 203, "w": 33, "h": 44, "type": "301", "sign_id": "sign_A_4"}, {"pic_id": "20599271030300000527", "x": 1111, "y": 651, "w": 41, "h": 41, "type": "105", "sign_id": "sign_A_5"}, {"pic_id": "20599271030300000528", "x": 1185, "y": 608, "w": 58, "h": 61, "type": "105", "sign_id": "sign_A_6"}, {"pic_id": "20599271030300000529", "x": 1722, "y": 425, "w": 85, "h": 122, "type": "105", "sign_id": "sign_A_7"}, {"pic_id": "18558858092800024031", "x": 837, "y": 341, "w": 21, "h": 20, "type": "105", "sign_id": "sign_B_1"}, {"pic_id": "18558858092800024031", "x": 249, "y": 116, "w": 16, "h": 21, "type": "301", "sign_id": "sign_B_2"}, {"pic_id": "18558858092800024032", "x": 836, "y": 338, "w": 26, "h": 26, "type": "105", "sign_id": "sign_B_3"}, {"pic_id": "18558858092800024033", "x": 881, "y": 325, "w": 32, "h": 31, "type": "105", "sign_id": "sign_B_4"}, {"pic_id": "18558858092800024034", "x": 981, "y": 300, "w": 44, "h": 43, "type": "105", "sign_id": "sign_B_5"}, {"pic_id": "18558858092800024035", "x": 1176, "y": 251, "w": 67, "h": 68, "type": "105", "sign_id": "sign_B_6"}], "match": [{"sign_id": "sign_A_1", "match_sign_id": "sign_B_3"}, {"sign_id": "sign_A_1", "match_sign_id": "sign_B_4"}, {"sign_id": "sign_A_1", "match_sign_id": "sign_B_5"}, {"sign_id": "sign_A_1", "match_sign_id": "sign_B_1"}, {"sign_id": "sign_A_1", "match_sign_id": "sign_B_6"}, {"sign_id": "sign_A_2", "match_sign_id": "sign_B_2"}, {"sign_id": "sign_A_3", "match_sign_id": "sign_B_5"}, {"sign_id": "sign_A_3", "match_sign_id": "sign_B_3"}, {"sign_id": "sign_A_3", "match_sign_id": "sign_B_4"}, {"sign_id": "sign_A_3", "match_sign_id": "sign_B_6"}, {"sign_id": "sign_A_3", "match_sign_id": "sign_B_1"}, {"sign_id": "sign_A_4", "match_sign_id": " "}, {"sign_id": "sign_A_5", "match_sign_id": "sign_B_5"}, {"sign_id": "sign_A_5", "match_sign_id": "sign_B_6"}, {"sign_id": "sign_A_5", "match_sign_id": "sign_B_3"}, {"sign_id": "sign_A_5", "match_sign_id": "sign_B_4"}, {"sign_id": "sign_A_5", "match_sign_id": "sign_B_1"}, {"sign_id": "sign_A_6", "match_sign_id": "sign_B_5"}, {"sign_id": "sign_A_6", "match_sign_id": "sign_B_4"}, {"sign_id": "sign_A_6", "match_sign_id": "sign_B_6"}, {"sign_id": "sign_A_6", "match_sign_id": "sign_B_3"}, {"sign_id": "sign_A_6", "match_sign_id": "sign_B_1"}, {"sign_id": "sign_A_7", "match_sign_id": "sign_B_6"}, {"sign_id": "sign_A_7", "match_sign_id": "sign_B_5"}, {"sign_id": "sign_A_7", "match_sign_id": "sign_B_4"}, {"sign_id": "sign_A_7", "match_sign_id": "sign_B_3"}, {"sign_id": "sign_A_7", "match_sign_id": "sign_B_1"}]}