{"group": [{"pic_list": ["20599448031200008612", "20599448031200008613", "20599448031200009865", "20599448031200009866"], "seq_id": "A"}, {"pic_list": ["18559018092800001219", "18559018092800001220", "18559018092800001277", "18559018092800001389", "18559018092800001278", "18559018092800001390", "18559018092800001279", "18559018092800001280", "18559018092800001357", "18559018092800001391", "18559018092800001262", "18559018092800001358", "18559018092800001359"], "seq_id": "B"}], "signs": [{"pic_id": "20599448031200009865", "x": 520, "y": 540, "w": 15, "h": 20, "type": "301", "sign_id": "sign_A_1"}, {"pic_id": "20599448031200009866", "x": 466, "y": 491, "w": 18, "h": 26, "type": "301", "sign_id": "sign_A_2"}, {"pic_id": "20599448031200009866", "x": 480, "y": 506, "w": 18, "h": 24, "type": "301", "sign_id": "sign_A_3"}, {"pic_id": "20599448031200009866", "x": 1026, "y": 624, "w": 12, "h": 15, "type": "301", "sign_id": "sign_A_4"}, {"pic_id": "18559018092800001277", "x": 402, "y": 252, "w": 10, "h": 11, "type": "301", "sign_id": "sign_B_1"}, {"pic_id": "18559018092800001389", "x": 402, "y": 252, "w": 10, "h": 11, "type": "301", "sign_id": "sign_B_2"}, {"pic_id": "18559018092800001278", "x": 404, "y": 234, "w": 11, "h": 13, "type": "301", "sign_id": "sign_B_3"}, {"pic_id": "18559018092800001390", "x": 404, "y": 234, "w": 11, "h": 13, "type": "301", "sign_id": "sign_B_4"}, {"pic_id": "18559018092800001279", "x": 437, "y": 202, "w": 13, "h": 15, "type": "301", "sign_id": "sign_B_5"}, {"pic_id": "18559018092800001279", "x": 798, "y": 293, "w": 8, "h": 11, "type": "301", "sign_id": "sign_B_6"}, {"pic_id": "18559018092800001280", "x": 414, "y": 192, "w": 14, "h": 16, "type": "301", "sign_id": "sign_B_7"}, {"pic_id": "18559018092800001280", "x": 791, "y": 290, "w": 8, "h": 10, "type": "301", "sign_id": "sign_B_8"}, {"pic_id": "18559018092800001357", "x": 414, "y": 192, "w": 14, "h": 16, "type": "301", "sign_id": "sign_B_9"}, {"pic_id": "18559018092800001357", "x": 791, "y": 290, "w": 8, "h": 10, "type": "301", "sign_id": "sign_B_10"}, {"pic_id": "18559018092800001391", "x": 414, "y": 192, "w": 14, "h": 16, "type": "301", "sign_id": "sign_B_11"}, {"pic_id": "18559018092800001391", "x": 791, "y": 290, "w": 8, "h": 10, "type": "301", "sign_id": "sign_B_12"}, {"pic_id": "18559018092800001262", "x": 351, "y": 100, "w": 19, "h": 25, "type": "301", "sign_id": "sign_B_13"}, {"pic_id": "18559018092800001262", "x": 887, "y": 265, "w": 10, "h": 13, "type": "301", "sign_id": "sign_B_14"}, {"pic_id": "18559018092800001358", "x": 351, "y": 100, "w": 19, "h": 25, "type": "301", "sign_id": "sign_B_15"}, {"pic_id": "18559018092800001358", "x": 887, "y": 265, "w": 10, "h": 13, "type": "301", "sign_id": "sign_B_16"}, {"pic_id": "18559018092800001359", "x": 444, "y": 30, "w": 24, "h": 33, "type": "301", "sign_id": "sign_B_17"}, {"pic_id": "18559018092800001359", "x": 1100, "y": 245, "w": 12, "h": 16, "type": "301", "sign_id": "sign_B_18"}], "match": [{"sign_id": "sign_A_1", "match_sign_id": "sign_B_1"}, {"sign_id": "sign_A_1", "match_sign_id": "sign_B_2"}, {"sign_id": "sign_A_1", "match_sign_id": "sign_B_17"}, {"sign_id": "sign_A_1", "match_sign_id": "sign_B_13"}, {"sign_id": "sign_A_1", "match_sign_id": "sign_B_15"}, {"sign_id": "sign_A_1", "match_sign_id": "sign_B_5"}, {"sign_id": "sign_A_1", "match_sign_id": "sign_B_4"}, {"sign_id": "sign_A_2", "match_sign_id": "sign_B_17"}, {"sign_id": "sign_A_2", "match_sign_id": "sign_B_15"}, {"sign_id": "sign_A_2", "match_sign_id": "sign_B_13"}, {"sign_id": "sign_A_2", "match_sign_id": "sign_B_5"}, {"sign_id": "sign_A_2", "match_sign_id": "sign_B_11"}, {"sign_id": "sign_A_2", "match_sign_id": "sign_B_9"}, {"sign_id": "sign_A_2", "match_sign_id": "sign_B_7"}, {"sign_id": "sign_A_3", "match_sign_id": "sign_B_1"}, {"sign_id": "sign_A_3", "match_sign_id": "sign_B_2"}, {"sign_id": "sign_A_4", "match_sign_id": "sign_B_12"}, {"sign_id": "sign_A_4", "match_sign_id": "sign_B_10"}, {"sign_id": "sign_A_4", "match_sign_id": "sign_B_8"}, {"sign_id": "sign_A_4", "match_sign_id": "sign_B_6"}, {"sign_id": "sign_A_4", "match_sign_id": "sign_B_16"}, {"sign_id": "sign_A_4", "match_sign_id": "sign_B_14"}, {"sign_id": "sign_A_4", "match_sign_id": "sign_B_18"}]}