{"group": [{"pic_list": ["19590375111000008257", "19590375111000008258", "19590375111000008259", "19590375111000008260", "19590375111000009115"], "seq_id": "A"}, {"pic_list": ["18559247101700034897", "18559247101700034898", "18559247101700034899", "18559247101700034900", "18559247101700029295"], "seq_id": "B"}], "signs": [{"pic_id": "19590375111000008257", "x": 425, "y": 289, "w": 9, "h": 10, "type": "301", "sign_id": "sign_A_1"}, {"pic_id": "19590375111000008257", "x": 582, "y": 307, "w": 6, "h": 7, "type": "301", "sign_id": "sign_A_2"}, {"pic_id": "19590375111000008258", "x": 390, "y": 270, "w": 11, "h": 12, "type": "301", "sign_id": "sign_A_3"}, {"pic_id": "19590375111000008258", "x": 582, "y": 298, "w": 6, "h": 8, "type": "301", "sign_id": "sign_A_4"}, {"pic_id": "19590375111000008259", "x": 575, "y": 287, "w": 6, "h": 8, "type": "301", "sign_id": "sign_A_5"}, {"pic_id": "19590375111000008259", "x": 285, "y": 227, "w": 16, "h": 17, "type": "301", "sign_id": "sign_A_6"}, {"pic_id": "19590375111000008260", "x": 219, "y": 197, "w": 17, "h": 18, "type": "301", "sign_id": "sign_A_7"}, {"pic_id": "19590375111000008260", "x": 571, "y": 279, "w": 7, "h": 9, "type": "301", "sign_id": "sign_A_8"}, {"pic_id": "19590375111000008260", "x": 478, "y": 332, "w": 7, "h": 8, "type": "301", "sign_id": "sign_A_9"}, {"pic_id": "19590375111000009115", "x": 557, "y": 274, "w": 7, "h": 9, "type": "301", "sign_id": "sign_A_10"}, {"pic_id": "19590375111000009115", "x": 447, "y": 332, "w": 8, "h": 9, "type": "301", "sign_id": "sign_A_11"}, {"pic_id": "19590375111000009115", "x": 25, "y": 123, "w": 25, "h": 28, "type": "301", "sign_id": "sign_A_12"}, {"pic_id": "18559247101700034897", "x": 546, "y": 421, "w": 8, "h": 9, "type": "301", "sign_id": "sign_B_1"}, {"pic_id": "18559247101700034898", "x": 452, "y": 403, "w": 11, "h": 12, "type": "301", "sign_id": "sign_B_2"}, {"pic_id": "18559247101700034900", "x": 272, "y": 322, "w": 16, "h": 18, "type": "301", "sign_id": "sign_B_3"}, {"pic_id": "18559247101700029295", "x": 217, "y": 286, "w": 20, "h": 23, "type": "301", "sign_id": "sign_B_4"}, {"pic_id": "18559247101700029295", "x": 484, "y": 464, "w": 7, "h": 8, "type": "301", "sign_id": "sign_B_5"}], "match": [{"sign_id": "sign_A_1", "match_sign_id": "sign_B_4"}, {"sign_id": "sign_A_1", "match_sign_id": "sign_B_3"}, {"sign_id": "sign_A_2", "match_sign_id": "sign_B_5"}, {"sign_id": "sign_A_2", "match_sign_id": "sign_B_1"}, {"sign_id": "sign_A_3", "match_sign_id": "sign_B_4"}, {"sign_id": "sign_A_3", "match_sign_id": "sign_B_3"}, {"sign_id": "sign_A_3", "match_sign_id": "sign_B_1"}, {"sign_id": "sign_A_4", "match_sign_id": "sign_B_5"}, {"sign_id": "sign_A_5", "match_sign_id": " "}, {"sign_id": "sign_A_6", "match_sign_id": "sign_B_4"}, {"sign_id": "sign_A_6", "match_sign_id": "sign_B_3"}, {"sign_id": "sign_A_6", "match_sign_id": "sign_B_1"}, {"sign_id": "sign_A_7", "match_sign_id": "sign_B_4"}, {"sign_id": "sign_A_7", "match_sign_id": "sign_B_3"}, {"sign_id": "sign_A_7", "match_sign_id": "sign_B_1"}, {"sign_id": "sign_A_9", "match_sign_id": "sign_B_5"}, {"sign_id": "sign_A_9", "match_sign_id": "sign_B_1"}, {"sign_id": "sign_A_10", "match_sign_id": " "}, {"sign_id": "sign_A_11", "match_sign_id": "sign_B_5"}, {"sign_id": "sign_A_11", "match_sign_id": "sign_B_1"}, {"sign_id": "sign_A_11", "match_sign_id": "sign_B_3"}, {"sign_id": "sign_A_12", "match_sign_id": "sign_B_4"}, {"sign_id": "sign_A_12", "match_sign_id": "sign_B_3"}, {"sign_id": "sign_A_1", "match_sign_id": "sign_B_1"}, {"sign_id": "sign_A_11", "match_sign_id": "sign_B_2"}, {"sign_id": "sign_A_3", "match_sign_id": "sign_B_2"}, {"sign_id": "sign_A_7", "match_sign_id": "sign_B_2"}, {"sign_id": "sign_A_9", "match_sign_id": "sign_B_2"}, {"sign_id": "sign_A_1", "match_sign_id": "sign_B_2"}, {"sign_id": "sign_A_12", "match_sign_id": "sign_B_2"}, {"sign_id": "sign_A_5", "match_sign_id": "sign_B_5"}]}