{"group": [{"pic_list": ["19597202122900007426", "19597202122900007427", "19597202122900007428", "19597202122900007429", "19597202122900007430"], "seq_id": "A"}, {"pic_list": ["18553656011400013233", "18553656011400013234", "18553656011400013235", "18553656011400013236"], "seq_id": "B"}], "signs": [{"pic_id": "19597202122900007426", "x": 988, "y": 349, "w": 7, "h": 7, "type": "301", "sign_id": "sign_A_1"}, {"pic_id": "19597202122900007426", "x": 312, "y": 330, "w": 7, "h": 7, "type": "301", "sign_id": "sign_A_2"}, {"pic_id": "19597202122900007427", "x": 1104, "y": 332, "w": 10, "h": 10, "type": "301", "sign_id": "sign_A_3"}, {"pic_id": "19597202122900007427", "x": 215, "y": 308, "w": 8, "h": 10, "type": "301", "sign_id": "sign_A_4"}, {"pic_id": "19597202122900007427", "x": 196, "y": 304, "w": 8, "h": 9, "type": "301", "sign_id": "sign_A_5"}, {"pic_id": "19597202122900007428", "x": 16, "y": 260, "w": 13, "h": 14, "type": "301", "sign_id": "sign_A_6"}, {"pic_id": "18553656011400013234", "x": 816, "y": 408, "w": 9, "h": 9, "type": "301", "sign_id": "sign_B_1"}, {"pic_id": "18553656011400013234", "x": 829, "y": 404, "w": 9, "h": 10, "type": "301", "sign_id": "sign_B_2"}, {"pic_id": "18553656011400013235", "x": 1005, "y": 350, "w": 11, "h": 14, "type": "301", "sign_id": "sign_B_3"}, {"pic_id": "18553656011400013235", "x": 971, "y": 358, "w": 10, "h": 13, "type": "301", "sign_id": "sign_B_4"}, {"pic_id": "18553656011400013236", "x": 1142, "y": 298, "w": 16, "h": 17, "type": "301", "sign_id": "sign_B_5"}, {"pic_id": "18553656011400013236", "x": 1211, "y": 282, "w": 17, "h": 18, "type": "301", "sign_id": "sign_B_6"}], "match": [{"sign_id": "sign_A_1", "match_sign_id": "sign_B_6"}, {"sign_id": "sign_A_1", "match_sign_id": "sign_B_1"}, {"sign_id": "sign_A_1", "match_sign_id": "sign_B_2"}, {"sign_id": "sign_A_2", "match_sign_id": "sign_B_1"}, {"sign_id": "sign_A_3", "match_sign_id": "sign_B_6"}, {"sign_id": "sign_A_3", "match_sign_id": "sign_B_3"}, {"sign_id": "sign_A_3", "match_sign_id": "sign_B_2"}, {"sign_id": "sign_A_6", "match_sign_id": "sign_B_2"}, {"sign_id": "sign_A_6", "match_sign_id": "sign_B_1"}, {"sign_id": "sign_A_1", "match_sign_id": "sign_B_3"}]}