{"group": [{"pic_list": ["18563208121800017554", "18563208121800017555", "18563208121800017556", "18563208121800017557"], "seq_id": "A"}, {"pic_list": ["18558644090600006837", "18558644090600006838", "18558644090600006839", "18558644090600006840", "18558644090600006841"], "seq_id": "B"}], "signs": [{"pic_id": "18563208121800017555", "x": 899, "y": 374, "w": 16, "h": 18, "type": "204", "sign_id": "sign_A_1"}, {"pic_id": "18563208121800017556", "x": 1039, "y": 362, "w": 23, "h": 28, "type": "204", "sign_id": "sign_A_2"}, {"pic_id": "18558644090600006838", "x": 825, "y": 343, "w": 19, "h": 21, "type": "204", "sign_id": "sign_B_1"}, {"pic_id": "18558644090600006839", "x": 942, "y": 324, "w": 28, "h": 34, "type": "204", "sign_id": "sign_B_2"}, {"pic_id": "18558644090600006840", "x": 1236, "y": 280, "w": 43, "h": 74, "type": "204", "sign_id": "sign_B_3"}], "match": [{"sign_id": "sign_A_1", "match_sign_id": "sign_B_3"}, {"sign_id": "sign_A_1", "match_sign_id": "sign_B_1"}, {"sign_id": "sign_A_1", "match_sign_id": "sign_B_2"}, {"sign_id": "sign_A_2", "match_sign_id": "sign_B_2"}, {"sign_id": "sign_A_2", "match_sign_id": "sign_B_3"}, {"sign_id": "sign_A_2", "match_sign_id": "sign_B_1"}]}