{"group": [{"pic_list": ["19593725121200000835", "19593725121200000836", "19593725121200000837", "19593725121200000838", "19593725121200000839", "19593725121200000840"], "seq_id": "A"}, {"pic_list": ["18559144101000020426", "18559144101000020427", "18559144101000020428", "18559144101000020429", "18559144101000020430", "18559144101000020431"], "seq_id": "B"}], "signs": [{"pic_id": "19593725121200000836", "x": 697, "y": 219, "w": 12, "h": 16, "type": "301", "sign_id": "sign_A_1"}, {"pic_id": "19593725121200000837", "x": 729, "y": 182, "w": 15, "h": 20, "type": "301", "sign_id": "sign_A_2"}, {"pic_id": "19593725121200000838", "x": 782, "y": 118, "w": 20, "h": 27, "type": "301", "sign_id": "sign_A_3"}, {"pic_id": "18559144101000020429", "x": 673, "y": 198, "w": 14, "h": 21, "type": "301", "sign_id": "sign_B_1"}, {"pic_id": "18559144101000020430", "x": 779, "y": 122, "w": 20, "h": 29, "type": "301", "sign_id": "sign_B_2"}], "match": [{"sign_id": "sign_A_1", "match_sign_id": "sign_B_1"}, {"sign_id": "sign_A_1", "match_sign_id": "sign_B_2"}, {"sign_id": "sign_A_2", "match_sign_id": "sign_B_1"}, {"sign_id": "sign_A_2", "match_sign_id": "sign_B_2"}, {"sign_id": "sign_A_3", "match_sign_id": "sign_B_1"}, {"sign_id": "sign_A_3", "match_sign_id": "sign_B_2"}]}