{"group": [{"pic_list": ["19592185120200010677", "19592185120200010678", "19592185120200010679", "19592185120200010680", "19592185120200010681", "19592185120200010682", "19592185120200010684"], "seq_id": "A"}, {"pic_list": ["18558328080900029291", "18558328080900029292", "18558328080900029293", "18558328080900029294", "18558328080900029295", "18558328080900029296", "18558328080900029297", "18558328080900029298"], "seq_id": "B"}], "signs": [{"pic_id": "19592185120200010677", "x": 116, "y": 133, "w": 15, "h": 19, "type": "301", "sign_id": "sign_A_1"}, {"pic_id": "19592185120200010678", "x": 59, "y": 304, "w": 7, "h": 8, "type": "301", "sign_id": "sign_A_2"}, {"pic_id": "19592185120200010679", "x": 25, "y": 288, "w": 7, "h": 9, "type": "301", "sign_id": "sign_A_3"}, {"pic_id": "18558328080900029291", "x": 289, "y": 258, "w": 11, "h": 14, "type": "301", "sign_id": "sign_B_1"}, {"pic_id": "18558328080900029291", "x": 321, "y": 340, "w": 6, "h": 8, "type": "301", "sign_id": "sign_B_2"}, {"pic_id": "18558328080900029292", "x": 92, "y": 140, "w": 19, "h": 26, "type": "301", "sign_id": "sign_B_3"}, {"pic_id": "18558328080900029292", "x": 270, "y": 314, "w": 8, "h": 9, "type": "301", "sign_id": "sign_B_4"}, {"pic_id": "18558328080900029293", "x": 193, "y": 294, "w": 9, "h": 11, "type": "301", "sign_id": "sign_B_5"}, {"pic_id": "18558328080900029294", "x": 22, "y": 229, "w": 13, "h": 15, "type": "301", "sign_id": "sign_B_6"}], "match": [{"sign_id": "sign_A_1", "match_sign_id": "sign_B_1"}, {"sign_id": "sign_A_1", "match_sign_id": "sign_B_6"}, {"sign_id": "sign_A_1", "match_sign_id": "sign_B_4"}, {"sign_id": "sign_A_1", "match_sign_id": "sign_B_5"}, {"sign_id": "sign_A_1", "match_sign_id": "sign_B_3"}, {"sign_id": "sign_A_2", "match_sign_id": "sign_B_2"}, {"sign_id": "sign_A_2", "match_sign_id": "sign_B_1"}, {"sign_id": "sign_A_2", "match_sign_id": "sign_B_4"}, {"sign_id": "sign_A_2", "match_sign_id": "sign_B_5"}, {"sign_id": "sign_A_2", "match_sign_id": "sign_B_6"}, {"sign_id": "sign_A_2", "match_sign_id": "sign_B_3"}, {"sign_id": "sign_A_3", "match_sign_id": "sign_B_2"}, {"sign_id": "sign_A_3", "match_sign_id": "sign_B_1"}, {"sign_id": "sign_A_3", "match_sign_id": "sign_B_5"}, {"sign_id": "sign_A_3", "match_sign_id": "sign_B_4"}, {"sign_id": "sign_A_3", "match_sign_id": "sign_B_6"}]}