{"group": [{"pic_list": ["20599579040400002235", "20599579040400002236", "20599579040400002237", "20599579040400002238", "20599579040400002239", "20599579040400002240", "20599579040400002217"], "seq_id": "A"}, {"pic_list": ["18558157073000025504", "18558157073000025505", "18558157073000025506", "18558157073000025507", "18558157073000025508", "18558157073000025509", "18558157073000025510", "18558157073000025511", "18558157073000030079"], "seq_id": "B"}], "signs": [{"pic_id": "20599579040400002236", "x": 325, "y": 260, "w": 22, "h": 22, "type": "103", "sign_id": "sign_A_1"}, {"pic_id": "20599579040400002237", "x": 581, "y": 217, "w": 25, "h": 26, "type": "103", "sign_id": "sign_A_2"}, {"pic_id": "20599579040400002237", "x": 98, "y": 313, "w": 8, "h": 9, "type": "301", "sign_id": "sign_A_3"}, {"pic_id": "20599579040400002238", "x": 627, "y": 180, "w": 35, "h": 36, "type": "103", "sign_id": "sign_A_4"}, {"pic_id": "20599579040400002238", "x": 316, "y": 186, "w": 36, "h": 36, "type": "106", "sign_id": "sign_A_5"}, {"pic_id": "20599579040400002238", "x": 87, "y": 334, "w": 9, "h": 10, "type": "301", "sign_id": "sign_A_6"}, {"pic_id": "20599579040400002239", "x": 646, "y": 0, "w": 61, "h": 49, "type": "103", "sign_id": "sign_A_7"}, {"pic_id": "18558157073000025507", "x": 177, "y": 193, "w": 24, "h": 23, "type": "103", "sign_id": "sign_B_1"}, {"pic_id": "18558157073000025508", "x": 540, "y": 152, "w": 27, "h": 28, "type": "103", "sign_id": "sign_B_2"}, {"pic_id": "18558157073000025508", "x": 305, "y": 150, "w": 26, "h": 28, "type": "106", "sign_id": "sign_B_3"}, {"pic_id": "18558157073000025509", "x": 620, "y": 133, "w": 33, "h": 34, "type": "103", "sign_id": "sign_B_4"}, {"pic_id": "18558157073000025509", "x": 340, "y": 141, "w": 31, "h": 33, "type": "106", "sign_id": "sign_B_5"}, {"pic_id": "18558157073000025510", "x": 645, "y": 41, "w": 44, "h": 46, "type": "103", "sign_id": "sign_B_6"}], "match": [{"sign_id": "sign_A_1", "match_sign_id": "sign_B_1"}, {"sign_id": "sign_A_1", "match_sign_id": "sign_B_2"}, {"sign_id": "sign_A_1", "match_sign_id": "sign_B_6"}, {"sign_id": "sign_A_1", "match_sign_id": "sign_B_4"}, {"sign_id": "sign_A_2", "match_sign_id": "sign_B_2"}, {"sign_id": "sign_A_2", "match_sign_id": "sign_B_4"}, {"sign_id": "sign_A_2", "match_sign_id": "sign_B_6"}, {"sign_id": "sign_A_2", "match_sign_id": "sign_B_1"}, {"sign_id": "sign_A_3", "match_sign_id": " "}, {"sign_id": "sign_A_4", "match_sign_id": "sign_B_6"}, {"sign_id": "sign_A_4", "match_sign_id": "sign_B_4"}, {"sign_id": "sign_A_4", "match_sign_id": "sign_B_2"}, {"sign_id": "sign_A_4", "match_sign_id": "sign_B_1"}, {"sign_id": "sign_A_5", "match_sign_id": "sign_B_5"}, {"sign_id": "sign_A_5", "match_sign_id": "sign_B_3"}, {"sign_id": "sign_A_6", "match_sign_id": " "}, {"sign_id": "sign_A_7", "match_sign_id": "sign_B_4"}, {"sign_id": "sign_A_7", "match_sign_id": "sign_B_2"}, {"sign_id": "sign_A_7", "match_sign_id": "sign_B_1"}, {"sign_id": "sign_A_7", "match_sign_id": "sign_B_6"}]}