{"group": [{"pic_list": ["19582497081900008031", "19582497081900008032", "19582497081900008033", "19582497081900008034", "19582497081900008035", "19582497081900008036", "19582497081900007674"], "seq_id": "A"}, {"pic_list": ["18558664090600001020", "18558664090600004315", "18558664090600004316", "18558664090600004317", "18558664090600004318", "18558664090600004319", "18558664090600004320", "18558664090600004321"], "seq_id": "B"}], "signs": [{"pic_id": "19582497081900008033", "x": 711, "y": 384, "w": 9, "h": 11, "type": "301", "sign_id": "sign_A_1"}, {"pic_id": "19582497081900008033", "x": 724, "y": 388, "w": 9, "h": 10, "type": "301", "sign_id": "sign_A_2"}, {"pic_id": "19582497081900008034", "x": 737, "y": 359, "w": 10, "h": 14, "type": "301", "sign_id": "sign_A_3"}, {"pic_id": "19582497081900008034", "x": 754, "y": 366, "w": 11, "h": 12, "type": "301", "sign_id": "sign_A_4"}, {"pic_id": "19582497081900008035", "x": 759, "y": 335, "w": 12, "h": 16, "type": "301", "sign_id": "sign_A_5"}, {"pic_id": "19582497081900008035", "x": 780, "y": 345, "w": 11, "h": 13, "type": "301", "sign_id": "sign_A_6"}, {"pic_id": "19582497081900008036", "x": 824, "y": 273, "w": 17, "h": 23, "type": "301", "sign_id": "sign_A_7"}, {"pic_id": "18558664090600004315", "x": 740, "y": 370, "w": 9, "h": 11, "type": "301", "sign_id": "sign_B_1"}, {"pic_id": "18558664090600004316", "x": 689, "y": 349, "w": 10, "h": 13, "type": "301", "sign_id": "sign_B_2"}, {"pic_id": "18558664090600004317", "x": 706, "y": 336, "w": 11, "h": 16, "type": "301", "sign_id": "sign_B_3"}, {"pic_id": "18558664090600004318", "x": 813, "y": 240, "w": 20, "h": 26, "type": "301", "sign_id": "sign_B_4"}, {"pic_id": "18558664090600004319", "x": 935, "y": 138, "w": 30, "h": 38, "type": "301", "sign_id": "sign_B_5"}], "match": [{"sign_id": "sign_A_1", "match_sign_id": "sign_B_3"}, {"sign_id": "sign_A_1", "match_sign_id": "sign_B_1"}, {"sign_id": "sign_A_1", "match_sign_id": "sign_B_2"}, {"sign_id": "sign_A_1", "match_sign_id": "sign_B_4"}, {"sign_id": "sign_A_2", "match_sign_id": "sign_B_5"}, {"sign_id": "sign_A_2", "match_sign_id": "sign_B_3"}, {"sign_id": "sign_A_2", "match_sign_id": "sign_B_1"}, {"sign_id": "sign_A_2", "match_sign_id": "sign_B_2"}, {"sign_id": "sign_A_3", "match_sign_id": "sign_B_2"}, {"sign_id": "sign_A_3", "match_sign_id": "sign_B_4"}, {"sign_id": "sign_A_3", "match_sign_id": "sign_B_3"}, {"sign_id": "sign_A_3", "match_sign_id": "sign_B_1"}, {"sign_id": "sign_A_4", "match_sign_id": "sign_B_5"}, {"sign_id": "sign_A_5", "match_sign_id": "sign_B_4"}, {"sign_id": "sign_A_5", "match_sign_id": "sign_B_3"}, {"sign_id": "sign_A_5", "match_sign_id": "sign_B_2"}, {"sign_id": "sign_A_5", "match_sign_id": "sign_B_5"}, {"sign_id": "sign_A_7", "match_sign_id": "sign_B_5"}, {"sign_id": "sign_A_7", "match_sign_id": "sign_B_3"}, {"sign_id": "sign_A_7", "match_sign_id": "sign_B_2"}, {"sign_id": "sign_A_7", "match_sign_id": "sign_B_4"}, {"sign_id": "sign_A_5", "match_sign_id": "sign_B_1"}, {"sign_id": "sign_A_7", "match_sign_id": "sign_B_1"}, {"sign_id": "sign_A_2", "match_sign_id": "sign_B_4"}, {"sign_id": "sign_A_3", "match_sign_id": "sign_B_5"}, {"sign_id": "sign_A_1", "match_sign_id": "sign_B_5"}]}