{"group": [{"pic_list": ["19589291110100002320", "19589291110100004338", "19589291110100002321", "19589291110100002322", "19589291110100002323", "19589291110100002324"], "seq_id": "A"}, {"pic_list": ["18558841091400027650", "18558841091400027651", "18558841091400027652", "18558841091400027653"], "seq_id": "B"}], "signs": [{"pic_id": "19589291110100002320", "x": 795, "y": 222, "w": 9, "h": 11, "type": "301", "sign_id": "sign_A_1"}, {"pic_id": "19589291110100002321", "x": 845, "y": 165, "w": 13, "h": 17, "type": "301", "sign_id": "sign_A_2"}, {"pic_id": "19589291110100002322", "x": 984, "y": 29, "w": 23, "h": 30, "type": "301", "sign_id": "sign_A_3"}, {"pic_id": "18558841091400027650", "x": 835, "y": 246, "w": 10, "h": 14, "type": "301", "sign_id": "sign_B_1"}, {"pic_id": "18558841091400027651", "x": 894, "y": 186, "w": 14, "h": 18, "type": "301", "sign_id": "sign_B_2"}, {"pic_id": "18558841091400027652", "x": 1044, "y": 49, "w": 22, "h": 28, "type": "301", "sign_id": "sign_B_3"}], "match": [{"sign_id": "sign_A_1", "match_sign_id": "sign_B_1"}, {"sign_id": "sign_A_1", "match_sign_id": "sign_B_2"}, {"sign_id": "sign_A_1", "match_sign_id": "sign_B_3"}, {"sign_id": "sign_A_2", "match_sign_id": "sign_B_2"}, {"sign_id": "sign_A_2", "match_sign_id": "sign_B_1"}, {"sign_id": "sign_A_2", "match_sign_id": "sign_B_3"}, {"sign_id": "sign_A_3", "match_sign_id": "sign_B_2"}, {"sign_id": "sign_A_3", "match_sign_id": "sign_B_3"}, {"sign_id": "sign_A_3", "match_sign_id": "sign_B_1"}]}