{"group": [{"pic_list": ["20599061022300007207", "20599061022300007208", "20599061022300007209"], "seq_id": "A"}, {"pic_list": ["18558913092800005629", "18558913092800005630", "18558913092800005631"], "seq_id": "B"}], "signs": [{"pic_id": "20599061022300007207", "x": 576, "y": 566, "w": 9, "h": 12, "type": "301", "sign_id": "sign_A_1"}, {"pic_id": "20599061022300007208", "x": 563, "y": 597, "w": 10, "h": 14, "type": "301", "sign_id": "sign_A_2"}, {"pic_id": "20599061022300007209", "x": 520, "y": 569, "w": 12, "h": 16, "type": "301", "sign_id": "sign_A_3"}], "match": [{"sign_id": "sign_A_1", "match_sign_id": " "}, {"sign_id": "sign_A_2", "match_sign_id": " "}, {"sign_id": "sign_A_3", "match_sign_id": " "}]}