{"group": [{"pic_list": ["19591887112900004259", "19591887112900004260", "19591887112900004261"], "seq_id": "A"}, {"pic_list": ["18558642090600012902", "18558642090600012903", "18558642090600012904", "18558642090600012905", "18558642090600012906"], "seq_id": "B"}], "signs": [{"pic_id": "19591887112900004259", "x": 1038, "y": 95, "w": 21, "h": 28, "type": "301", "sign_id": "sign_A_1"}, {"pic_id": "19591887112900004260", "x": 731, "y": 320, "w": 27, "h": 28, "type": "105", "sign_id": "sign_A_2"}, {"pic_id": "19591887112900004261", "x": 731, "y": 264, "w": 44, "h": 44, "type": "105", "sign_id": "sign_A_3"}, {"pic_id": "18558642090600012902", "x": 555, "y": 320, "w": 17, "h": 18, "type": "105", "sign_id": "sign_B_1"}, {"pic_id": "18558642090600012902", "x": 1143, "y": 151, "w": 18, "h": 21, "type": "301", "sign_id": "sign_B_2"}, {"pic_id": "18558642090600012902", "x": 663, "y": 236, "w": 10, "h": 13, "type": "301", "sign_id": "sign_B_3"}, {"pic_id": "18558642090600012902", "x": 814, "y": 296, "w": 10, "h": 13, "type": "301", "sign_id": "sign_B_4"}, {"pic_id": "18558642090600012903", "x": 537, "y": 307, "w": 23, "h": 22, "type": "105", "sign_id": "sign_B_5"}, {"pic_id": "18558642090600012903", "x": 684, "y": 183, "w": 13, "h": 17, "type": "301", "sign_id": "sign_B_6"}, {"pic_id": "18558642090600012903", "x": 915, "y": 257, "w": 14, "h": 18, "type": "301", "sign_id": "sign_B_7"}, {"pic_id": "18558642090600012904", "x": 522, "y": 289, "w": 27, "h": 26, "type": "105", "sign_id": "sign_B_8"}, {"pic_id": "18558642090600012904", "x": 1022, "y": 211, "w": 19, "h": 24, "type": "301", "sign_id": "sign_B_9"}, {"pic_id": "18558642090600012904", "x": 704, "y": 125, "w": 16, "h": 22, "type": "301", "sign_id": "sign_B_10"}, {"pic_id": "18558642090600012905", "x": 467, "y": 252, "w": 40, "h": 38, "type": "105", "sign_id": "sign_B_11"}, {"pic_id": "18558642090600012906", "x": 316, "y": 156, "w": 77, "h": 72, "type": "105", "sign_id": "sign_B_12"}], "match": [{"sign_id": "sign_A_1", "match_sign_id": "sign_B_10"}, {"sign_id": "sign_A_1", "match_sign_id": "sign_B_3"}, {"sign_id": "sign_A_1", "match_sign_id": "sign_B_6"}, {"sign_id": "sign_A_2", "match_sign_id": "sign_B_8"}, {"sign_id": "sign_A_2", "match_sign_id": "sign_B_5"}, {"sign_id": "sign_A_2", "match_sign_id": "sign_B_1"}, {"sign_id": "sign_A_2", "match_sign_id": "sign_B_11"}, {"sign_id": "sign_A_2", "match_sign_id": "sign_B_12"}, {"sign_id": "sign_A_3", "match_sign_id": "sign_B_1"}, {"sign_id": "sign_A_3", "match_sign_id": "sign_B_8"}, {"sign_id": "sign_A_3", "match_sign_id": "sign_B_11"}, {"sign_id": "sign_A_3", "match_sign_id": "sign_B_12"}, {"sign_id": "sign_A_3", "match_sign_id": "sign_B_5"}]}