{"group": [{"pic_list": ["20599235030100009581", "20599235030100009582", "20599235030100009583", "20599235030100009584"], "seq_id": "A"}, {"pic_list": ["18558913092800017649", "18558913092800017650", "18558913092800017651", "18558913092800017652"], "seq_id": "B"}], "signs": [{"pic_id": "20599235030100009581", "x": 749, "y": 460, "w": 18, "h": 23, "type": "301", "sign_id": "sign_A_1"}, {"pic_id": "20599235030100009582", "x": 763, "y": 349, "w": 23, "h": 31, "type": "301", "sign_id": "sign_A_2"}, {"pic_id": "18558913092800017649", "x": 677, "y": 226, "w": 9, "h": 11, "type": "301", "sign_id": "sign_B_1"}, {"pic_id": "18558913092800017650", "x": 767, "y": 171, "w": 12, "h": 16, "type": "301", "sign_id": "sign_B_2"}, {"pic_id": "18558913092800017651", "x": 900, "y": 49, "w": 20, "h": 27, "type": "301", "sign_id": "sign_B_3"}], "match": [{"sign_id": "sign_A_1", "match_sign_id": "sign_B_2"}, {"sign_id": "sign_A_1", "match_sign_id": "sign_B_1"}, {"sign_id": "sign_A_1", "match_sign_id": "sign_B_3"}, {"sign_id": "sign_A_2", "match_sign_id": "sign_B_2"}, {"sign_id": "sign_A_2", "match_sign_id": "sign_B_3"}, {"sign_id": "sign_A_2", "match_sign_id": "sign_B_1"}]}