{"group": [{"pic_list": ["19588748102500006371", "19588748102500007244", "19588748102500007245", "19588748102500007246"], "seq_id": "A"}, {"pic_list": ["18557500070900015802", "18557500070900015803", "18557500070900015804", "18557500070900015805"], "seq_id": "B"}], "signs": [{"pic_id": "19588748102500007244", "x": 701, "y": 327, "w": 7, "h": 9, "type": "301", "sign_id": "sign_A_1"}, {"pic_id": "19588748102500007245", "x": 682, "y": 308, "w": 8, "h": 10, "type": "301", "sign_id": "sign_A_2"}, {"pic_id": "19588748102500007246", "x": 690, "y": 256, "w": 11, "h": 15, "type": "301", "sign_id": "sign_A_3"}, {"pic_id": "18557500070900015802", "x": 633, "y": 371, "w": 6, "h": 8, "type": "301", "sign_id": "sign_B_1"}, {"pic_id": "18557500070900015803", "x": 635, "y": 355, "w": 7, "h": 9, "type": "301", "sign_id": "sign_B_2"}, {"pic_id": "18557500070900015804", "x": 642, "y": 330, "w": 8, "h": 11, "type": "301", "sign_id": "sign_B_3"}, {"pic_id": "18557500070900015805", "x": 644, "y": 254, "w": 12, "h": 15, "type": "301", "sign_id": "sign_B_4"}], "match": [{"sign_id": "sign_A_1", "match_sign_id": "sign_B_1"}, {"sign_id": "sign_A_1", "match_sign_id": "sign_B_2"}, {"sign_id": "sign_A_1", "match_sign_id": "sign_B_4"}, {"sign_id": "sign_A_1", "match_sign_id": "sign_B_3"}, {"sign_id": "sign_A_2", "match_sign_id": "sign_B_2"}, {"sign_id": "sign_A_2", "match_sign_id": "sign_B_1"}, {"sign_id": "sign_A_2", "match_sign_id": "sign_B_3"}, {"sign_id": "sign_A_2", "match_sign_id": "sign_B_4"}, {"sign_id": "sign_A_3", "match_sign_id": "sign_B_4"}, {"sign_id": "sign_A_3", "match_sign_id": "sign_B_3"}, {"sign_id": "sign_A_3", "match_sign_id": "sign_B_2"}, {"sign_id": "sign_A_3", "match_sign_id": "sign_B_1"}]}