{"group": [{"pic_list": ["19582389081700011846", "19582389081700011847", "19582389081700011848", "19582389081700011849", "19582389081700011850", "19582389081700011851", "19582389081700011852"], "seq_id": "A"}, {"pic_list": ["18558091081500019834", "18558091081500019835", "18558091081500019836", "18558091081500019837", "18558091081500019838", "18558091081500019839", "18558091081500019840", "18558091081500019841"], "seq_id": "B"}], "signs": [{"pic_id": "19582389081700011848", "x": 1185, "y": 287, "w": 11, "h": 14, "type": "301", "sign_id": "sign_A_1"}, {"pic_id": "19582389081700011849", "x": 1096, "y": 259, "w": 12, "h": 14, "type": "301", "sign_id": "sign_A_2"}, {"pic_id": "19582389081700011850", "x": 1018, "y": 216, "w": 14, "h": 18, "type": "301", "sign_id": "sign_A_3"}, {"pic_id": "19582389081700011851", "x": 1053, "y": 124, "w": 19, "h": 25, "type": "301", "sign_id": "sign_A_4"}, {"pic_id": "18558091081500019834", "x": 1118, "y": 351, "w": 7, "h": 8, "type": "301", "sign_id": "sign_B_1"}, {"pic_id": "18558091081500019835", "x": 1084, "y": 354, "w": 7, "h": 8, "type": "301", "sign_id": "sign_B_2"}, {"pic_id": "18558091081500019836", "x": 1056, "y": 354, "w": 8, "h": 9, "type": "301", "sign_id": "sign_B_3"}, {"pic_id": "18558091081500019837", "x": 1079, "y": 328, "w": 8, "h": 9, "type": "301", "sign_id": "sign_B_4"}, {"pic_id": "18558091081500019838", "x": 1105, "y": 320, "w": 10, "h": 12, "type": "301", "sign_id": "sign_B_5"}, {"pic_id": "18558091081500019839", "x": 1186, "y": 286, "w": 11, "h": 14, "type": "301", "sign_id": "sign_B_6"}], "match": [{"sign_id": "sign_A_1", "match_sign_id": "sign_B_6"}, {"sign_id": "sign_A_1", "match_sign_id": "sign_B_4"}, {"sign_id": "sign_A_1", "match_sign_id": "sign_B_1"}, {"sign_id": "sign_A_1", "match_sign_id": "sign_B_5"}, {"sign_id": "sign_A_1", "match_sign_id": "sign_B_2"}, {"sign_id": "sign_A_1", "match_sign_id": "sign_B_3"}, {"sign_id": "sign_A_2", "match_sign_id": "sign_B_6"}, {"sign_id": "sign_A_2", "match_sign_id": "sign_B_1"}, {"sign_id": "sign_A_2", "match_sign_id": "sign_B_4"}, {"sign_id": "sign_A_2", "match_sign_id": "sign_B_3"}, {"sign_id": "sign_A_2", "match_sign_id": "sign_B_2"}, {"sign_id": "sign_A_2", "match_sign_id": "sign_B_5"}, {"sign_id": "sign_A_3", "match_sign_id": "sign_B_6"}, {"sign_id": "sign_A_3", "match_sign_id": "sign_B_1"}, {"sign_id": "sign_A_3", "match_sign_id": "sign_B_4"}, {"sign_id": "sign_A_3", "match_sign_id": "sign_B_2"}, {"sign_id": "sign_A_3", "match_sign_id": "sign_B_3"}, {"sign_id": "sign_A_3", "match_sign_id": "sign_B_5"}, {"sign_id": "sign_A_4", "match_sign_id": "sign_B_6"}, {"sign_id": "sign_A_4", "match_sign_id": "sign_B_1"}, {"sign_id": "sign_A_4", "match_sign_id": "sign_B_5"}, {"sign_id": "sign_A_4", "match_sign_id": "sign_B_4"}, {"sign_id": "sign_A_4", "match_sign_id": "sign_B_2"}, {"sign_id": "sign_A_4", "match_sign_id": "sign_B_3"}]}