{"group": [{"pic_list": ["19587977101600006188", "19587977101600006189", "19587977101600006190", "19587977101600006191", "19587977101600006192", "19587977101600006193", "19587977101600006194", "19587977101600006195"], "seq_id": "A"}, {"pic_list": ["18558082081500015088", "18558082081500015089", "18558082081500015090", "18558082081500015091", "18558082081500015092", "18558082081500015093", "18558082081500015094", "18558082081500015095", "18558082081500015096", "18558082081500015097", "18558082081500015098"], "seq_id": "B"}], "signs": [{"pic_id": "19587977101600006188", "x": 209, "y": 344, "w": 8, "h": 11, "type": "301", "sign_id": "sign_A_1"}, {"pic_id": "19587977101600006189", "x": 191, "y": 314, "w": 11, "h": 13, "type": "301", "sign_id": "sign_A_2"}, {"pic_id": "19587977101600006190", "x": 122, "y": 266, "w": 16, "h": 19, "type": "301", "sign_id": "sign_A_3"}, {"pic_id": "18558082081500015088", "x": 259, "y": 354, "w": 9, "h": 12, "type": "301", "sign_id": "sign_B_1"}, {"pic_id": "18558082081500015089", "x": 328, "y": 346, "w": 9, "h": 13, "type": "301", "sign_id": "sign_B_2"}, {"pic_id": "18558082081500015090", "x": 321, "y": 328, "w": 10, "h": 13, "type": "301", "sign_id": "sign_B_3"}, {"pic_id": "18558082081500015091", "x": 277, "y": 300, "w": 13, "h": 16, "type": "301", "sign_id": "sign_B_4"}, {"pic_id": "18558082081500015092", "x": 190, "y": 250, "w": 17, "h": 22, "type": "301", "sign_id": "sign_B_5"}, {"pic_id": "18558082081500015093", "x": 59, "y": 161, "w": 25, "h": 30, "type": "301", "sign_id": "sign_B_6"}], "match": [{"sign_id": "sign_A_1", "match_sign_id": "sign_B_3"}, {"sign_id": "sign_A_1", "match_sign_id": "sign_B_4"}, {"sign_id": "sign_A_1", "match_sign_id": "sign_B_6"}, {"sign_id": "sign_A_1", "match_sign_id": "sign_B_1"}, {"sign_id": "sign_A_1", "match_sign_id": "sign_B_2"}, {"sign_id": "sign_A_1", "match_sign_id": "sign_B_5"}, {"sign_id": "sign_A_2", "match_sign_id": "sign_B_4"}, {"sign_id": "sign_A_2", "match_sign_id": "sign_B_3"}, {"sign_id": "sign_A_2", "match_sign_id": "sign_B_2"}, {"sign_id": "sign_A_2", "match_sign_id": "sign_B_6"}, {"sign_id": "sign_A_2", "match_sign_id": "sign_B_5"}, {"sign_id": "sign_A_2", "match_sign_id": "sign_B_1"}, {"sign_id": "sign_A_3", "match_sign_id": "sign_B_3"}, {"sign_id": "sign_A_3", "match_sign_id": "sign_B_4"}, {"sign_id": "sign_A_3", "match_sign_id": "sign_B_2"}, {"sign_id": "sign_A_3", "match_sign_id": "sign_B_5"}, {"sign_id": "sign_A_3", "match_sign_id": "sign_B_6"}, {"sign_id": "sign_A_3", "match_sign_id": "sign_B_1"}]}