{"group": [{"pic_list": ["19590914111600005259", "19590914111600005260", "19590914111600005261", "19590914111600005262", "19590914111600005263", "19590914111600005264", "19590914111600005265"], "seq_id": "A"}, {"pic_list": ["18558763091200034176", "18558763091200034177", "18558763091200034178", "18558763091200034179", "18558763091200034180", "18558763091200034181", "18558763091200034182", "18558763091200034183", "18558763091200034184"], "seq_id": "B"}], "signs": [{"pic_id": "19590914111600005259", "x": 647, "y": 458, "w": 15, "h": 17, "type": "104", "sign_id": "sign_A_1"}, {"pic_id": "19590914111600005260", "x": 623, "y": 442, "w": 18, "h": 19, "type": "104", "sign_id": "sign_A_2"}, {"pic_id": "19590914111600005261", "x": 618, "y": 421, "w": 23, "h": 23, "type": "104", "sign_id": "sign_A_3"}, {"pic_id": "19590914111600005261", "x": 591, "y": 443, "w": 6, "h": 9, "type": "301", "sign_id": "sign_A_4"}, {"pic_id": "19590914111600005262", "x": 629, "y": 386, "w": 29, "h": 31, "type": "104", "sign_id": "sign_A_5"}, {"pic_id": "19590914111600005262", "x": 594, "y": 415, "w": 7, "h": 10, "type": "301", "sign_id": "sign_A_6"}, {"pic_id": "19590914111600005263", "x": 642, "y": 323, "w": 42, "h": 44, "type": "104", "sign_id": "sign_A_7"}, {"pic_id": "19590914111600005263", "x": 593, "y": 364, "w": 11, "h": 15, "type": "301", "sign_id": "sign_A_8"}, {"pic_id": "19590914111600005264", "x": 671, "y": 158, "w": 76, "h": 75, "type": "104", "sign_id": "sign_A_9"}, {"pic_id": "19590914111600005264", "x": 585, "y": 231, "w": 19, "h": 26, "type": "301", "sign_id": "sign_A_10"}, {"pic_id": "18558763091200034177", "x": 691, "y": 289, "w": 17, "h": 18, "type": "104", "sign_id": "sign_B_1"}, {"pic_id": "18558763091200034178", "x": 705, "y": 277, "w": 19, "h": 20, "type": "104", "sign_id": "sign_B_2"}, {"pic_id": "18558763091200034179", "x": 715, "y": 264, "w": 23, "h": 24, "type": "104", "sign_id": "sign_B_3"}, {"pic_id": "18558763091200034180", "x": 731, "y": 231, "w": 30, "h": 31, "type": "104", "sign_id": "sign_B_4"}, {"pic_id": "18558763091200034181", "x": 756, "y": 184, "w": 39, "h": 41, "type": "104", "sign_id": "sign_B_5"}, {"pic_id": "18558763091200034181", "x": 709, "y": 222, "w": 11, "h": 14, "type": "301", "sign_id": "sign_B_6"}, {"pic_id": "18558763091200034182", "x": 809, "y": 90, "w": 62, "h": 61, "type": "104", "sign_id": "sign_B_7"}, {"pic_id": "18558763091200034182", "x": 742, "y": 148, "w": 15, "h": 21, "type": "301", "sign_id": "sign_B_8"}], "match": [{"sign_id": "sign_A_1", "match_sign_id": "sign_B_3"}, {"sign_id": "sign_A_1", "match_sign_id": "sign_B_2"}, {"sign_id": "sign_A_1", "match_sign_id": "sign_B_1"}, {"sign_id": "sign_A_1", "match_sign_id": "sign_B_4"}, {"sign_id": "sign_A_1", "match_sign_id": "sign_B_5"}, {"sign_id": "sign_A_1", "match_sign_id": "sign_B_7"}, {"sign_id": "sign_A_2", "match_sign_id": "sign_B_3"}, {"sign_id": "sign_A_2", "match_sign_id": "sign_B_2"}, {"sign_id": "sign_A_2", "match_sign_id": "sign_B_1"}, {"sign_id": "sign_A_2", "match_sign_id": "sign_B_4"}, {"sign_id": "sign_A_2", "match_sign_id": "sign_B_5"}, {"sign_id": "sign_A_2", "match_sign_id": "sign_B_7"}, {"sign_id": "sign_A_3", "match_sign_id": "sign_B_3"}, {"sign_id": "sign_A_3", "match_sign_id": "sign_B_2"}, {"sign_id": "sign_A_3", "match_sign_id": "sign_B_4"}, {"sign_id": "sign_A_3", "match_sign_id": "sign_B_5"}, {"sign_id": "sign_A_3", "match_sign_id": "sign_B_1"}, {"sign_id": "sign_A_3", "match_sign_id": "sign_B_7"}, {"sign_id": "sign_A_4", "match_sign_id": "sign_B_6"}, {"sign_id": "sign_A_4", "match_sign_id": "sign_B_8"}, {"sign_id": "sign_A_5", "match_sign_id": "sign_B_4"}, {"sign_id": "sign_A_5", "match_sign_id": "sign_B_3"}, {"sign_id": "sign_A_5", "match_sign_id": "sign_B_2"}, {"sign_id": "sign_A_5", "match_sign_id": "sign_B_1"}, {"sign_id": "sign_A_5", "match_sign_id": "sign_B_5"}, {"sign_id": "sign_A_5", "match_sign_id": "sign_B_7"}, {"sign_id": "sign_A_6", "match_sign_id": "sign_B_8"}, {"sign_id": "sign_A_6", "match_sign_id": "sign_B_6"}, {"sign_id": "sign_A_7", "match_sign_id": "sign_B_4"}, {"sign_id": "sign_A_7", "match_sign_id": "sign_B_7"}, {"sign_id": "sign_A_7", "match_sign_id": "sign_B_5"}, {"sign_id": "sign_A_7", "match_sign_id": "sign_B_3"}, {"sign_id": "sign_A_7", "match_sign_id": "sign_B_2"}, {"sign_id": "sign_A_7", "match_sign_id": "sign_B_1"}, {"sign_id": "sign_A_8", "match_sign_id": "sign_B_8"}, {"sign_id": "sign_A_8", "match_sign_id": "sign_B_6"}, {"sign_id": "sign_A_9", "match_sign_id": "sign_B_4"}, {"sign_id": "sign_A_9", "match_sign_id": "sign_B_7"}, {"sign_id": "sign_A_9", "match_sign_id": "sign_B_5"}, {"sign_id": "sign_A_9", "match_sign_id": "sign_B_3"}, {"sign_id": "sign_A_9", "match_sign_id": "sign_B_1"}, {"sign_id": "sign_A_9", "match_sign_id": "sign_B_2"}, {"sign_id": "sign_A_10", "match_sign_id": "sign_B_8"}, {"sign_id": "sign_A_10", "match_sign_id": "sign_B_6"}]}