{"group": [{"pic_list": ["20599494032100015751", "20599494032100015532", "20599494032100015533", "20599494032100015534", "20599494032100015535", "20599494032100015536", "20599494032100015537", "20599494032100015538"], "seq_id": "A"}, {"pic_list": ["18553504011000000070", "18553504011000000071", "18553504011000000072", "18553504011000000073", "18553504011000000074", "18553504011000000075", "18553504011000000076", "18553504011000000077", "18553504011000000078"], "seq_id": "B"}], "signs": [{"pic_id": "20599494032100015532", "x": 685, "y": 354, "w": 5, "h": 6, "type": "301", "sign_id": "sign_A_1"}, {"pic_id": "20599494032100015533", "x": 686, "y": 346, "w": 5, "h": 6, "type": "301", "sign_id": "sign_A_2"}, {"pic_id": "20599494032100015534", "x": 687, "y": 344, "w": 6, "h": 7, "type": "301", "sign_id": "sign_A_3"}, {"pic_id": "20599494032100015535", "x": 658, "y": 312, "w": 18, "h": 18, "type": "106", "sign_id": "sign_A_4"}, {"pic_id": "20599494032100015535", "x": 742, "y": 372, "w": 15, "h": 18, "type": "106", "sign_id": "sign_A_5"}, {"pic_id": "20599494032100015535", "x": 689, "y": 326, "w": 6, "h": 8, "type": "301", "sign_id": "sign_A_6"}, {"pic_id": "20599494032100015536", "x": 658, "y": 280, "w": 24, "h": 25, "type": "106", "sign_id": "sign_A_7"}, {"pic_id": "20599494032100015536", "x": 768, "y": 362, "w": 22, "h": 26, "type": "106", "sign_id": "sign_A_8"}, {"pic_id": "20599494032100015536", "x": 699, "y": 301, "w": 8, "h": 10, "type": "301", "sign_id": "sign_A_9"}, {"pic_id": "20599494032100015537", "x": 677, "y": 219, "w": 36, "h": 36, "type": "106", "sign_id": "sign_A_10"}, {"pic_id": "20599494032100015537", "x": 838, "y": 343, "w": 38, "h": 40, "type": "106", "sign_id": "sign_A_11"}, {"pic_id": "20599494032100015537", "x": 740, "y": 250, "w": 11, "h": 14, "type": "301", "sign_id": "sign_A_12"}, {"pic_id": "20599494032100015537", "x": 32, "y": 215, "w": 11, "h": 14, "type": "301", "sign_id": "sign_A_13"}, {"pic_id": "20599494032100015538", "x": 758, "y": 10, "w": 79, "h": 79, "type": "106", "sign_id": "sign_A_14"}, {"pic_id": "20599494032100015538", "x": 1079, "y": 293, "w": 90, "h": 84, "type": "106", "sign_id": "sign_A_15"}, {"pic_id": "20599494032100015538", "x": 898, "y": 78, "w": 24, "h": 31, "type": "301", "sign_id": "sign_A_16"}, {"pic_id": "18553504011000000070", "x": 687, "y": 375, "w": 5, "h": 6, "type": "301", "sign_id": "sign_B_1"}, {"pic_id": "18553504011000000071", "x": 686, "y": 370, "w": 5, "h": 7, "type": "301", "sign_id": "sign_B_2"}, {"pic_id": "18553504011000000072", "x": 687, "y": 369, "w": 6, "h": 7, "type": "301", "sign_id": "sign_B_3"}, {"pic_id": "18553504011000000073", "x": 688, "y": 360, "w": 6, "h": 7, "type": "301", "sign_id": "sign_B_4"}, {"pic_id": "18553504011000000074", "x": 696, "y": 350, "w": 6, "h": 8, "type": "301", "sign_id": "sign_B_5"}, {"pic_id": "18553504011000000075", "x": 768, "y": 383, "w": 20, "h": 23, "type": "106", "sign_id": "sign_B_6"}, {"pic_id": "18553504011000000075", "x": 709, "y": 331, "w": 7, "h": 8, "type": "301", "sign_id": "sign_B_7"}, {"pic_id": "18553504011000000075", "x": 321, "y": 316, "w": 7, "h": 9, "type": "301", "sign_id": "sign_B_8"}, {"pic_id": "18553504011000000076", "x": 806, "y": 369, "w": 28, "h": 31, "type": "106", "sign_id": "sign_B_9"}, {"pic_id": "18553504011000000076", "x": 728, "y": 299, "w": 9, "h": 11, "type": "301", "sign_id": "sign_B_10"}, {"pic_id": "18553504011000000076", "x": 192, "y": 276, "w": 12, "h": 14, "type": "301", "sign_id": "sign_B_11"}, {"pic_id": "18553504011000000077", "x": 876, "y": 347, "w": 45, "h": 46, "type": "106", "sign_id": "sign_B_12"}, {"pic_id": "18553504011000000077", "x": 767, "y": 239, "w": 12, "h": 16, "type": "301", "sign_id": "sign_B_13"}, {"pic_id": "18553504011000000078", "x": 1097, "y": 290, "w": 98, "h": 87, "type": "106", "sign_id": "sign_B_14"}, {"pic_id": "18553504011000000078", "x": 907, "y": 60, "w": 25, "h": 33, "type": "301", "sign_id": "sign_B_15"}], "match": [{"sign_id": "sign_A_1", "match_sign_id": "sign_B_1"}, {"sign_id": "sign_A_1", "match_sign_id": "sign_B_2"}, {"sign_id": "sign_A_1", "match_sign_id": "sign_B_3"}, {"sign_id": "sign_A_1", "match_sign_id": "sign_B_5"}, {"sign_id": "sign_A_1", "match_sign_id": "sign_B_4"}, {"sign_id": "sign_A_1", "match_sign_id": "sign_B_8"}, {"sign_id": "sign_A_1", "match_sign_id": "sign_B_11"}, {"sign_id": "sign_A_2", "match_sign_id": "sign_B_5"}, {"sign_id": "sign_A_2", "match_sign_id": "sign_B_8"}, {"sign_id": "sign_A_2", "match_sign_id": "sign_B_4"}, {"sign_id": "sign_A_2", "match_sign_id": "sign_B_7"}, {"sign_id": "sign_A_2", "match_sign_id": "sign_B_10"}, {"sign_id": "sign_A_2", "match_sign_id": "sign_B_2"}, {"sign_id": "sign_A_3", "match_sign_id": "sign_B_5"}, {"sign_id": "sign_A_3", "match_sign_id": "sign_B_8"}, {"sign_id": "sign_A_3", "match_sign_id": "sign_B_7"}, {"sign_id": "sign_A_3", "match_sign_id": "sign_B_4"}, {"sign_id": "sign_A_3", "match_sign_id": "sign_B_10"}, {"sign_id": "sign_A_5", "match_sign_id": "sign_B_9"}, {"sign_id": "sign_A_5", "match_sign_id": "sign_B_6"}, {"sign_id": "sign_A_5", "match_sign_id": "sign_B_12"}, {"sign_id": "sign_A_5", "match_sign_id": "sign_B_14"}, {"sign_id": "sign_A_6", "match_sign_id": "sign_B_10"}, {"sign_id": "sign_A_6", "match_sign_id": "sign_B_7"}, {"sign_id": "sign_A_6", "match_sign_id": "sign_B_8"}, {"sign_id": "sign_A_6", "match_sign_id": "sign_B_13"}, {"sign_id": "sign_A_6", "match_sign_id": "sign_B_5"}, {"sign_id": "sign_A_8", "match_sign_id": "sign_B_12"}, {"sign_id": "sign_A_8", "match_sign_id": "sign_B_6"}, {"sign_id": "sign_A_8", "match_sign_id": "sign_B_9"}, {"sign_id": "sign_A_8", "match_sign_id": "sign_B_14"}, {"sign_id": "sign_A_9", "match_sign_id": "sign_B_10"}, {"sign_id": "sign_A_9", "match_sign_id": "sign_B_7"}, {"sign_id": "sign_A_9", "match_sign_id": "sign_B_8"}, {"sign_id": "sign_A_9", "match_sign_id": "sign_B_13"}, {"sign_id": "sign_A_9", "match_sign_id": "sign_B_5"}, {"sign_id": "sign_A_11", "match_sign_id": "sign_B_12"}, {"sign_id": "sign_A_11", "match_sign_id": "sign_B_9"}, {"sign_id": "sign_A_11", "match_sign_id": "sign_B_14"}, {"sign_id": "sign_A_11", "match_sign_id": "sign_B_6"}, {"sign_id": "sign_A_12", "match_sign_id": "sign_B_10"}, {"sign_id": "sign_A_12", "match_sign_id": "sign_B_13"}, {"sign_id": "sign_A_12", "match_sign_id": "sign_B_7"}, {"sign_id": "sign_A_12", "match_sign_id": "sign_B_8"}, {"sign_id": "sign_A_13", "match_sign_id": "sign_B_15"}, {"sign_id": "sign_A_13", "match_sign_id": "sign_B_13"}, {"sign_id": "sign_A_13", "match_sign_id": "sign_B_11"}, {"sign_id": "sign_A_13", "match_sign_id": "sign_B_2"}, {"sign_id": "sign_A_15", "match_sign_id": "sign_B_14"}, {"sign_id": "sign_A_15", "match_sign_id": "sign_B_12"}, {"sign_id": "sign_A_15", "match_sign_id": "sign_B_9"}, {"sign_id": "sign_A_15", "match_sign_id": "sign_B_6"}, {"sign_id": "sign_A_16", "match_sign_id": "sign_B_15"}, {"sign_id": "sign_A_16", "match_sign_id": "sign_B_13"}, {"sign_id": "sign_A_16", "match_sign_id": "sign_B_10"}, {"sign_id": "sign_A_16", "match_sign_id": "sign_B_7"}, {"sign_id": "sign_A_2", "match_sign_id": "sign_B_1"}, {"sign_id": "sign_A_3", "match_sign_id": "sign_B_1"}, {"sign_id": "sign_A_2", "match_sign_id": "sign_B_3"}, {"sign_id": "sign_A_3", "match_sign_id": "sign_B_3"}, {"sign_id": "sign_A_9", "match_sign_id": "sign_B_15"}, {"sign_id": "sign_A_6", "match_sign_id": "sign_B_15"}]}