{"group": [{"pic_list": ["19579674070900008639", "19579674070900008640", "19579674070900008641", "19579674070900008642", "19579674070900008578"], "seq_id": "A"}, {"pic_list": ["18558314080900000856", "18558314080900000857", "18558314080900000858", "18558314080900000859", "18558314080900000860"], "seq_id": "B"}], "signs": [{"pic_id": "19579674070900008640", "x": 342, "y": 158, "w": 10, "h": 13, "type": "301", "sign_id": "sign_A_1"}, {"pic_id": "19579674070900008641", "x": 92, "y": 30, "w": 14, "h": 17, "type": "301", "sign_id": "sign_A_2"}, {"pic_id": "18558314080900000856", "x": 216, "y": 281, "w": 11, "h": 13, "type": "301", "sign_id": "sign_B_1"}, {"pic_id": "18558314080900000856", "x": 409, "y": 157, "w": 8, "h": 11, "type": "301", "sign_id": "sign_B_2"}, {"pic_id": "18558314080900000857", "x": 30, "y": 259, "w": 14, "h": 17, "type": "301", "sign_id": "sign_B_3"}, {"pic_id": "18558314080900000857", "x": 304, "y": 108, "w": 10, "h": 13, "type": "301", "sign_id": "sign_B_4"}], "match": [{"sign_id": "sign_A_1", "match_sign_id": "sign_B_4"}, {"sign_id": "sign_A_1", "match_sign_id": "sign_B_2"}, {"sign_id": "sign_A_2", "match_sign_id": "sign_B_4"}, {"sign_id": "sign_A_2", "match_sign_id": "sign_B_2"}]}