{"group": [{"pic_list": ["19566687031300008435", "19566687031300008436", "19566687031300008437", "19566687031300008438"], "seq_id": "A"}, {"pic_list": ["18559815111400008281", "18559815111400008282", "18559815111400008283"], "seq_id": "B"}], "signs": [{"pic_id": "19566687031300008435", "x": 862, "y": 276, "w": 18, "h": 20, "type": "106", "sign_id": "sign_A_1"}, {"pic_id": "19566687031300008435", "x": 280, "y": 288, "w": 7, "h": 8, "type": "301", "sign_id": "sign_A_2"}, {"pic_id": "19566687031300008436", "x": 211, "y": 276, "w": 7, "h": 9, "type": "301", "sign_id": "sign_A_3"}, {"pic_id": "19566687031300008437", "x": 120, "y": 259, "w": 8, "h": 11, "type": "301", "sign_id": "sign_A_4"}, {"pic_id": "18559815111400008281", "x": 284, "y": 319, "w": 7, "h": 8, "type": "301", "sign_id": "sign_B_1"}, {"pic_id": "18559815111400008282", "x": 176, "y": 295, "w": 9, "h": 10, "type": "301", "sign_id": "sign_B_2"}], "match": [{"sign_id": "sign_A_1", "match_sign_id": " "}, {"sign_id": "sign_A_2", "match_sign_id": "sign_B_1"}, {"sign_id": "sign_A_2", "match_sign_id": "sign_B_2"}, {"sign_id": "sign_A_3", "match_sign_id": "sign_B_2"}, {"sign_id": "sign_A_3", "match_sign_id": "sign_B_1"}, {"sign_id": "sign_A_4", "match_sign_id": "sign_B_2"}, {"sign_id": "sign_A_4", "match_sign_id": "sign_B_1"}]}