{"group": [{"pic_list": ["20599468031900016197", "20599468031900016198", "20599468031900016199"], "seq_id": "A"}, {"pic_list": ["18557491070900039248", "18557491070900039249"], "seq_id": "B"}], "signs": [{"pic_id": "20599468031900016197", "x": 836, "y": 337, "w": 19, "h": 17, "type": "103", "sign_id": "sign_A_1"}, {"pic_id": "20599468031900016197", "x": 916, "y": 314, "w": 21, "h": 20, "type": "104", "sign_id": "sign_A_2"}, {"pic_id": "20599468031900016198", "x": 805, "y": 340, "w": 20, "h": 19, "type": "103", "sign_id": "sign_A_3"}, {"pic_id": "20599468031900016198", "x": 910, "y": 308, "w": 24, "h": 24, "type": "104", "sign_id": "sign_A_4"}, {"pic_id": "20599468031900016199", "x": 786, "y": 336, "w": 24, "h": 23, "type": "103", "sign_id": "sign_A_5"}, {"pic_id": "20599468031900016199", "x": 941, "y": 286, "w": 31, "h": 31, "type": "104", "sign_id": "sign_A_6"}, {"pic_id": "18557491070900039248", "x": 725, "y": 324, "w": 19, "h": 19, "type": "103", "sign_id": "sign_B_1"}, {"pic_id": "18557491070900039248", "x": 807, "y": 284, "w": 20, "h": 18, "type": "104", "sign_id": "sign_B_2"}, {"pic_id": "18557491070900039249", "x": 785, "y": 320, "w": 22, "h": 21, "type": "103", "sign_id": "sign_B_3"}, {"pic_id": "18557491070900039249", "x": 898, "y": 264, "w": 25, "h": 22, "type": "104", "sign_id": "sign_B_4"}], "match": [{"sign_id": "sign_A_1", "match_sign_id": "sign_B_3"}, {"sign_id": "sign_A_1", "match_sign_id": "sign_B_1"}, {"sign_id": "sign_A_2", "match_sign_id": "sign_B_2"}, {"sign_id": "sign_A_2", "match_sign_id": "sign_B_4"}, {"sign_id": "sign_A_3", "match_sign_id": "sign_B_3"}, {"sign_id": "sign_A_3", "match_sign_id": "sign_B_1"}, {"sign_id": "sign_A_4", "match_sign_id": "sign_B_4"}, {"sign_id": "sign_A_4", "match_sign_id": "sign_B_2"}, {"sign_id": "sign_A_5", "match_sign_id": "sign_B_3"}, {"sign_id": "sign_A_5", "match_sign_id": "sign_B_1"}, {"sign_id": "sign_A_6", "match_sign_id": "sign_B_2"}, {"sign_id": "sign_A_6", "match_sign_id": "sign_B_4"}]}