{"group": [{"pic_list": ["19593179120900001981", "19593179120900001982", "19593179120900001983", "19593179120900001984", "19593179120900001985", "19593179120900001986", "19593179120900001987", "19593179120900001988"], "seq_id": "A"}, {"pic_list": ["18553566010900020176", "18553566010900020177", "18553566010900020178", "18553566010900020179", "18553566010900020180", "18553566010900020181", "18553566010900020182", "18553566010900020183", "18553566010900020184", "18553566010900020185"], "seq_id": "B"}], "signs": [{"pic_id": "19593179120900001984", "x": 710, "y": 367, "w": 6, "h": 7, "type": "301", "sign_id": "sign_A_1"}, {"pic_id": "19593179120900001985", "x": 759, "y": 360, "w": 8, "h": 9, "type": "301", "sign_id": "sign_A_2"}, {"pic_id": "19593179120900001985", "x": 769, "y": 359, "w": 7, "h": 8, "type": "301", "sign_id": "sign_A_3"}, {"pic_id": "19593179120900001986", "x": 824, "y": 347, "w": 12, "h": 12, "type": "301", "sign_id": "sign_A_4"}, {"pic_id": "19593179120900001986", "x": 841, "y": 344, "w": 10, "h": 10, "type": "301", "sign_id": "sign_A_5"}, {"pic_id": "19593179120900001987", "x": 908, "y": 313, "w": 15, "h": 16, "type": "301", "sign_id": "sign_A_6"}, {"pic_id": "19593179120900001987", "x": 943, "y": 306, "w": 15, "h": 16, "type": "301", "sign_id": "sign_A_7"}, {"pic_id": "19593179120900001988", "x": 1128, "y": 254, "w": 26, "h": 29, "type": "301", "sign_id": "sign_A_8"}, {"pic_id": "19593179120900001988", "x": 1230, "y": 229, "w": 29, "h": 33, "type": "301", "sign_id": "sign_A_9"}, {"pic_id": "18553566010900020176", "x": 834, "y": 266, "w": 12, "h": 13, "type": "301", "sign_id": "sign_B_1"}, {"pic_id": "18553566010900020181", "x": 777, "y": 430, "w": 7, "h": 8, "type": "301", "sign_id": "sign_B_2"}, {"pic_id": "18553566010900020181", "x": 769, "y": 433, "w": 7, "h": 7, "type": "301", "sign_id": "sign_B_3"}, {"pic_id": "18553566010900020182", "x": 811, "y": 421, "w": 10, "h": 10, "type": "301", "sign_id": "sign_B_4"}, {"pic_id": "18553566010900020182", "x": 801, "y": 425, "w": 9, "h": 10, "type": "301", "sign_id": "sign_B_5"}, {"pic_id": "18553566010900020183", "x": 827, "y": 401, "w": 11, "h": 12, "type": "301", "sign_id": "sign_B_6"}, {"pic_id": "18553566010900020183", "x": 808, "y": 407, "w": 11, "h": 11, "type": "301", "sign_id": "sign_B_7"}, {"pic_id": "18553566010900020184", "x": 1072, "y": 341, "w": 22, "h": 22, "type": "301", "sign_id": "sign_B_8"}, {"pic_id": "18553566010900020184", "x": 1017, "y": 356, "w": 19, "h": 21, "type": "301", "sign_id": "sign_B_9"}], "match": [{"sign_id": "sign_A_1", "match_sign_id": "sign_B_7"}, {"sign_id": "sign_A_1", "match_sign_id": "sign_B_3"}, {"sign_id": "sign_A_1", "match_sign_id": "sign_B_8"}, {"sign_id": "sign_A_1", "match_sign_id": "sign_B_4"}, {"sign_id": "sign_A_2", "match_sign_id": "sign_B_5"}, {"sign_id": "sign_A_2", "match_sign_id": "sign_B_2"}, {"sign_id": "sign_A_3", "match_sign_id": "sign_B_4"}, {"sign_id": "sign_A_3", "match_sign_id": "sign_B_6"}, {"sign_id": "sign_A_3", "match_sign_id": "sign_B_2"}, {"sign_id": "sign_A_4", "match_sign_id": "sign_B_7"}, {"sign_id": "sign_A_4", "match_sign_id": "sign_B_9"}, {"sign_id": "sign_A_5", "match_sign_id": "sign_B_6"}, {"sign_id": "sign_A_5", "match_sign_id": "sign_B_9"}, {"sign_id": "sign_A_6", "match_sign_id": "sign_B_9"}, {"sign_id": "sign_A_6", "match_sign_id": "sign_B_7"}, {"sign_id": "sign_A_7", "match_sign_id": "sign_B_8"}, {"sign_id": "sign_A_7", "match_sign_id": "sign_B_6"}, {"sign_id": "sign_A_7", "match_sign_id": "sign_B_4"}, {"sign_id": "sign_A_8", "match_sign_id": "sign_B_9"}, {"sign_id": "sign_A_8", "match_sign_id": "sign_B_7"}, {"sign_id": "sign_A_9", "match_sign_id": "sign_B_8"}, {"sign_id": "sign_A_9", "match_sign_id": "sign_B_6"}, {"sign_id": "sign_A_4", "match_sign_id": "sign_B_1"}, {"sign_id": "sign_A_9", "match_sign_id": "sign_B_1"}, {"sign_id": "sign_A_2", "match_sign_id": "sign_B_1"}, {"sign_id": "sign_A_6", "match_sign_id": "sign_B_1"}, {"sign_id": "sign_A_7", "match_sign_id": "sign_B_1"}, {"sign_id": "sign_A_8", "match_sign_id": "sign_B_1"}, {"sign_id": "sign_A_7", "match_sign_id": "sign_B_2"}, {"sign_id": "sign_A_5", "match_sign_id": "sign_B_2"}, {"sign_id": "sign_A_9", "match_sign_id": "sign_B_3"}, {"sign_id": "sign_A_4", "match_sign_id": "sign_B_3"}, {"sign_id": "sign_A_5", "match_sign_id": "sign_B_3"}, {"sign_id": "sign_A_2", "match_sign_id": "sign_B_3"}, {"sign_id": "sign_A_5", "match_sign_id": "sign_B_4"}, {"sign_id": "sign_A_6", "match_sign_id": "sign_B_5"}, {"sign_id": "sign_A_5", "match_sign_id": "sign_B_8"}]}