{"group": [{"pic_list": ["19590954111600005402", "19590954111600005403", "19590954111600005404", "19590954111600005405"], "seq_id": "A"}, {"pic_list": ["18558670090600028663", "18558670090600028664", "18558670090600028665"], "seq_id": "B"}], "signs": [{"pic_id": "19590954111600005402", "x": 856, "y": 242, "w": 12, "h": 16, "type": "301", "sign_id": "sign_A_1"}, {"pic_id": "19590954111600005405", "x": 807, "y": 255, "w": 12, "h": 14, "type": "301", "sign_id": "sign_A_2"}, {"pic_id": "18558670090600028663", "x": 974, "y": 129, "w": 16, "h": 21, "type": "301", "sign_id": "sign_B_1"}, {"pic_id": "18558670090600028664", "x": 677, "y": 199, "w": 13, "h": 14, "type": "301", "sign_id": "sign_B_2"}, {"pic_id": "18558670090600028665", "x": 625, "y": 151, "w": 14, "h": 17, "type": "301", "sign_id": "sign_B_3"}], "match": [{"sign_id": "sign_A_1", "match_sign_id": "sign_B_2"}, {"sign_id": "sign_A_1", "match_sign_id": "sign_B_3"}, {"sign_id": "sign_A_1", "match_sign_id": "sign_B_1"}, {"sign_id": "sign_A_2", "match_sign_id": "sign_B_2"}, {"sign_id": "sign_A_2", "match_sign_id": "sign_B_3"}, {"sign_id": "sign_A_2", "match_sign_id": "sign_B_1"}]}