{"group": [{"pic_list": ["19594400121600004779", "19594400121600005474", "19594400121600005475", "19594400121600005476", "19594400121600005477", "19594400121600004464"], "seq_id": "A"}, {"pic_list": ["18559662110200021486", "18559662110200021487", "18559662110200021488", "18559662110200021489", "18559662110200021490", "18559662110200021491", "18559662110200021492", "18559662110200015182"], "seq_id": "B"}], "signs": [{"pic_id": "19594400121600004779", "x": 341, "y": 175, "w": 11, "h": 15, "type": "301", "sign_id": "sign_A_1"}, {"pic_id": "19594400121600005474", "x": 149, "y": 78, "w": 17, "h": 22, "type": "301", "sign_id": "sign_A_2"}, {"pic_id": "19594400121600005474", "x": 989, "y": 195, "w": 7, "h": 9, "type": "301", "sign_id": "sign_A_3"}, {"pic_id": "19594400121600005474", "x": 503, "y": 250, "w": 6, "h": 7, "type": "301", "sign_id": "sign_A_4"}, {"pic_id": "19594400121600005475", "x": 879, "y": 254, "w": 14, "h": 13, "type": "104", "sign_id": "sign_A_5"}, {"pic_id": "19594400121600005475", "x": 1103, "y": 135, "w": 10, "h": 13, "type": "301", "sign_id": "sign_A_6"}, {"pic_id": "19594400121600005475", "x": 478, "y": 235, "w": 6, "h": 8, "type": "301", "sign_id": "sign_A_7"}, {"pic_id": "19594400121600005476", "x": 927, "y": 209, "w": 17, "h": 17, "type": "104", "sign_id": "sign_A_8"}, {"pic_id": "19594400121600005476", "x": 438, "y": 184, "w": 9, "h": 10, "type": "301", "sign_id": "sign_A_9"}, {"pic_id": "19594400121600005477", "x": 1032, "y": 201, "w": 22, "h": 21, "type": "104", "sign_id": "sign_A_10"}, {"pic_id": "19594400121600005477", "x": 433, "y": 142, "w": 9, "h": 11, "type": "301", "sign_id": "sign_A_11"}, {"pic_id": "19594400121600004464", "x": 571, "y": 91, "w": 10, "h": 14, "type": "301", "sign_id": "sign_A_12"}, {"pic_id": "18559662110200021489", "x": 938, "y": 305, "w": 11, "h": 13, "type": "301", "sign_id": "sign_B_1"}, {"pic_id": "18559662110200021490", "x": 1061, "y": 269, "w": 15, "h": 17, "type": "301", "sign_id": "sign_B_2"}, {"pic_id": "18559662110200021491", "x": 1246, "y": 192, "w": 21, "h": 23, "type": "301", "sign_id": "sign_B_3"}], "match": [{"sign_id": "sign_A_1", "match_sign_id": "sign_B_3"}, {"sign_id": "sign_A_1", "match_sign_id": "sign_B_2"}, {"sign_id": "sign_A_1", "match_sign_id": "sign_B_1"}, {"sign_id": "sign_A_2", "match_sign_id": " "}, {"sign_id": "sign_A_3", "match_sign_id": "sign_B_3"}, {"sign_id": "sign_A_3", "match_sign_id": "sign_B_1"}, {"sign_id": "sign_A_3", "match_sign_id": "sign_B_2"}, {"sign_id": "sign_A_4", "match_sign_id": "sign_B_1"}, {"sign_id": "sign_A_4", "match_sign_id": "sign_B_2"}, {"sign_id": "sign_A_5", "match_sign_id": " "}, {"sign_id": "sign_A_6", "match_sign_id": "sign_B_1"}, {"sign_id": "sign_A_6", "match_sign_id": "sign_B_2"}, {"sign_id": "sign_A_6", "match_sign_id": "sign_B_3"}, {"sign_id": "sign_A_8", "match_sign_id": " "}, {"sign_id": "sign_A_9", "match_sign_id": "sign_B_3"}, {"sign_id": "sign_A_9", "match_sign_id": "sign_B_1"}, {"sign_id": "sign_A_10", "match_sign_id": " "}, {"sign_id": "sign_A_11", "match_sign_id": "sign_B_3"}, {"sign_id": "sign_A_11", "match_sign_id": "sign_B_2"}, {"sign_id": "sign_A_12", "match_sign_id": "sign_B_3"}, {"sign_id": "sign_A_12", "match_sign_id": "sign_B_2"}, {"sign_id": "sign_A_11", "match_sign_id": "sign_B_1"}, {"sign_id": "sign_A_9", "match_sign_id": "sign_B_2"}]}