{"group": [{"pic_list": ["19594534121600007642", "19594534121600007114", "19594534121600007115", "19594534121600007116"], "seq_id": "A"}, {"pic_list": ["18558967092100033842", "18558967092100033843", "18558967092100033844", "18558967092100033845", "18558967092100033846"], "seq_id": "B"}], "signs": [{"pic_id": "19594534121600007114", "x": 687, "y": 402, "w": 16, "h": 16, "type": "104", "sign_id": "sign_A_1"}, {"pic_id": "19594534121600007114", "x": 687, "y": 379, "w": 15, "h": 15, "type": "105", "sign_id": "sign_A_2"}, {"pic_id": "19594534121600007115", "x": 714, "y": 355, "w": 20, "h": 20, "type": "105", "sign_id": "sign_A_3"}, {"pic_id": "19594534121600007116", "x": 768, "y": 367, "w": 25, "h": 24, "type": "104", "sign_id": "sign_A_4"}, {"pic_id": "19594534121600007116", "x": 845, "y": 294, "w": 11, "h": 14, "type": "301", "sign_id": "sign_A_5"}, {"pic_id": "18558967092100033842", "x": 826, "y": 350, "w": 9, "h": 10, "type": "301", "sign_id": "sign_B_1"}, {"pic_id": "18558967092100033843", "x": 783, "y": 328, "w": 9, "h": 10, "type": "301", "sign_id": "sign_B_2"}, {"pic_id": "18558967092100033844", "x": 790, "y": 300, "w": 11, "h": 12, "type": "301", "sign_id": "sign_B_3"}, {"pic_id": "18558967092100033845", "x": 828, "y": 284, "w": 13, "h": 16, "type": "301", "sign_id": "sign_B_4"}, {"pic_id": "18558967092100033846", "x": 922, "y": 241, "w": 15, "h": 17, "type": "301", "sign_id": "sign_B_5"}], "match": [{"sign_id": "sign_A_1", "match_sign_id": " "}, {"sign_id": "sign_A_4", "match_sign_id": " "}, {"sign_id": "sign_A_5", "match_sign_id": "sign_B_5"}, {"sign_id": "sign_A_5", "match_sign_id": "sign_B_4"}, {"sign_id": "sign_A_5", "match_sign_id": "sign_B_3"}, {"sign_id": "sign_A_5", "match_sign_id": "sign_B_2"}, {"sign_id": "sign_A_5", "match_sign_id": "sign_B_1"}]}