{"group": [{"pic_list": ["19590442111100000710", "19590442111100000711", "19590442111100000712"], "seq_id": "A"}, {"pic_list": ["18558694091100000236", "18558694091100000237", "18558694091100000238", "18558694091100000239", "18558694091100000240"], "seq_id": "B"}], "signs": [{"pic_id": "19590442111100000710", "x": 821, "y": 361, "w": 9, "h": 9, "type": "301", "sign_id": "sign_A_1"}, {"pic_id": "19590442111100000711", "x": 931, "y": 335, "w": 12, "h": 13, "type": "301", "sign_id": "sign_A_2"}, {"pic_id": "19590442111100000712", "x": 1157, "y": 233, "w": 16, "h": 16, "type": "301", "sign_id": "sign_A_3"}], "match": [{"sign_id": "sign_A_1", "match_sign_id": " "}, {"sign_id": "sign_A_2", "match_sign_id": " "}, {"sign_id": "sign_A_3", "match_sign_id": " "}]}