{"group": [{"pic_list": ["19582522082000003387", "19582522082000003388", "19582522082000003389", "19582522082000003390", "19582522082000003391", "19582522082000003392", "19582522082000003393", "19582522082000003394"], "seq_id": "A"}, {"pic_list": ["18557863072100008489", "18557863072100008490", "18557863072100008491", "18557863072100008492", "18557863072100008493", "18557863072100008494"], "seq_id": "B"}], "signs": [{"pic_id": "19582522082000003388", "x": 534, "y": 307, "w": 6, "h": 7, "type": "301", "sign_id": "sign_A_1"}, {"pic_id": "19582522082000003389", "x": 991, "y": 244, "w": 13, "h": 13, "type": "201", "sign_id": "sign_A_2"}, {"pic_id": "19582522082000003389", "x": 527, "y": 300, "w": 6, "h": 8, "type": "301", "sign_id": "sign_A_3"}, {"pic_id": "19582522082000003390", "x": 1171, "y": 178, "w": 19, "h": 18, "type": "201", "sign_id": "sign_A_4"}, {"pic_id": "19582522082000003390", "x": 514, "y": 291, "w": 8, "h": 10, "type": "301", "sign_id": "sign_A_5"}, {"pic_id": "19582522082000003391", "x": 497, "y": 279, "w": 8, "h": 11, "type": "301", "sign_id": "sign_A_6"}, {"pic_id": "19582522082000003392", "x": 482, "y": 263, "w": 9, "h": 12, "type": "301", "sign_id": "sign_A_7"}, {"pic_id": "19582522082000003392", "x": 566, "y": 258, "w": 10, "h": 12, "type": "301", "sign_id": "sign_A_8"}, {"pic_id": "19582522082000003393", "x": 451, "y": 238, "w": 11, "h": 15, "type": "301", "sign_id": "sign_A_9"}, {"pic_id": "19582522082000003394", "x": 400, "y": 201, "w": 13, "h": 18, "type": "301", "sign_id": "sign_A_10"}, {"pic_id": "18557863072100008490", "x": 495, "y": 376, "w": 6, "h": 7, "type": "301", "sign_id": "sign_B_1"}, {"pic_id": "18557863072100008491", "x": 483, "y": 371, "w": 6, "h": 8, "type": "301", "sign_id": "sign_B_2"}, {"pic_id": "18557863072100008492", "x": 928, "y": 256, "w": 16, "h": 15, "type": "201", "sign_id": "sign_B_3"}, {"pic_id": "18557863072100008492", "x": 462, "y": 361, "w": 7, "h": 9, "type": "301", "sign_id": "sign_B_4"}, {"pic_id": "18557863072100008493", "x": 433, "y": 345, "w": 8, "h": 10, "type": "301", "sign_id": "sign_B_5"}, {"pic_id": "18557863072100008494", "x": 381, "y": 314, "w": 10, "h": 13, "type": "301", "sign_id": "sign_B_6"}], "match": [{"sign_id": "sign_A_1", "match_sign_id": "sign_B_5"}, {"sign_id": "sign_A_1", "match_sign_id": "sign_B_6"}, {"sign_id": "sign_A_1", "match_sign_id": "sign_B_1"}, {"sign_id": "sign_A_1", "match_sign_id": "sign_B_2"}, {"sign_id": "sign_A_2", "match_sign_id": "sign_B_3"}, {"sign_id": "sign_A_3", "match_sign_id": "sign_B_6"}, {"sign_id": "sign_A_3", "match_sign_id": "sign_B_5"}, {"sign_id": "sign_A_3", "match_sign_id": "sign_B_4"}, {"sign_id": "sign_A_3", "match_sign_id": "sign_B_1"}, {"sign_id": "sign_A_4", "match_sign_id": "sign_B_3"}, {"sign_id": "sign_A_5", "match_sign_id": "sign_B_5"}, {"sign_id": "sign_A_5", "match_sign_id": "sign_B_6"}, {"sign_id": "sign_A_5", "match_sign_id": "sign_B_4"}, {"sign_id": "sign_A_5", "match_sign_id": "sign_B_1"}, {"sign_id": "sign_A_6", "match_sign_id": "sign_B_6"}, {"sign_id": "sign_A_6", "match_sign_id": "sign_B_4"}, {"sign_id": "sign_A_6", "match_sign_id": "sign_B_5"}, {"sign_id": "sign_A_6", "match_sign_id": "sign_B_1"}, {"sign_id": "sign_A_7", "match_sign_id": "sign_B_6"}, {"sign_id": "sign_A_7", "match_sign_id": "sign_B_5"}, {"sign_id": "sign_A_7", "match_sign_id": "sign_B_1"}, {"sign_id": "sign_A_7", "match_sign_id": "sign_B_4"}, {"sign_id": "sign_A_8", "match_sign_id": "sign_B_2"}, {"sign_id": "sign_A_9", "match_sign_id": "sign_B_6"}, {"sign_id": "sign_A_9", "match_sign_id": "sign_B_1"}, {"sign_id": "sign_A_9", "match_sign_id": "sign_B_5"}, {"sign_id": "sign_A_9", "match_sign_id": "sign_B_4"}, {"sign_id": "sign_A_10", "match_sign_id": "sign_B_6"}, {"sign_id": "sign_A_10", "match_sign_id": "sign_B_1"}, {"sign_id": "sign_A_10", "match_sign_id": "sign_B_5"}, {"sign_id": "sign_A_10", "match_sign_id": "sign_B_2"}, {"sign_id": "sign_A_7", "match_sign_id": "sign_B_2"}, {"sign_id": "sign_A_6", "match_sign_id": "sign_B_2"}, {"sign_id": "sign_A_5", "match_sign_id": "sign_B_2"}, {"sign_id": "sign_A_9", "match_sign_id": "sign_B_2"}, {"sign_id": "sign_A_3", "match_sign_id": "sign_B_2"}, {"sign_id": "sign_A_1", "match_sign_id": "sign_B_4"}]}