{"group": [{"pic_list": ["18561818113000013810", "18561818113000013811", "18561818113000013812", "18561818113000013813", "18561818113000017858", "18561818113000017859", "18561818113000017860", "18561818113000015362"], "seq_id": "A"}, {"pic_list": ["18558584083100039486", "18558584083100039487", "18558584083100039488", "18558584083100039489", "18558584083100040187", "18558584083100040188", "18558584083100040189", "18558584083100040190", "18558584083100040191"], "seq_id": "B"}], "signs": [{"pic_id": "18561818113000013810", "x": 714, "y": 323, "w": 6, "h": 8, "type": "301", "sign_id": "sign_A_1"}, {"pic_id": "18561818113000013811", "x": 744, "y": 299, "w": 7, "h": 9, "type": "301", "sign_id": "sign_A_2"}, {"pic_id": "18561818113000013812", "x": 677, "y": 376, "w": 17, "h": 18, "type": "104", "sign_id": "sign_A_3"}, {"pic_id": "18561818113000013812", "x": 778, "y": 274, "w": 9, "h": 11, "type": "301", "sign_id": "sign_A_4"}, {"pic_id": "18561818113000013813", "x": 700, "y": 394, "w": 23, "h": 24, "type": "104", "sign_id": "sign_A_5"}, {"pic_id": "18561818113000013813", "x": 872, "y": 234, "w": 14, "h": 16, "type": "301", "sign_id": "sign_A_6"}, {"pic_id": "18561818113000017858", "x": 936, "y": 251, "w": 74, "h": 70, "type": "104", "sign_id": "sign_A_7"}, {"pic_id": "18558584083100039486", "x": 847, "y": 118, "w": 56, "h": 58, "type": "104", "sign_id": "sign_B_1"}, {"pic_id": "18558584083100039487", "x": 998, "y": 43, "w": 88, "h": 90, "type": "104", "sign_id": "sign_B_2"}, {"pic_id": "18558584083100040187", "x": 680, "y": 147, "w": 8, "h": 9, "type": "301", "sign_id": "sign_B_3"}, {"pic_id": "18558584083100040188", "x": 690, "y": 129, "w": 8, "h": 10, "type": "301", "sign_id": "sign_B_4"}, {"pic_id": "18558584083100040189", "x": 609, "y": 205, "w": 19, "h": 19, "type": "104", "sign_id": "sign_B_5"}, {"pic_id": "18558584083100040189", "x": 702, "y": 101, "w": 10, "h": 11, "type": "301", "sign_id": "sign_B_6"}, {"pic_id": "18558584083100040190", "x": 626, "y": 207, "w": 22, "h": 22, "type": "104", "sign_id": "sign_B_7"}, {"pic_id": "18558584083100040190", "x": 746, "y": 75, "w": 12, "h": 14, "type": "301", "sign_id": "sign_B_8"}, {"pic_id": "18558584083100040191", "x": 679, "y": 221, "w": 26, "h": 26, "type": "104", "sign_id": "sign_B_9"}, {"pic_id": "18558584083100040191", "x": 852, "y": 38, "w": 16, "h": 18, "type": "301", "sign_id": "sign_B_10"}], "match": [{"sign_id": "sign_A_1", "match_sign_id": "sign_B_4"}, {"sign_id": "sign_A_1", "match_sign_id": "sign_B_8"}, {"sign_id": "sign_A_1", "match_sign_id": "sign_B_10"}, {"sign_id": "sign_A_1", "match_sign_id": "sign_B_6"}, {"sign_id": "sign_A_1", "match_sign_id": "sign_B_3"}, {"sign_id": "sign_A_2", "match_sign_id": "sign_B_10"}, {"sign_id": "sign_A_2", "match_sign_id": "sign_B_8"}, {"sign_id": "sign_A_2", "match_sign_id": "sign_B_4"}, {"sign_id": "sign_A_2", "match_sign_id": "sign_B_6"}, {"sign_id": "sign_A_2", "match_sign_id": "sign_B_3"}, {"sign_id": "sign_A_3", "match_sign_id": "sign_B_7"}, {"sign_id": "sign_A_3", "match_sign_id": "sign_B_9"}, {"sign_id": "sign_A_3", "match_sign_id": "sign_B_5"}, {"sign_id": "sign_A_3", "match_sign_id": "sign_B_2"}, {"sign_id": "sign_A_3", "match_sign_id": "sign_B_1"}, {"sign_id": "sign_A_4", "match_sign_id": "sign_B_10"}, {"sign_id": "sign_A_4", "match_sign_id": "sign_B_8"}, {"sign_id": "sign_A_4", "match_sign_id": "sign_B_4"}, {"sign_id": "sign_A_4", "match_sign_id": "sign_B_6"}, {"sign_id": "sign_A_4", "match_sign_id": "sign_B_3"}, {"sign_id": "sign_A_5", "match_sign_id": "sign_B_9"}, {"sign_id": "sign_A_5", "match_sign_id": "sign_B_7"}, {"sign_id": "sign_A_5", "match_sign_id": "sign_B_5"}, {"sign_id": "sign_A_5", "match_sign_id": "sign_B_2"}, {"sign_id": "sign_A_5", "match_sign_id": "sign_B_1"}, {"sign_id": "sign_A_6", "match_sign_id": "sign_B_10"}, {"sign_id": "sign_A_6", "match_sign_id": "sign_B_8"}, {"sign_id": "sign_A_6", "match_sign_id": "sign_B_4"}, {"sign_id": "sign_A_6", "match_sign_id": "sign_B_6"}, {"sign_id": "sign_A_6", "match_sign_id": "sign_B_3"}, {"sign_id": "sign_A_7", "match_sign_id": "sign_B_2"}, {"sign_id": "sign_A_7", "match_sign_id": "sign_B_9"}, {"sign_id": "sign_A_7", "match_sign_id": "sign_B_1"}, {"sign_id": "sign_A_7", "match_sign_id": "sign_B_7"}, {"sign_id": "sign_A_7", "match_sign_id": "sign_B_5"}]}