{"group": [{"pic_list": ["19595113121800002200", "19595113121800002201", "19595113121800002202", "19595113121800002203", "19595113121800002204", "19595113121800002205", "19595113121800002206", "19595113121800002207"], "seq_id": "A"}, {"pic_list": ["18559115101000039352", "18559115101000039353", "18559115101000039354", "18559115101000039355", "18559115101000039356", "18559115101000039357", "18559115101000039358", "18559115101000039359", "18559115101000039360", "18559115101000039361", "18559115101000039362", "18559115101000039363"], "seq_id": "B"}], "signs": [{"pic_id": "19595113121800002200", "x": 740, "y": 1, "w": 48, "h": 44, "type": "104", "sign_id": "sign_A_1"}, {"pic_id": "19595113121800002200", "x": 613, "y": 170, "w": 7, "h": 8, "type": "301", "sign_id": "sign_A_2"}, {"pic_id": "19595113121800002201", "x": 555, "y": 166, "w": 7, "h": 9, "type": "301", "sign_id": "sign_A_3"}, {"pic_id": "19595113121800002202", "x": 596, "y": 172, "w": 9, "h": 11, "type": "301", "sign_id": "sign_A_4"}, {"pic_id": "19595113121800002203", "x": 568, "y": 116, "w": 11, "h": 14, "type": "301", "sign_id": "sign_A_5"}, {"pic_id": "19595113121800002204", "x": 564, "y": 13, "w": 17, "h": 23, "type": "301", "sign_id": "sign_A_6"}, {"pic_id": "18559115101000039352", "x": 583, "y": 211, "w": 34, "h": 35, "type": "104", "sign_id": "sign_B_1"}, {"pic_id": "18559115101000039352", "x": 521, "y": 326, "w": 6, "h": 7, "type": "301", "sign_id": "sign_B_2"}, {"pic_id": "18559115101000039353", "x": 568, "y": 157, "w": 42, "h": 43, "type": "104", "sign_id": "sign_B_3"}, {"pic_id": "18559115101000039353", "x": 506, "y": 311, "w": 6, "h": 8, "type": "301", "sign_id": "sign_B_4"}, {"pic_id": "18559115101000039354", "x": 545, "y": 81, "w": 56, "h": 57, "type": "104", "sign_id": "sign_B_5"}, {"pic_id": "18559115101000039354", "x": 489, "y": 302, "w": 7, "h": 8, "type": "301", "sign_id": "sign_B_6"}, {"pic_id": "18559115101000039354", "x": 316, "y": 288, "w": 8, "h": 9, "type": "301", "sign_id": "sign_B_7"}, {"pic_id": "18559115101000039355", "x": 481, "y": 292, "w": 7, "h": 10, "type": "301", "sign_id": "sign_B_8"}, {"pic_id": "18559115101000039356", "x": 480, "y": 272, "w": 8, "h": 11, "type": "301", "sign_id": "sign_B_9"}, {"pic_id": "18559115101000039357", "x": 460, "y": 247, "w": 11, "h": 13, "type": "301", "sign_id": "sign_B_10"}, {"pic_id": "18559115101000039358", "x": 387, "y": 190, "w": 13, "h": 17, "type": "301", "sign_id": "sign_B_11"}, {"pic_id": "18559115101000039359", "x": 255, "y": 91, "w": 19, "h": 25, "type": "301", "sign_id": "sign_B_12"}], "match": [{"sign_id": "sign_A_1", "match_sign_id": "sign_B_5"}, {"sign_id": "sign_A_1", "match_sign_id": "sign_B_1"}, {"sign_id": "sign_A_1", "match_sign_id": "sign_B_3"}, {"sign_id": "sign_A_2", "match_sign_id": "sign_B_6"}, {"sign_id": "sign_A_2", "match_sign_id": "sign_B_4"}, {"sign_id": "sign_A_2", "match_sign_id": "sign_B_9"}, {"sign_id": "sign_A_2", "match_sign_id": "sign_B_8"}, {"sign_id": "sign_A_2", "match_sign_id": "sign_B_2"}, {"sign_id": "sign_A_2", "match_sign_id": "sign_B_11"}, {"sign_id": "sign_A_3", "match_sign_id": "sign_B_6"}, {"sign_id": "sign_A_3", "match_sign_id": "sign_B_8"}, {"sign_id": "sign_A_3", "match_sign_id": "sign_B_4"}, {"sign_id": "sign_A_3", "match_sign_id": "sign_B_9"}, {"sign_id": "sign_A_3", "match_sign_id": "sign_B_11"}, {"sign_id": "sign_A_3", "match_sign_id": "sign_B_10"}, {"sign_id": "sign_A_4", "match_sign_id": "sign_B_6"}, {"sign_id": "sign_A_4", "match_sign_id": "sign_B_8"}, {"sign_id": "sign_A_4", "match_sign_id": "sign_B_9"}, {"sign_id": "sign_A_4", "match_sign_id": "sign_B_4"}, {"sign_id": "sign_A_4", "match_sign_id": "sign_B_11"}, {"sign_id": "sign_A_4", "match_sign_id": "sign_B_10"}, {"sign_id": "sign_A_5", "match_sign_id": "sign_B_11"}, {"sign_id": "sign_A_5", "match_sign_id": "sign_B_9"}, {"sign_id": "sign_A_5", "match_sign_id": "sign_B_10"}, {"sign_id": "sign_A_5", "match_sign_id": "sign_B_6"}, {"sign_id": "sign_A_5", "match_sign_id": "sign_B_8"}, {"sign_id": "sign_A_5", "match_sign_id": "sign_B_4"}, {"sign_id": "sign_A_6", "match_sign_id": "sign_B_11"}, {"sign_id": "sign_A_6", "match_sign_id": "sign_B_9"}, {"sign_id": "sign_A_6", "match_sign_id": "sign_B_12"}, {"sign_id": "sign_A_6", "match_sign_id": "sign_B_10"}, {"sign_id": "sign_A_6", "match_sign_id": "sign_B_6"}, {"sign_id": "sign_A_6", "match_sign_id": "sign_B_8"}, {"sign_id": "sign_A_4", "match_sign_id": "sign_B_2"}, {"sign_id": "sign_A_3", "match_sign_id": "sign_B_2"}, {"sign_id": "sign_A_5", "match_sign_id": "sign_B_2"}, {"sign_id": "sign_A_5", "match_sign_id": "sign_B_12"}, {"sign_id": "sign_A_4", "match_sign_id": "sign_B_12"}]}