{"group": [{"pic_list": ["19592353120300000919", "19592353120300000920", "19592353120300000921", "19592353120300000892"], "seq_id": "A"}, {"pic_list": ["18553507010900033958", "18553507010900033959", "18553507010900033960"], "seq_id": "B"}], "signs": [{"pic_id": "19592353120300000919", "x": 830, "y": 304, "w": 7, "h": 9, "type": "301", "sign_id": "sign_A_1"}, {"pic_id": "19592353120300000920", "x": 1156, "y": 273, "w": 11, "h": 13, "type": "301", "sign_id": "sign_A_2"}, {"pic_id": "19592353120300000921", "x": 935, "y": 270, "w": 11, "h": 15, "type": "301", "sign_id": "sign_A_3"}, {"pic_id": "19592353120300000892", "x": 926, "y": 230, "w": 13, "h": 18, "type": "301", "sign_id": "sign_A_4"}], "match": [{"sign_id": "sign_A_1", "match_sign_id": " "}, {"sign_id": "sign_A_2", "match_sign_id": " "}, {"sign_id": "sign_A_3", "match_sign_id": " "}, {"sign_id": "sign_A_4", "match_sign_id": " "}]}