{"group": [{"pic_list": ["20598120010700013031", "20598120010700013319", "20598120010700013320", "20598120010700013321", "20598120010700013322"], "seq_id": "A"}, {"pic_list": ["18558820091400035246", "18558820091400035247", "18558820091400035248", "18558820091400035249"], "seq_id": "B"}], "signs": [{"pic_id": "20598120010700013031", "x": 541, "y": 255, "w": 6, "h": 7, "type": "301", "sign_id": "sign_A_1"}, {"pic_id": "20598120010700013319", "x": 557, "y": 239, "w": 6, "h": 7, "type": "301", "sign_id": "sign_A_2"}, {"pic_id": "20598120010700013320", "x": 590, "y": 220, "w": 6, "h": 9, "type": "301", "sign_id": "sign_A_3"}, {"pic_id": "20598120010700013321", "x": 590, "y": 192, "w": 9, "h": 12, "type": "301", "sign_id": "sign_A_4"}, {"pic_id": "20598120010700013322", "x": 591, "y": 141, "w": 13, "h": 17, "type": "301", "sign_id": "sign_A_5"}, {"pic_id": "18558820091400035247", "x": 704, "y": 350, "w": 7, "h": 8, "type": "301", "sign_id": "sign_B_1"}, {"pic_id": "18558820091400035248", "x": 739, "y": 321, "w": 9, "h": 11, "type": "301", "sign_id": "sign_B_2"}, {"pic_id": "18558820091400035249", "x": 798, "y": 262, "w": 13, "h": 16, "type": "301", "sign_id": "sign_B_3"}], "match": [{"sign_id": "sign_A_1", "match_sign_id": "sign_B_3"}, {"sign_id": "sign_A_1", "match_sign_id": "sign_B_2"}, {"sign_id": "sign_A_1", "match_sign_id": "sign_B_1"}, {"sign_id": "sign_A_2", "match_sign_id": "sign_B_2"}, {"sign_id": "sign_A_2", "match_sign_id": "sign_B_3"}, {"sign_id": "sign_A_2", "match_sign_id": "sign_B_1"}, {"sign_id": "sign_A_3", "match_sign_id": "sign_B_2"}, {"sign_id": "sign_A_3", "match_sign_id": "sign_B_3"}, {"sign_id": "sign_A_3", "match_sign_id": "sign_B_1"}, {"sign_id": "sign_A_4", "match_sign_id": "sign_B_3"}, {"sign_id": "sign_A_4", "match_sign_id": "sign_B_2"}, {"sign_id": "sign_A_4", "match_sign_id": "sign_B_1"}, {"sign_id": "sign_A_5", "match_sign_id": "sign_B_3"}, {"sign_id": "sign_A_5", "match_sign_id": "sign_B_2"}]}