{"group": [{"pic_list": ["19582042081300001814", "19582042081300001815", "19582042081300001816", "19582042081300001817", "19582042081300001818"], "seq_id": "A"}, {"pic_list": ["18557933072100014414", "18557933072100014415", "18557933072100013537"], "seq_id": "B"}], "signs": [{"pic_id": "19582042081300001814", "x": 1520, "y": 256, "w": 16, "h": 19, "type": "301", "sign_id": "sign_A_1"}, {"pic_id": "19582042081300001814", "x": 553, "y": 493, "w": 10, "h": 13, "type": "301", "sign_id": "sign_A_2"}, {"pic_id": "19582042081300001815", "x": 1890, "y": 68, "w": 20, "h": 28, "type": "301", "sign_id": "sign_A_3"}, {"pic_id": "19582042081300001815", "x": 515, "y": 459, "w": 12, "h": 16, "type": "301", "sign_id": "sign_A_4"}, {"pic_id": "19582042081300001816", "x": 452, "y": 397, "w": 14, "h": 18, "type": "301", "sign_id": "sign_A_5"}, {"pic_id": "19582042081300001816", "x": 694, "y": 559, "w": 7, "h": 8, "type": "301", "sign_id": "sign_A_6"}, {"pic_id": "19582042081300001817", "x": 308, "y": 305, "w": 19, "h": 26, "type": "301", "sign_id": "sign_A_7"}, {"pic_id": "19582042081300001818", "x": 36, "y": 146, "w": 29, "h": 39, "type": "301", "sign_id": "sign_A_8"}, {"pic_id": "19582042081300001818", "x": 633, "y": 559, "w": 8, "h": 9, "type": "301", "sign_id": "sign_A_9"}, {"pic_id": "18557933072100014414", "x": 456, "y": 241, "w": 9, "h": 12, "type": "301", "sign_id": "sign_B_1"}, {"pic_id": "18557933072100014415", "x": 392, "y": 165, "w": 13, "h": 17, "type": "301", "sign_id": "sign_B_2"}, {"pic_id": "18557933072100014415", "x": 303, "y": 271, "w": 7, "h": 9, "type": "301", "sign_id": "sign_B_3"}], "match": [{"sign_id": "sign_A_2", "match_sign_id": "sign_B_2"}, {"sign_id": "sign_A_2", "match_sign_id": "sign_B_1"}, {"sign_id": "sign_A_4", "match_sign_id": "sign_B_2"}, {"sign_id": "sign_A_4", "match_sign_id": "sign_B_1"}, {"sign_id": "sign_A_5", "match_sign_id": "sign_B_2"}, {"sign_id": "sign_A_5", "match_sign_id": "sign_B_1"}, {"sign_id": "sign_A_6", "match_sign_id": "sign_B_3"}, {"sign_id": "sign_A_6", "match_sign_id": "sign_B_1"}, {"sign_id": "sign_A_7", "match_sign_id": "sign_B_2"}, {"sign_id": "sign_A_7", "match_sign_id": "sign_B_1"}, {"sign_id": "sign_A_8", "match_sign_id": "sign_B_2"}, {"sign_id": "sign_A_8", "match_sign_id": "sign_B_1"}, {"sign_id": "sign_A_9", "match_sign_id": "sign_B_1"}, {"sign_id": "sign_A_9", "match_sign_id": "sign_B_2"}, {"sign_id": "sign_A_9", "match_sign_id": "sign_B_3"}]}