{"group": [{"pic_list": ["19582064081300006607", "19582064081300006608", "19582064081300006609"], "seq_id": "A"}, {"pic_list": ["18558277081700007337", "18558277081700007338", "18558277081700007339", "18558277081700007340"], "seq_id": "B"}], "signs": [{"pic_id": "19582064081300006607", "x": 824, "y": 615, "w": 41, "h": 40, "type": "103", "sign_id": "sign_A_1"}, {"pic_id": "19582064081300006607", "x": 928, "y": 415, "w": 27, "h": 35, "type": "301", "sign_id": "sign_A_2"}, {"pic_id": "19582064081300006608", "x": 337, "y": 520, "w": 55, "h": 54, "type": "103", "sign_id": "sign_A_3"}, {"pic_id": "19582064081300006608", "x": 475, "y": 117, "w": 46, "h": 57, "type": "301", "sign_id": "sign_A_4"}, {"pic_id": "19582064081300006609", "x": 0, "y": 329, "w": 73, "h": 99, "type": "103", "sign_id": "sign_A_5"}, {"pic_id": "18558277081700007337", "x": 673, "y": 281, "w": 18, "h": 18, "type": "103", "sign_id": "sign_B_1"}, {"pic_id": "18558277081700007337", "x": 752, "y": 210, "w": 11, "h": 15, "type": "301", "sign_id": "sign_B_2"}, {"pic_id": "18558277081700007338", "x": 563, "y": 277, "w": 23, "h": 23, "type": "103", "sign_id": "sign_B_3"}, {"pic_id": "18558277081700007338", "x": 668, "y": 166, "w": 16, "h": 21, "type": "301", "sign_id": "sign_B_4"}, {"pic_id": "18558277081700007339", "x": 441, "y": 235, "w": 33, "h": 32, "type": "103", "sign_id": "sign_B_5"}, {"pic_id": "18558277081700007340", "x": 149, "y": 80, "w": 75, "h": 73, "type": "103", "sign_id": "sign_B_6"}], "match": [{"sign_id": "sign_A_1", "match_sign_id": "sign_B_6"}, {"sign_id": "sign_A_1", "match_sign_id": "sign_B_1"}, {"sign_id": "sign_A_1", "match_sign_id": "sign_B_3"}, {"sign_id": "sign_A_2", "match_sign_id": "sign_B_4"}, {"sign_id": "sign_A_2", "match_sign_id": "sign_B_2"}, {"sign_id": "sign_A_3", "match_sign_id": "sign_B_6"}, {"sign_id": "sign_A_3", "match_sign_id": "sign_B_3"}, {"sign_id": "sign_A_3", "match_sign_id": "sign_B_1"}, {"sign_id": "sign_A_4", "match_sign_id": "sign_B_4"}, {"sign_id": "sign_A_4", "match_sign_id": "sign_B_2"}, {"sign_id": "sign_A_5", "match_sign_id": "sign_B_3"}, {"sign_id": "sign_A_5", "match_sign_id": "sign_B_6"}, {"sign_id": "sign_A_5", "match_sign_id": "sign_B_1"}]}