{"group": [{"pic_list": ["19590021110800000128", "19590021110800000129", "19590021110800000130", "19590021110800000131", "19590021110800000433"], "seq_id": "A"}, {"pic_list": ["18559051092600035263", "18559051092600035264", "18559051092600035265", "18559051092600035266", "18559051092600035267"], "seq_id": "B"}], "signs": [{"pic_id": "19590021110800000128", "x": 59, "y": 257, "w": 9, "h": 11, "type": "301", "sign_id": "sign_A_1"}, {"pic_id": "19590021110800000129", "x": 399, "y": 309, "w": 15, "h": 14, "type": "105", "sign_id": "sign_A_2"}, {"pic_id": "19590021110800000131", "x": 952, "y": 298, "w": 12, "h": 15, "type": "301", "sign_id": "sign_A_3"}, {"pic_id": "18559051092600035263", "x": 184, "y": 227, "w": 9, "h": 10, "type": "301", "sign_id": "sign_B_1"}, {"pic_id": "18559051092600035264", "x": 24, "y": 204, "w": 9, "h": 11, "type": "301", "sign_id": "sign_B_2"}, {"pic_id": "18559051092600035266", "x": 317, "y": 245, "w": 15, "h": 15, "type": "105", "sign_id": "sign_B_3"}], "match": [{"sign_id": "sign_A_1", "match_sign_id": "sign_B_2"}, {"sign_id": "sign_A_1", "match_sign_id": "sign_B_1"}, {"sign_id": "sign_A_2", "match_sign_id": "sign_B_3"}, {"sign_id": "sign_A_3", "match_sign_id": "sign_B_2"}, {"sign_id": "sign_A_3", "match_sign_id": "sign_B_1"}]}