{"group": [{"pic_list": ["19592913120700002518", "19592913120700002519", "19592913120700002520"], "seq_id": "A"}, {"pic_list": ["18558678091000035393", "18558678091000035394", "18558678091000035395", "18558678091000035396"], "seq_id": "B"}], "signs": [{"pic_id": "19592913120700002518", "x": 622, "y": 457, "w": 12, "h": 12, "type": "104", "sign_id": "sign_A_1"}, {"pic_id": "19592913120700002518", "x": 35, "y": 298, "w": 13, "h": 17, "type": "301", "sign_id": "sign_A_2"}, {"pic_id": "19592913120700002518", "x": 968, "y": 366, "w": 15, "h": 16, "type": "301", "sign_id": "sign_A_3"}, {"pic_id": "19592913120700002519", "x": 830, "y": 499, "w": 16, "h": 15, "type": "103", "sign_id": "sign_A_4"}, {"pic_id": "19592913120700002519", "x": 665, "y": 445, "w": 15, "h": 16, "type": "104", "sign_id": "sign_A_5"}, {"pic_id": "19592913120700002519", "x": 549, "y": 492, "w": 5, "h": 6, "type": "301", "sign_id": "sign_A_6"}, {"pic_id": "19592913120700002520", "x": 958, "y": 493, "w": 20, "h": 19, "type": "103", "sign_id": "sign_A_7"}, {"pic_id": "19592913120700002520", "x": 730, "y": 430, "w": 18, "h": 19, "type": "104", "sign_id": "sign_A_8"}, {"pic_id": "19592913120700002520", "x": 591, "y": 492, "w": 5, "h": 6, "type": "301", "sign_id": "sign_A_9"}, {"pic_id": "18558678091000035393", "x": 56, "y": 134, "w": 13, "h": 17, "type": "301", "sign_id": "sign_B_1"}, {"pic_id": "18558678091000035395", "x": 941, "y": 311, "w": 20, "h": 18, "type": "103", "sign_id": "sign_B_2"}, {"pic_id": "18558678091000035396", "x": 542, "y": 311, "w": 5, "h": 6, "type": "301", "sign_id": "sign_B_3"}], "match": [{"sign_id": "sign_A_2", "match_sign_id": "sign_B_1"}, {"sign_id": "sign_A_2", "match_sign_id": "sign_B_3"}, {"sign_id": "sign_A_4", "match_sign_id": "sign_B_2"}, {"sign_id": "sign_A_6", "match_sign_id": "sign_B_3"}, {"sign_id": "sign_A_6", "match_sign_id": "sign_B_1"}, {"sign_id": "sign_A_7", "match_sign_id": "sign_B_2"}, {"sign_id": "sign_A_8", "match_sign_id": " "}, {"sign_id": "sign_A_9", "match_sign_id": "sign_B_3"}, {"sign_id": "sign_A_9", "match_sign_id": "sign_B_1"}]}