{"group": [{"pic_list": ["19590798111500006496", "19590798111500006497", "19590798111500006498", "19590798111500006499", "19590798111500006500", "19590798111500006501"], "seq_id": "A"}, {"pic_list": ["18553546010900035630", "18553546010900035631", "18553546010900035632", "18553546010900035633", "18553546010900035634", "18553546010900035635", "18553546010900035636", "18553546010900035637", "18553546010900035638", "18553546010900035639"], "seq_id": "B"}], "signs": [{"pic_id": "19590798111500006498", "x": 906, "y": 305, "w": 11, "h": 12, "type": "301", "sign_id": "sign_A_1"}, {"pic_id": "19590798111500006498", "x": 893, "y": 309, "w": 9, "h": 10, "type": "301", "sign_id": "sign_A_2"}, {"pic_id": "19590798111500006499", "x": 1084, "y": 244, "w": 19, "h": 20, "type": "301", "sign_id": "sign_A_3"}, {"pic_id": "19590798111500006499", "x": 1046, "y": 255, "w": 18, "h": 17, "type": "301", "sign_id": "sign_A_4"}, {"pic_id": "18553546010900035633", "x": 780, "y": 410, "w": 11, "h": 12, "type": "301", "sign_id": "sign_B_1"}, {"pic_id": "18553546010900035633", "x": 766, "y": 414, "w": 11, "h": 11, "type": "301", "sign_id": "sign_B_2"}, {"pic_id": "18553546010900035634", "x": 850, "y": 384, "w": 16, "h": 15, "type": "301", "sign_id": "sign_B_3"}, {"pic_id": "18553546010900035634", "x": 829, "y": 391, "w": 12, "h": 14, "type": "301", "sign_id": "sign_B_4"}, {"pic_id": "18553546010900035635", "x": 1093, "y": 300, "w": 27, "h": 28, "type": "301", "sign_id": "sign_B_5"}, {"pic_id": "18553546010900035635", "x": 1032, "y": 322, "w": 25, "h": 28, "type": "301", "sign_id": "sign_B_6"}, {"pic_id": "18553546010900035636", "x": 1186, "y": 281, "w": 31, "h": 33, "type": "301", "sign_id": "sign_B_7"}], "match": [{"sign_id": "sign_A_1", "match_sign_id": "sign_B_1"}, {"sign_id": "sign_A_1", "match_sign_id": "sign_B_3"}, {"sign_id": "sign_A_1", "match_sign_id": "sign_B_5"}, {"sign_id": "sign_A_1", "match_sign_id": "sign_B_7"}, {"sign_id": "sign_A_2", "match_sign_id": "sign_B_4"}, {"sign_id": "sign_A_2", "match_sign_id": "sign_B_1"}, {"sign_id": "sign_A_2", "match_sign_id": "sign_B_2"}, {"sign_id": "sign_A_2", "match_sign_id": "sign_B_7"}, {"sign_id": "sign_A_2", "match_sign_id": "sign_B_6"}, {"sign_id": "sign_A_3", "match_sign_id": "sign_B_3"}, {"sign_id": "sign_A_3", "match_sign_id": "sign_B_5"}, {"sign_id": "sign_A_3", "match_sign_id": "sign_B_1"}, {"sign_id": "sign_A_3", "match_sign_id": "sign_B_7"}, {"sign_id": "sign_A_4", "match_sign_id": "sign_B_4"}, {"sign_id": "sign_A_4", "match_sign_id": "sign_B_6"}, {"sign_id": "sign_A_4", "match_sign_id": "sign_B_7"}, {"sign_id": "sign_A_4", "match_sign_id": "sign_B_2"}, {"sign_id": "sign_A_4", "match_sign_id": "sign_B_1"}]}