{"group": [{"pic_list": ["19591366112100011683", "19591366112100011684", "19591366112100011685", "19591366112100011686"], "seq_id": "A"}, {"pic_list": ["18558763091200031220", "18558763091200031221", "18558763091200031222", "18558763091200031223"], "seq_id": "B"}], "signs": [{"pic_id": "19591366112100011684", "x": 564, "y": 270, "w": 7, "h": 9, "type": "301", "sign_id": "sign_A_1"}, {"pic_id": "19591366112100011685", "x": 542, "y": 235, "w": 9, "h": 11, "type": "301", "sign_id": "sign_A_2"}, {"pic_id": "19591366112100011686", "x": 502, "y": 173, "w": 11, "h": 15, "type": "301", "sign_id": "sign_A_3"}, {"pic_id": "19591366112100011686", "x": 622, "y": 342, "w": 5, "h": 5, "type": "301", "sign_id": "sign_A_4"}, {"pic_id": "18558763091200031222", "x": 1212, "y": 326, "w": 63, "h": 59, "type": "103", "sign_id": "sign_B_1"}], "match": [{"sign_id": "sign_A_1", "match_sign_id": " "}, {"sign_id": "sign_A_2", "match_sign_id": " "}, {"sign_id": "sign_A_3", "match_sign_id": " "}, {"sign_id": "sign_A_4", "match_sign_id": " "}]}