{"group": [{"pic_list": ["19590737111400001060", "19590737111400001061", "19590737111400001062", "19590737111400001063"], "seq_id": "A"}, {"pic_list": ["18558667090600010759", "18558667090600010760", "18558667090600010761", "18558667090600010762"], "seq_id": "B"}], "signs": [{"pic_id": "19590737111400001060", "x": 717, "y": 258, "w": 11, "h": 13, "type": "301", "sign_id": "sign_A_1"}, {"pic_id": "19590737111400001061", "x": 729, "y": 404, "w": 18, "h": 18, "type": "104", "sign_id": "sign_A_2"}, {"pic_id": "19590737111400001061", "x": 736, "y": 208, "w": 13, "h": 17, "type": "301", "sign_id": "sign_A_3"}, {"pic_id": "19590737111400001062", "x": 750, "y": 393, "w": 18, "h": 19, "type": "104", "sign_id": "sign_A_4"}, {"pic_id": "19590737111400001062", "x": 787, "y": 99, "w": 19, "h": 24, "type": "301", "sign_id": "sign_A_5"}, {"pic_id": "19590737111400001062", "x": 395, "y": 358, "w": 7, "h": 10, "type": "301", "sign_id": "sign_A_6"}, {"pic_id": "19590737111400001063", "x": 784, "y": 378, "w": 22, "h": 24, "type": "104", "sign_id": "sign_A_7"}, {"pic_id": "19590737111400001063", "x": 366, "y": 343, "w": 7, "h": 10, "type": "301", "sign_id": "sign_A_8"}, {"pic_id": "18558667090600010759", "x": 743, "y": 226, "w": 9, "h": 11, "type": "301", "sign_id": "sign_B_1"}, {"pic_id": "18558667090600010760", "x": 817, "y": 313, "w": 15, "h": 14, "type": "104", "sign_id": "sign_B_2"}, {"pic_id": "18558667090600010760", "x": 826, "y": 175, "w": 12, "h": 15, "type": "301", "sign_id": "sign_B_3"}, {"pic_id": "18558667090600010760", "x": 561, "y": 289, "w": 6, "h": 8, "type": "301", "sign_id": "sign_B_4"}, {"pic_id": "18558667090600010761", "x": 1093, "y": 301, "w": 21, "h": 19, "type": "104", "sign_id": "sign_B_5"}, {"pic_id": "18558667090600010761", "x": 1185, "y": 71, "w": 18, "h": 22, "type": "301", "sign_id": "sign_B_6"}, {"pic_id": "18558667090600010761", "x": 759, "y": 274, "w": 7, "h": 8, "type": "301", "sign_id": "sign_B_7"}, {"pic_id": "18558667090600010762", "x": 109, "y": 290, "w": 30, "h": 26, "type": "104", "sign_id": "sign_B_8"}], "match": [{"sign_id": "sign_A_1", "match_sign_id": "sign_B_1"}, {"sign_id": "sign_A_1", "match_sign_id": "sign_B_3"}, {"sign_id": "sign_A_1", "match_sign_id": "sign_B_6"}, {"sign_id": "sign_A_1", "match_sign_id": "sign_B_7"}, {"sign_id": "sign_A_2", "match_sign_id": "sign_B_8"}, {"sign_id": "sign_A_2", "match_sign_id": "sign_B_5"}, {"sign_id": "sign_A_2", "match_sign_id": "sign_B_2"}, {"sign_id": "sign_A_3", "match_sign_id": "sign_B_1"}, {"sign_id": "sign_A_3", "match_sign_id": "sign_B_3"}, {"sign_id": "sign_A_3", "match_sign_id": "sign_B_6"}, {"sign_id": "sign_A_4", "match_sign_id": "sign_B_8"}, {"sign_id": "sign_A_4", "match_sign_id": "sign_B_5"}, {"sign_id": "sign_A_4", "match_sign_id": "sign_B_2"}, {"sign_id": "sign_A_5", "match_sign_id": "sign_B_1"}, {"sign_id": "sign_A_5", "match_sign_id": "sign_B_3"}, {"sign_id": "sign_A_5", "match_sign_id": "sign_B_6"}, {"sign_id": "sign_A_6", "match_sign_id": "sign_B_7"}, {"sign_id": "sign_A_6", "match_sign_id": "sign_B_4"}, {"sign_id": "sign_A_7", "match_sign_id": "sign_B_8"}, {"sign_id": "sign_A_7", "match_sign_id": "sign_B_5"}, {"sign_id": "sign_A_7", "match_sign_id": "sign_B_2"}, {"sign_id": "sign_A_8", "match_sign_id": "sign_B_7"}, {"sign_id": "sign_A_8", "match_sign_id": "sign_B_4"}]}