{"group": [{"pic_list": ["20598830012800000341", "20598830012800000316", "20598830012800000317", "20598830012800000318"], "seq_id": "A"}, {"pic_list": ["18558685091100008975", "18558685091100008956", "18558685091100008957", "18558685091100008958"], "seq_id": "B"}], "signs": [{"pic_id": "20598830012800000341", "x": 422, "y": 467, "w": 16, "h": 15, "type": "201", "sign_id": "sign_A_1"}, {"pic_id": "20598830012800000341", "x": 702, "y": 438, "w": 18, "h": 20, "type": "201", "sign_id": "sign_A_2"}, {"pic_id": "20598830012800000341", "x": 643, "y": 351, "w": 10, "h": 13, "type": "301", "sign_id": "sign_A_3"}, {"pic_id": "20598830012800000316", "x": 580, "y": 407, "w": 20, "h": 23, "type": "201", "sign_id": "sign_A_4"}, {"pic_id": "20598830012800000316", "x": 235, "y": 439, "w": 19, "h": 18, "type": "201", "sign_id": "sign_A_5"}, {"pic_id": "20598830012800000316", "x": 510, "y": 275, "w": 12, "h": 17, "type": "301", "sign_id": "sign_A_6"}, {"pic_id": "20598830012800000316", "x": 253, "y": 463, "w": 7, "h": 8, "type": "301", "sign_id": "sign_A_7"}, {"pic_id": "20598830012800000317", "x": 104, "y": 433, "w": 24, "h": 20, "type": "201", "sign_id": "sign_A_8"}, {"pic_id": "20598830012800000317", "x": 515, "y": 387, "w": 25, "h": 29, "type": "201", "sign_id": "sign_A_9"}, {"pic_id": "20598830012800000317", "x": 401, "y": 172, "w": 18, "h": 25, "type": "301", "sign_id": "sign_A_10"}, {"pic_id": "20598830012800000317", "x": 114, "y": 460, "w": 8, "h": 10, "type": "301", "sign_id": "sign_A_11"}, {"pic_id": "20598830012800000318", "x": 470, "y": 339, "w": 32, "h": 39, "type": "201", "sign_id": "sign_A_12"}, {"pic_id": "18558685091100008975", "x": 649, "y": 252, "w": 18, "h": 21, "type": "201", "sign_id": "sign_B_1"}, {"pic_id": "18558685091100008975", "x": 352, "y": 278, "w": 16, "h": 16, "type": "201", "sign_id": "sign_B_2"}, {"pic_id": "18558685091100008975", "x": 587, "y": 152, "w": 11, "h": 15, "type": "301", "sign_id": "sign_B_3"}, {"pic_id": "18558685091100008975", "x": 373, "y": 301, "w": 7, "h": 8, "type": "301", "sign_id": "sign_B_4"}, {"pic_id": "18558685091100008956", "x": 566, "y": 228, "w": 23, "h": 27, "type": "201", "sign_id": "sign_B_5"}, {"pic_id": "18558685091100008956", "x": 194, "y": 265, "w": 20, "h": 19, "type": "201", "sign_id": "sign_B_6"}, {"pic_id": "18558685091100008956", "x": 211, "y": 291, "w": 8, "h": 9, "type": "301", "sign_id": "sign_B_7"}, {"pic_id": "18558685091100008957", "x": 532, "y": 207, "w": 26, "h": 31, "type": "201", "sign_id": "sign_B_8"}, {"pic_id": "18558685091100008957", "x": 105, "y": 254, "w": 23, "h": 23, "type": "201", "sign_id": "sign_B_9"}, {"pic_id": "18558685091100008957", "x": 116, "y": 284, "w": 9, "h": 9, "type": "301", "sign_id": "sign_B_10"}, {"pic_id": "18558685091100008958", "x": 493, "y": 157, "w": 32, "h": 42, "type": "201", "sign_id": "sign_B_11"}], "match": [{"sign_id": "sign_A_1", "match_sign_id": "sign_B_1"}, {"sign_id": "sign_A_1", "match_sign_id": "sign_B_8"}, {"sign_id": "sign_A_1", "match_sign_id": "sign_B_2"}, {"sign_id": "sign_A_2", "match_sign_id": "sign_B_1"}, {"sign_id": "sign_A_2", "match_sign_id": "sign_B_5"}, {"sign_id": "sign_A_3", "match_sign_id": "sign_B_3"}, {"sign_id": "sign_A_3", "match_sign_id": "sign_B_7"}, {"sign_id": "sign_A_3", "match_sign_id": "sign_B_10"}, {"sign_id": "sign_A_4", "match_sign_id": "sign_B_5"}, {"sign_id": "sign_A_4", "match_sign_id": "sign_B_8"}, {"sign_id": "sign_A_4", "match_sign_id": "sign_B_1"}, {"sign_id": "sign_A_4", "match_sign_id": "sign_B_11"}, {"sign_id": "sign_A_5", "match_sign_id": "sign_B_5"}, {"sign_id": "sign_A_5", "match_sign_id": "sign_B_8"}, {"sign_id": "sign_A_5", "match_sign_id": "sign_B_11"}, {"sign_id": "sign_A_5", "match_sign_id": "sign_B_1"}, {"sign_id": "sign_A_6", "match_sign_id": "sign_B_3"}, {"sign_id": "sign_A_7", "match_sign_id": "sign_B_7"}, {"sign_id": "sign_A_7", "match_sign_id": "sign_B_4"}, {"sign_id": "sign_A_7", "match_sign_id": "sign_B_10"}, {"sign_id": "sign_A_8", "match_sign_id": "sign_B_8"}, {"sign_id": "sign_A_8", "match_sign_id": "sign_B_5"}, {"sign_id": "sign_A_8", "match_sign_id": "sign_B_11"}, {"sign_id": "sign_A_8", "match_sign_id": "sign_B_1"}, {"sign_id": "sign_A_9", "match_sign_id": "sign_B_8"}, {"sign_id": "sign_A_9", "match_sign_id": "sign_B_5"}, {"sign_id": "sign_A_9", "match_sign_id": "sign_B_11"}, {"sign_id": "sign_A_9", "match_sign_id": "sign_B_1"}, {"sign_id": "sign_A_10", "match_sign_id": "sign_B_3"}, {"sign_id": "sign_A_11", "match_sign_id": "sign_B_7"}, {"sign_id": "sign_A_11", "match_sign_id": "sign_B_10"}, {"sign_id": "sign_A_11", "match_sign_id": "sign_B_4"}, {"sign_id": "sign_A_12", "match_sign_id": "sign_B_11"}, {"sign_id": "sign_A_12", "match_sign_id": "sign_B_8"}, {"sign_id": "sign_A_12", "match_sign_id": "sign_B_5"}, {"sign_id": "sign_A_12", "match_sign_id": "sign_B_1"}, {"sign_id": "sign_A_4", "match_sign_id": "sign_B_2"}, {"sign_id": "sign_A_1", "match_sign_id": "sign_B_6"}, {"sign_id": "sign_A_1", "match_sign_id": "sign_B_9"}, {"sign_id": "sign_A_1", "match_sign_id": "sign_B_11"}]}