{"group": [{"pic_list": ["19566105031000002351", "19566105031000002352", "19566105031000002353", "19566105031000002354", "19566105031000002355", "19566105031000002356", "19566105031000002357", "19566105031000002358"], "seq_id": "A"}, {"pic_list": ["19564036010100006859", "19564036010100006860", "19564036010100006861", "19564036010100006862", "19564036010100006863", "19564036010100006981"], "seq_id": "B"}], "signs": [{"pic_id": "19566105031000002351", "x": 127, "y": 349, "w": 17, "h": 22, "type": "301", "sign_id": "sign_A_1"}, {"pic_id": "19566105031000002351", "x": 528, "y": 418, "w": 6, "h": 8, "type": "301", "sign_id": "sign_A_2"}, {"pic_id": "19566105031000002352", "x": 445, "y": 392, "w": 7, "h": 9, "type": "301", "sign_id": "sign_A_3"}, {"pic_id": "19566105031000002352", "x": 797, "y": 418, "w": 6, "h": 8, "type": "301", "sign_id": "sign_A_4"}, {"pic_id": "19566105031000002352", "x": 787, "y": 418, "w": 6, "h": 6, "type": "301", "sign_id": "sign_A_5"}, {"pic_id": "19566105031000002353", "x": 335, "y": 352, "w": 9, "h": 13, "type": "301", "sign_id": "sign_A_6"}, {"pic_id": "19566105031000002353", "x": 800, "y": 398, "w": 8, "h": 10, "type": "301", "sign_id": "sign_A_7"}, {"pic_id": "19566105031000002353", "x": 813, "y": 398, "w": 7, "h": 9, "type": "301", "sign_id": "sign_A_8"}, {"pic_id": "19566105031000002354", "x": 109, "y": 271, "w": 14, "h": 19, "type": "301", "sign_id": "sign_A_9"}, {"pic_id": "19566105031000002354", "x": 931, "y": 394, "w": 10, "h": 12, "type": "301", "sign_id": "sign_A_10"}, {"pic_id": "19566105031000002354", "x": 829, "y": 366, "w": 9, "h": 12, "type": "301", "sign_id": "sign_A_11"}, {"pic_id": "19566105031000002355", "x": 907, "y": 318, "w": 12, "h": 15, "type": "301", "sign_id": "sign_A_12"}, {"pic_id": "19566105031000002355", "x": 882, "y": 319, "w": 13, "h": 16, "type": "301", "sign_id": "sign_A_13"}, {"pic_id": "19566105031000002355", "x": 1020, "y": 361, "w": 13, "h": 16, "type": "301", "sign_id": "sign_A_14"}, {"pic_id": "19566105031000002356", "x": 978, "y": 243, "w": 18, "h": 23, "type": "301", "sign_id": "sign_A_15"}, {"pic_id": "19566105031000002356", "x": 1015, "y": 241, "w": 16, "h": 22, "type": "301", "sign_id": "sign_A_16"}, {"pic_id": "19566105031000002356", "x": 1169, "y": 307, "w": 19, "h": 23, "type": "301", "sign_id": "sign_A_17"}, {"pic_id": "19566105031000002357", "x": 1222, "y": 106, "w": 27, "h": 35, "type": "301", "sign_id": "sign_A_18"}, {"pic_id": "19566105031000002357", "x": 1165, "y": 108, "w": 31, "h": 39, "type": "301", "sign_id": "sign_A_19"}, {"pic_id": "19564036010100006859", "x": 418, "y": 291, "w": 7, "h": 8, "type": "301", "sign_id": "sign_B_1"}, {"pic_id": "19564036010100006860", "x": 317, "y": 259, "w": 8, "h": 10, "type": "301", "sign_id": "sign_B_2"}, {"pic_id": "19564036010100006861", "x": 138, "y": 203, "w": 11, "h": 14, "type": "301", "sign_id": "sign_B_3"}, {"pic_id": "19564036010100006861", "x": 724, "y": 270, "w": 9, "h": 10, "type": "301", "sign_id": "sign_B_4"}, {"pic_id": "19564036010100006861", "x": 738, "y": 270, "w": 8, "h": 10, "type": "301", "sign_id": "sign_B_5"}, {"pic_id": "19564036010100006862", "x": 761, "y": 220, "w": 12, "h": 15, "type": "301", "sign_id": "sign_B_6"}, {"pic_id": "19564036010100006862", "x": 884, "y": 258, "w": 12, "h": 14, "type": "301", "sign_id": "sign_B_7"}, {"pic_id": "19564036010100006862", "x": 783, "y": 220, "w": 11, "h": 13, "type": "301", "sign_id": "sign_B_8"}, {"pic_id": "19564036010100006863", "x": 877, "y": 80, "w": 22, "h": 31, "type": "301", "sign_id": "sign_B_9"}, {"pic_id": "19564036010100006863", "x": 1110, "y": 165, "w": 23, "h": 27, "type": "301", "sign_id": "sign_B_10"}, {"pic_id": "19564036010100006863", "x": 921, "y": 78, "w": 21, "h": 26, "type": "301", "sign_id": "sign_B_11"}], "match": [{"sign_id": "sign_A_1", "match_sign_id": "sign_B_7"}, {"sign_id": "sign_A_1", "match_sign_id": "sign_B_10"}, {"sign_id": "sign_A_2", "match_sign_id": "sign_B_2"}, {"sign_id": "sign_A_2", "match_sign_id": "sign_B_5"}, {"sign_id": "sign_A_2", "match_sign_id": "sign_B_1"}, {"sign_id": "sign_A_2", "match_sign_id": "sign_B_8"}, {"sign_id": "sign_A_3", "match_sign_id": "sign_B_2"}, {"sign_id": "sign_A_3", "match_sign_id": "sign_B_1"}, {"sign_id": "sign_A_4", "match_sign_id": "sign_B_5"}, {"sign_id": "sign_A_4", "match_sign_id": "sign_B_8"}, {"sign_id": "sign_A_4", "match_sign_id": "sign_B_11"}, {"sign_id": "sign_A_5", "match_sign_id": "sign_B_4"}, {"sign_id": "sign_A_5", "match_sign_id": "sign_B_6"}, {"sign_id": "sign_A_5", "match_sign_id": "sign_B_9"}, {"sign_id": "sign_A_6", "match_sign_id": "sign_B_2"}, {"sign_id": "sign_A_6", "match_sign_id": "sign_B_5"}, {"sign_id": "sign_A_6", "match_sign_id": "sign_B_1"}, {"sign_id": "sign_A_6", "match_sign_id": "sign_B_8"}, {"sign_id": "sign_A_7", "match_sign_id": "sign_B_4"}, {"sign_id": "sign_A_7", "match_sign_id": "sign_B_6"}, {"sign_id": "sign_A_7", "match_sign_id": "sign_B_9"}, {"sign_id": "sign_A_8", "match_sign_id": "sign_B_5"}, {"sign_id": "sign_A_8", "match_sign_id": "sign_B_8"}, {"sign_id": "sign_A_8", "match_sign_id": "sign_B_11"}, {"sign_id": "sign_A_9", "match_sign_id": "sign_B_3"}, {"sign_id": "sign_A_9", "match_sign_id": "sign_B_11"}, {"sign_id": "sign_A_9", "match_sign_id": "sign_B_8"}, {"sign_id": "sign_A_10", "match_sign_id": "sign_B_7"}, {"sign_id": "sign_A_10", "match_sign_id": "sign_B_10"}, {"sign_id": "sign_A_11", "match_sign_id": "sign_B_6"}, {"sign_id": "sign_A_11", "match_sign_id": "sign_B_4"}, {"sign_id": "sign_A_11", "match_sign_id": "sign_B_9"}, {"sign_id": "sign_A_11", "match_sign_id": "sign_B_10"}, {"sign_id": "sign_A_12", "match_sign_id": "sign_B_5"}, {"sign_id": "sign_A_12", "match_sign_id": "sign_B_11"}, {"sign_id": "sign_A_12", "match_sign_id": "sign_B_8"}, {"sign_id": "sign_A_13", "match_sign_id": "sign_B_6"}, {"sign_id": "sign_A_13", "match_sign_id": "sign_B_9"}, {"sign_id": "sign_A_13", "match_sign_id": "sign_B_4"}, {"sign_id": "sign_A_14", "match_sign_id": "sign_B_7"}, {"sign_id": "sign_A_14", "match_sign_id": "sign_B_10"}, {"sign_id": "sign_A_15", "match_sign_id": "sign_B_9"}, {"sign_id": "sign_A_15", "match_sign_id": "sign_B_6"}, {"sign_id": "sign_A_16", "match_sign_id": "sign_B_11"}, {"sign_id": "sign_A_16", "match_sign_id": "sign_B_8"}, {"sign_id": "sign_A_16", "match_sign_id": "sign_B_5"}, {"sign_id": "sign_A_17", "match_sign_id": "sign_B_10"}, {"sign_id": "sign_A_17", "match_sign_id": "sign_B_7"}, {"sign_id": "sign_A_18", "match_sign_id": "sign_B_11"}, {"sign_id": "sign_A_18", "match_sign_id": "sign_B_8"}, {"sign_id": "sign_A_18", "match_sign_id": "sign_B_5"}, {"sign_id": "sign_A_19", "match_sign_id": "sign_B_9"}, {"sign_id": "sign_A_19", "match_sign_id": "sign_B_6"}, {"sign_id": "sign_A_19", "match_sign_id": "sign_B_10"}, {"sign_id": "sign_A_19", "match_sign_id": "sign_B_4"}, {"sign_id": "sign_A_12", "match_sign_id": "sign_B_2"}, {"sign_id": "sign_A_16", "match_sign_id": "sign_B_2"}, {"sign_id": "sign_A_15", "match_sign_id": "sign_B_4"}]}