{"group": [{"pic_list": ["19578231062000005141", "19578231062000005142", "19578231062000005143"], "seq_id": "A"}, {"pic_list": ["18558159073000001240", "18558159073000001628", "18558159073000001629", "18558159073000001630", "18558159073000001566"], "seq_id": "B"}], "signs": [{"pic_id": "19578231062000005141", "x": 760, "y": 367, "w": 12, "h": 12, "type": "104", "sign_id": "sign_A_1"}, {"pic_id": "19578231062000005142", "x": 783, "y": 365, "w": 15, "h": 15, "type": "104", "sign_id": "sign_A_2"}, {"pic_id": "19578231062000005142", "x": 558, "y": 235, "w": 6, "h": 8, "type": "301", "sign_id": "sign_A_3"}, {"pic_id": "19578231062000005142", "x": 654, "y": 322, "w": 7, "h": 9, "type": "301", "sign_id": "sign_A_4"}, {"pic_id": "19578231062000005143", "x": 849, "y": 353, "w": 20, "h": 20, "type": "104", "sign_id": "sign_A_5"}, {"pic_id": "19578231062000005143", "x": 680, "y": 297, "w": 8, "h": 11, "type": "301", "sign_id": "sign_A_6"}, {"pic_id": "19578231062000005143", "x": 553, "y": 186, "w": 7, "h": 9, "type": "301", "sign_id": "sign_A_7"}, {"pic_id": "18558159073000001240", "x": 84, "y": 324, "w": 7, "h": 8, "type": "301", "sign_id": "sign_B_1"}, {"pic_id": "18558159073000001628", "x": 472, "y": 234, "w": 6, "h": 7, "type": "301", "sign_id": "sign_B_2"}, {"pic_id": "18558159073000001629", "x": 604, "y": 325, "w": 15, "h": 14, "type": "104", "sign_id": "sign_B_3"}, {"pic_id": "18558159073000001629", "x": 492, "y": 285, "w": 7, "h": 9, "type": "301", "sign_id": "sign_B_4"}, {"pic_id": "18558159073000001629", "x": 412, "y": 208, "w": 6, "h": 8, "type": "301", "sign_id": "sign_B_5"}, {"pic_id": "18558159073000001630", "x": 588, "y": 326, "w": 17, "h": 16, "type": "104", "sign_id": "sign_B_6"}, {"pic_id": "18558159073000001630", "x": 452, "y": 277, "w": 8, "h": 10, "type": "301", "sign_id": "sign_B_7"}, {"pic_id": "18558159073000001630", "x": 358, "y": 185, "w": 7, "h": 9, "type": "301", "sign_id": "sign_B_8"}, {"pic_id": "18558159073000001566", "x": 574, "y": 309, "w": 21, "h": 20, "type": "104", "sign_id": "sign_B_9"}, {"pic_id": "18558159073000001566", "x": 404, "y": 248, "w": 10, "h": 12, "type": "301", "sign_id": "sign_B_10"}], "match": [{"sign_id": "sign_A_1", "match_sign_id": "sign_B_9"}, {"sign_id": "sign_A_1", "match_sign_id": "sign_B_3"}, {"sign_id": "sign_A_1", "match_sign_id": "sign_B_6"}, {"sign_id": "sign_A_2", "match_sign_id": "sign_B_3"}, {"sign_id": "sign_A_2", "match_sign_id": "sign_B_6"}, {"sign_id": "sign_A_2", "match_sign_id": "sign_B_9"}, {"sign_id": "sign_A_3", "match_sign_id": "sign_B_2"}, {"sign_id": "sign_A_3", "match_sign_id": "sign_B_8"}, {"sign_id": "sign_A_3", "match_sign_id": "sign_B_5"}, {"sign_id": "sign_A_3", "match_sign_id": "sign_B_1"}, {"sign_id": "sign_A_3", "match_sign_id": "sign_B_10"}, {"sign_id": "sign_A_4", "match_sign_id": "sign_B_1"}, {"sign_id": "sign_A_4", "match_sign_id": "sign_B_10"}, {"sign_id": "sign_A_5", "match_sign_id": "sign_B_6"}, {"sign_id": "sign_A_5", "match_sign_id": "sign_B_3"}, {"sign_id": "sign_A_5", "match_sign_id": "sign_B_9"}, {"sign_id": "sign_A_6", "match_sign_id": "sign_B_8"}, {"sign_id": "sign_A_6", "match_sign_id": "sign_B_2"}, {"sign_id": "sign_A_6", "match_sign_id": "sign_B_5"}, {"sign_id": "sign_A_6", "match_sign_id": "sign_B_10"}, {"sign_id": "sign_A_7", "match_sign_id": "sign_B_8"}, {"sign_id": "sign_A_7", "match_sign_id": "sign_B_5"}, {"sign_id": "sign_A_7", "match_sign_id": "sign_B_2"}, {"sign_id": "sign_A_7", "match_sign_id": "sign_B_1"}]}