{"group": [{"pic_list": ["19586701100400004050", "19586701100400004644", "19586701100400004645", "19586701100400004646", "19586701100400004647", "19586701100400004648"], "seq_id": "A"}, {"pic_list": ["18558091081500037616", "18558091081500037617", "18558091081500037618", "18558091081500037619", "18558091081500037620", "18558091081500037621"], "seq_id": "B"}], "signs": [{"pic_id": "19586701100400004644", "x": 689, "y": 365, "w": 7, "h": 8, "type": "301", "sign_id": "sign_A_1"}, {"pic_id": "19586701100400004646", "x": 761, "y": 293, "w": 10, "h": 12, "type": "301", "sign_id": "sign_A_2"}, {"pic_id": "19586701100400004647", "x": 860, "y": 205, "w": 14, "h": 18, "type": "301", "sign_id": "sign_A_3"}, {"pic_id": "18558091081500037619", "x": 701, "y": 343, "w": 9, "h": 12, "type": "301", "sign_id": "sign_B_1"}, {"pic_id": "18558091081500037620", "x": 726, "y": 302, "w": 10, "h": 13, "type": "301", "sign_id": "sign_B_2"}, {"pic_id": "18558091081500037621", "x": 758, "y": 199, "w": 15, "h": 20, "type": "301", "sign_id": "sign_B_3"}], "match": [{"sign_id": "sign_A_1", "match_sign_id": "sign_B_1"}, {"sign_id": "sign_A_1", "match_sign_id": "sign_B_2"}, {"sign_id": "sign_A_1", "match_sign_id": "sign_B_3"}, {"sign_id": "sign_A_2", "match_sign_id": "sign_B_2"}, {"sign_id": "sign_A_2", "match_sign_id": "sign_B_3"}, {"sign_id": "sign_A_2", "match_sign_id": "sign_B_1"}, {"sign_id": "sign_A_3", "match_sign_id": "sign_B_3"}, {"sign_id": "sign_A_3", "match_sign_id": "sign_B_2"}, {"sign_id": "sign_A_3", "match_sign_id": "sign_B_1"}]}