{"group": [{"pic_list": ["19586218092800004556", "19586218092800004557", "19586218092800004558", "19586218092800004559", "19586218092800004560", "19586218092800004561", "19586218092800004562", "19586218092800004563"], "seq_id": "A"}, {"pic_list": ["18559086092800020676", "18559086092800020677", "18559086092800020678", "18559086092800020679", "18559086092800020680", "18559086092800020681", "18559086092800020682", "18559086092800020683"], "seq_id": "B"}], "signs": [{"pic_id": "19586218092800004558", "x": 789, "y": 108, "w": 13, "h": 17, "type": "301", "sign_id": "sign_A_1"}, {"pic_id": "19586218092800004558", "x": 507, "y": 251, "w": 6, "h": 7, "type": "301", "sign_id": "sign_A_2"}, {"pic_id": "19586218092800004559", "x": 760, "y": 47, "w": 17, "h": 23, "type": "301", "sign_id": "sign_A_3"}, {"pic_id": "19586218092800004559", "x": 408, "y": 247, "w": 6, "h": 7, "type": "301", "sign_id": "sign_A_4"}, {"pic_id": "19586218092800004560", "x": 354, "y": 243, "w": 7, "h": 8, "type": "301", "sign_id": "sign_A_5"}, {"pic_id": "19586218092800004561", "x": 311, "y": 234, "w": 7, "h": 8, "type": "301", "sign_id": "sign_A_6"}, {"pic_id": "19586218092800004562", "x": 265, "y": 235, "w": 7, "h": 8, "type": "301", "sign_id": "sign_A_7"}, {"pic_id": "19586218092800004562", "x": 819, "y": 267, "w": 7, "h": 8, "type": "301", "sign_id": "sign_A_8"}, {"pic_id": "19586218092800004563", "x": 185, "y": 213, "w": 10, "h": 11, "type": "301", "sign_id": "sign_A_9"}, {"pic_id": "18559086092800020682", "x": 308, "y": 227, "w": 10, "h": 11, "type": "301", "sign_id": "sign_B_1"}, {"pic_id": "18559086092800020683", "x": 268, "y": 218, "w": 11, "h": 11, "type": "301", "sign_id": "sign_B_2"}], "match": [{"sign_id": "sign_A_1", "match_sign_id": "sign_B_1"}, {"sign_id": "sign_A_2", "match_sign_id": "sign_B_1"}, {"sign_id": "sign_A_2", "match_sign_id": "sign_B_2"}, {"sign_id": "sign_A_3", "match_sign_id": "sign_B_1"}, {"sign_id": "sign_A_4", "match_sign_id": "sign_B_1"}, {"sign_id": "sign_A_4", "match_sign_id": "sign_B_2"}, {"sign_id": "sign_A_5", "match_sign_id": "sign_B_1"}, {"sign_id": "sign_A_5", "match_sign_id": "sign_B_2"}, {"sign_id": "sign_A_6", "match_sign_id": "sign_B_1"}, {"sign_id": "sign_A_6", "match_sign_id": "sign_B_2"}, {"sign_id": "sign_A_7", "match_sign_id": "sign_B_1"}, {"sign_id": "sign_A_7", "match_sign_id": "sign_B_2"}, {"sign_id": "sign_A_8", "match_sign_id": "sign_B_2"}, {"sign_id": "sign_A_9", "match_sign_id": "sign_B_1"}, {"sign_id": "sign_A_9", "match_sign_id": "sign_B_2"}]}