{"group": [{"pic_list": ["19566018031100007815", "19566018031100002801", "19566018031100002802", "19566018031100002803", "19566018031100002804", "19566018031100002805"], "seq_id": "A"}, {"pic_list": ["18559096092800042734", "18559096092800042735", "18559096092800042736", "18559096092800042737", "18559096092800042738", "18559096092800042739", "18559096092800042740", "18559096092800042741", "18559096092800042742", "18559096092800042743", "18559096092800042744", "18559096092800042745"], "seq_id": "B"}], "signs": [{"pic_id": "19566018031100007815", "x": 704, "y": 296, "w": 10, "h": 13, "type": "301", "sign_id": "sign_A_1"}, {"pic_id": "19566018031100007815", "x": 28, "y": 346, "w": 8, "h": 10, "type": "301", "sign_id": "sign_A_2"}, {"pic_id": "19566018031100002801", "x": 749, "y": 242, "w": 14, "h": 18, "type": "301", "sign_id": "sign_A_3"}, {"pic_id": "18559096092800042734", "x": 975, "y": 257, "w": 11, "h": 14, "type": "301", "sign_id": "sign_B_1"}, {"pic_id": "18559096092800042734", "x": 213, "y": 301, "w": 9, "h": 11, "type": "301", "sign_id": "sign_B_2"}, {"pic_id": "18559096092800042735", "x": 1040, "y": 239, "w": 13, "h": 16, "type": "301", "sign_id": "sign_B_3"}, {"pic_id": "18559096092800042735", "x": 168, "y": 295, "w": 9, "h": 11, "type": "301", "sign_id": "sign_B_4"}, {"pic_id": "18559096092800042736", "x": 1137, "y": 196, "w": 16, "h": 21, "type": "301", "sign_id": "sign_B_5"}, {"pic_id": "18559096092800042736", "x": 103, "y": 281, "w": 10, "h": 12, "type": "301", "sign_id": "sign_B_6"}, {"pic_id": "18559096092800042737", "x": 10, "y": 266, "w": 12, "h": 15, "type": "301", "sign_id": "sign_B_7"}, {"pic_id": "18559096092800042743", "x": 733, "y": 313, "w": 15, "h": 15, "type": "106", "sign_id": "sign_B_8"}, {"pic_id": "18559096092800042743", "x": 108, "y": 317, "w": 8, "h": 7, "type": "301", "sign_id": "sign_B_9"}, {"pic_id": "18559096092800042744", "x": 791, "y": 301, "w": 18, "h": 18, "type": "106", "sign_id": "sign_B_10"}, {"pic_id": "18559096092800042745", "x": 847, "y": 298, "w": 21, "h": 21, "type": "106", "sign_id": "sign_B_11"}], "match": [{"sign_id": "sign_A_1", "match_sign_id": "sign_B_3"}, {"sign_id": "sign_A_1", "match_sign_id": "sign_B_5"}, {"sign_id": "sign_A_1", "match_sign_id": "sign_B_1"}, {"sign_id": "sign_A_2", "match_sign_id": "sign_B_2"}, {"sign_id": "sign_A_2", "match_sign_id": "sign_B_6"}, {"sign_id": "sign_A_2", "match_sign_id": "sign_B_7"}, {"sign_id": "sign_A_2", "match_sign_id": "sign_B_9"}, {"sign_id": "sign_A_2", "match_sign_id": "sign_B_4"}, {"sign_id": "sign_A_3", "match_sign_id": "sign_B_3"}, {"sign_id": "sign_A_3", "match_sign_id": "sign_B_1"}, {"sign_id": "sign_A_3", "match_sign_id": "sign_B_5"}, {"sign_id": "sign_A_3", "match_sign_id": "sign_B_7"}]}