{"group": [{"pic_list": ["19592577120500015338", "19592577120500015339", "19592577120500015340", "19592577120500015341"], "seq_id": "A"}, {"pic_list": ["18558914091900008556", "18558914091900008557", "18558914091900008558", "18558914091900008559", "18558914091900008560", "18558914091900008561", "18558914091900008562"], "seq_id": "B"}], "signs": [{"pic_id": "19592577120500015339", "x": 613, "y": 241, "w": 14, "h": 15, "type": "105", "sign_id": "sign_A_1"}, {"pic_id": "19592577120500015340", "x": 1090, "y": 98, "w": 18, "h": 23, "type": "301", "sign_id": "sign_A_2"}, {"pic_id": "19592577120500015341", "x": 644, "y": 175, "w": 23, "h": 25, "type": "108", "sign_id": "sign_A_3"}, {"pic_id": "18558914091900008557", "x": 750, "y": 357, "w": 9, "h": 11, "type": "301", "sign_id": "sign_B_1"}, {"pic_id": "18558914091900008558", "x": 552, "y": 364, "w": 15, "h": 16, "type": "106", "sign_id": "sign_B_2"}, {"pic_id": "18558914091900008558", "x": 763, "y": 338, "w": 9, "h": 11, "type": "301", "sign_id": "sign_B_3"}, {"pic_id": "18558914091900008559", "x": 788, "y": 303, "w": 11, "h": 15, "type": "301", "sign_id": "sign_B_4"}, {"pic_id": "18558914091900008560", "x": 522, "y": 354, "w": 18, "h": 18, "type": "108", "sign_id": "sign_B_5"}, {"pic_id": "18558914091900008560", "x": 812, "y": 285, "w": 12, "h": 16, "type": "301", "sign_id": "sign_B_6"}, {"pic_id": "18558914091900008561", "x": 802, "y": 349, "w": 20, "h": 21, "type": "108", "sign_id": "sign_B_7"}, {"pic_id": "18558914091900008562", "x": 270, "y": 384, "w": 14, "h": 14, "type": "104", "sign_id": "sign_B_8"}], "match": [{"sign_id": "sign_A_2", "match_sign_id": "sign_B_4"}, {"sign_id": "sign_A_2", "match_sign_id": "sign_B_6"}, {"sign_id": "sign_A_2", "match_sign_id": "sign_B_1"}, {"sign_id": "sign_A_2", "match_sign_id": "sign_B_3"}, {"sign_id": "sign_A_3", "match_sign_id": "sign_B_7"}, {"sign_id": "sign_A_3", "match_sign_id": "sign_B_5"}]}