{"group": [{"pic_list": ["19591830112800017334", "19591830112800017335", "19591830112800017336", "19591830112800017337", "19591830112800017338"], "seq_id": "A"}, {"pic_list": ["18559086092800009856", "18559086092800009857", "18559086092800009858", "18559086092800009859", "18559086092800009860"], "seq_id": "B"}], "signs": [{"pic_id": "19591830112800017334", "x": 638, "y": 204, "w": 19, "h": 20, "type": "106", "sign_id": "sign_A_1"}, {"pic_id": "19591830112800017334", "x": 261, "y": 191, "w": 12, "h": 14, "type": "301", "sign_id": "sign_A_2"}, {"pic_id": "19591830112800017335", "x": 574, "y": 180, "w": 22, "h": 22, "type": "106", "sign_id": "sign_A_3"}, {"pic_id": "19591830112800017335", "x": 58, "y": 149, "w": 14, "h": 16, "type": "301", "sign_id": "sign_A_4"}, {"pic_id": "19591830112800017336", "x": 565, "y": 149, "w": 26, "h": 26, "type": "106", "sign_id": "sign_A_5"}, {"pic_id": "19591830112800017337", "x": 345, "y": 150, "w": 33, "h": 33, "type": "106", "sign_id": "sign_A_6"}, {"pic_id": "18559086092800009856", "x": 623, "y": 251, "w": 21, "h": 21, "type": "106", "sign_id": "sign_B_1"}, {"pic_id": "18559086092800009856", "x": 155, "y": 220, "w": 13, "h": 16, "type": "301", "sign_id": "sign_B_2"}, {"pic_id": "18559086092800009857", "x": 619, "y": 232, "w": 24, "h": 24, "type": "106", "sign_id": "sign_B_3"}, {"pic_id": "18559086092800009857", "x": 17, "y": 178, "w": 17, "h": 22, "type": "301", "sign_id": "sign_B_4"}, {"pic_id": "18559086092800009858", "x": 599, "y": 214, "w": 28, "h": 28, "type": "106", "sign_id": "sign_B_5"}, {"pic_id": "18559086092800009859", "x": 494, "y": 186, "w": 34, "h": 34, "type": "106", "sign_id": "sign_B_6"}], "match": [{"sign_id": "sign_A_1", "match_sign_id": "sign_B_1"}, {"sign_id": "sign_A_1", "match_sign_id": "sign_B_3"}, {"sign_id": "sign_A_1", "match_sign_id": "sign_B_5"}, {"sign_id": "sign_A_1", "match_sign_id": "sign_B_6"}, {"sign_id": "sign_A_2", "match_sign_id": "sign_B_2"}, {"sign_id": "sign_A_2", "match_sign_id": "sign_B_4"}, {"sign_id": "sign_A_3", "match_sign_id": "sign_B_1"}, {"sign_id": "sign_A_3", "match_sign_id": "sign_B_5"}, {"sign_id": "sign_A_3", "match_sign_id": "sign_B_3"}, {"sign_id": "sign_A_3", "match_sign_id": "sign_B_6"}, {"sign_id": "sign_A_4", "match_sign_id": "sign_B_2"}, {"sign_id": "sign_A_4", "match_sign_id": "sign_B_4"}, {"sign_id": "sign_A_5", "match_sign_id": "sign_B_1"}, {"sign_id": "sign_A_5", "match_sign_id": "sign_B_6"}, {"sign_id": "sign_A_5", "match_sign_id": "sign_B_5"}, {"sign_id": "sign_A_5", "match_sign_id": "sign_B_3"}, {"sign_id": "sign_A_6", "match_sign_id": "sign_B_6"}, {"sign_id": "sign_A_6", "match_sign_id": "sign_B_5"}, {"sign_id": "sign_A_6", "match_sign_id": "sign_B_1"}, {"sign_id": "sign_A_6", "match_sign_id": "sign_B_3"}]}