{"group": [{"pic_list": ["19567158031500000547", "19567158031500000548", "19567158031500000549", "19567158031500000550", "19567158031500000551"], "seq_id": "A"}, {"pic_list": ["18559089092800035727", "18559089092800035688", "18559089092800035689", "18559089092800035690", "18559089092800035691", "18559089092800035692"], "seq_id": "B"}], "signs": [{"pic_id": "19567158031500000547", "x": 924, "y": 184, "w": 17, "h": 21, "type": "301", "sign_id": "sign_A_1"}, {"pic_id": "19567158031500000547", "x": 602, "y": 252, "w": 11, "h": 12, "type": "301", "sign_id": "sign_A_2"}, {"pic_id": "19567158031500000548", "x": 1252, "y": 34, "w": 26, "h": 32, "type": "301", "sign_id": "sign_A_3"}, {"pic_id": "19567158031500000548", "x": 753, "y": 210, "w": 12, "h": 14, "type": "301", "sign_id": "sign_A_4"}, {"pic_id": "19567158031500000549", "x": 966, "y": 103, "w": 15, "h": 16, "type": "301", "sign_id": "sign_A_5"}, {"pic_id": "18559089092800035727", "x": 343, "y": 202, "w": 10, "h": 12, "type": "301", "sign_id": "sign_B_1"}, {"pic_id": "18559089092800035727", "x": 176, "y": 196, "w": 8, "h": 9, "type": "301", "sign_id": "sign_B_2"}, {"pic_id": "18559089092800035688", "x": 394, "y": 180, "w": 11, "h": 14, "type": "301", "sign_id": "sign_B_3"}, {"pic_id": "18559089092800035688", "x": 236, "y": 186, "w": 7, "h": 9, "type": "301", "sign_id": "sign_B_4"}, {"pic_id": "18559089092800035689", "x": 521, "y": 123, "w": 15, "h": 19, "type": "301", "sign_id": "sign_B_5"}, {"pic_id": "18559089092800035690", "x": 724, "y": 36, "w": 19, "h": 24, "type": "301", "sign_id": "sign_B_6"}, {"pic_id": "18559089092800035690", "x": 540, "y": 143, "w": 10, "h": 11, "type": "301", "sign_id": "sign_B_7"}], "match": [{"sign_id": "sign_A_1", "match_sign_id": "sign_B_6"}, {"sign_id": "sign_A_1", "match_sign_id": "sign_B_2"}, {"sign_id": "sign_A_1", "match_sign_id": "sign_B_5"}, {"sign_id": "sign_A_2", "match_sign_id": "sign_B_2"}, {"sign_id": "sign_A_2", "match_sign_id": "sign_B_4"}, {"sign_id": "sign_A_2", "match_sign_id": "sign_B_1"}, {"sign_id": "sign_A_2", "match_sign_id": "sign_B_7"}, {"sign_id": "sign_A_2", "match_sign_id": "sign_B_6"}, {"sign_id": "sign_A_3", "match_sign_id": "sign_B_6"}, {"sign_id": "sign_A_3", "match_sign_id": "sign_B_5"}, {"sign_id": "sign_A_4", "match_sign_id": "sign_B_2"}, {"sign_id": "sign_A_4", "match_sign_id": "sign_B_7"}, {"sign_id": "sign_A_4", "match_sign_id": "sign_B_6"}, {"sign_id": "sign_A_5", "match_sign_id": "sign_B_6"}, {"sign_id": "sign_A_5", "match_sign_id": "sign_B_7"}, {"sign_id": "sign_A_2", "match_sign_id": "sign_B_5"}, {"sign_id": "sign_A_4", "match_sign_id": "sign_B_5"}]}