{"group": [{"pic_list": ["19564258010300003189", "19564258010300003190", "19564258010300003191"], "seq_id": "A"}, {"pic_list": ["18558614090300004541", "18558614090300004542", "18558614090300004543", "18558614090300004544"], "seq_id": "B"}], "signs": [{"pic_id": "19564258010300003189", "x": 661, "y": 356, "w": 11, "h": 15, "type": "301", "sign_id": "sign_A_1"}, {"pic_id": "19564258010300003190", "x": 636, "y": 322, "w": 14, "h": 19, "type": "301", "sign_id": "sign_A_2"}, {"pic_id": "19564258010300003190", "x": 704, "y": 276, "w": 13, "h": 17, "type": "301", "sign_id": "sign_A_3"}, {"pic_id": "19564258010300003191", "x": 726, "y": 196, "w": 18, "h": 22, "type": "301", "sign_id": "sign_A_4"}, {"pic_id": "19564258010300003191", "x": 628, "y": 264, "w": 21, "h": 28, "type": "301", "sign_id": "sign_A_5"}, {"pic_id": "18558614090300004541", "x": 696, "y": 260, "w": 13, "h": 18, "type": "301", "sign_id": "sign_B_1"}, {"pic_id": "18558614090300004542", "x": 785, "y": 190, "w": 13, "h": 17, "type": "301", "sign_id": "sign_B_2"}, {"pic_id": "18558614090300004542", "x": 712, "y": 237, "w": 16, "h": 21, "type": "301", "sign_id": "sign_B_3"}, {"pic_id": "18558614090300004543", "x": 719, "y": 87, "w": 33, "h": 42, "type": "301", "sign_id": "sign_B_4"}], "match": [{"sign_id": "sign_A_1", "match_sign_id": "sign_B_4"}, {"sign_id": "sign_A_1", "match_sign_id": "sign_B_1"}, {"sign_id": "sign_A_1", "match_sign_id": "sign_B_3"}, {"sign_id": "sign_A_2", "match_sign_id": "sign_B_1"}, {"sign_id": "sign_A_2", "match_sign_id": "sign_B_3"}, {"sign_id": "sign_A_2", "match_sign_id": "sign_B_4"}, {"sign_id": "sign_A_3", "match_sign_id": "sign_B_2"}, {"sign_id": "sign_A_4", "match_sign_id": "sign_B_2"}, {"sign_id": "sign_A_5", "match_sign_id": "sign_B_4"}, {"sign_id": "sign_A_5", "match_sign_id": "sign_B_1"}, {"sign_id": "sign_A_5", "match_sign_id": "sign_B_3"}]}