{"group": [{"pic_list": ["19582205081600014844", "19582205081600014845", "19582205081600014846", "19582205081600014847"], "seq_id": "A"}, {"pic_list": ["18557926072100006258", "18557926072100006259"], "seq_id": "B"}], "signs": [{"pic_id": "19582205081600014844", "x": 806, "y": 245, "w": 15, "h": 20, "type": "301", "sign_id": "sign_A_1"}, {"pic_id": "19582205081600014844", "x": 1853, "y": 215, "w": 16, "h": 21, "type": "301", "sign_id": "sign_A_2"}, {"pic_id": "19582205081600014845", "x": 68, "y": 261, "w": 18, "h": 25, "type": "301", "sign_id": "sign_A_3"}, {"pic_id": "19582205081600014845", "x": 797, "y": 163, "w": 21, "h": 28, "type": "301", "sign_id": "sign_A_4"}, {"pic_id": "19582205081600014846", "x": 802, "y": 13, "w": 27, "h": 38, "type": "301", "sign_id": "sign_A_5"}, {"pic_id": "18557926072100006258", "x": 741, "y": 309, "w": 12, "h": 15, "type": "301", "sign_id": "sign_B_1"}, {"pic_id": "18557926072100006258", "x": 334, "y": 325, "w": 11, "h": 14, "type": "301", "sign_id": "sign_B_2"}, {"pic_id": "18557926072100006259", "x": 576, "y": 266, "w": 15, "h": 21, "type": "301", "sign_id": "sign_B_3"}], "match": [{"sign_id": "sign_A_1", "match_sign_id": "sign_B_3"}, {"sign_id": "sign_A_1", "match_sign_id": "sign_B_2"}, {"sign_id": "sign_A_2", "match_sign_id": "sign_B_1"}, {"sign_id": "sign_A_3", "match_sign_id": "sign_B_2"}, {"sign_id": "sign_A_3", "match_sign_id": "sign_B_3"}, {"sign_id": "sign_A_4", "match_sign_id": "sign_B_3"}, {"sign_id": "sign_A_4", "match_sign_id": "sign_B_1"}, {"sign_id": "sign_A_5", "match_sign_id": "sign_B_3"}, {"sign_id": "sign_A_5", "match_sign_id": "sign_B_1"}]}