{"group": [{"pic_list": ["19583245090400001679", "19583245090400001680", "19583245090400001681", "19583245090400001682", "19583245090400001683", "19583245090400001684", "19583245090400001685"], "seq_id": "A"}, {"pic_list": ["18558371081600015841", "18558371081600015842", "18558371081600015843", "18558371081600015844", "18558371081600015845", "18558371081600015846", "18558371081600015847", "18558371081600017205"], "seq_id": "B"}], "signs": [{"pic_id": "19583245090400001679", "x": 149, "y": 202, "w": 13, "h": 15, "type": "301", "sign_id": "sign_A_1"}, {"pic_id": "19583245090400001680", "x": 295, "y": 280, "w": 10, "h": 12, "type": "301", "sign_id": "sign_A_2"}, {"pic_id": "19583245090400001681", "x": 225, "y": 253, "w": 12, "h": 16, "type": "301", "sign_id": "sign_A_3"}, {"pic_id": "18558371081600015841", "x": 237, "y": 242, "w": 10, "h": 12, "type": "301", "sign_id": "sign_B_1"}, {"pic_id": "18558371081600015841", "x": 368, "y": 244, "w": 10, "h": 12, "type": "301", "sign_id": "sign_B_2"}, {"pic_id": "18558371081600015842", "x": 85, "y": 189, "w": 13, "h": 15, "type": "301", "sign_id": "sign_B_3"}, {"pic_id": "18558371081600015842", "x": 261, "y": 187, "w": 13, "h": 16, "type": "301", "sign_id": "sign_B_4"}, {"pic_id": "18558371081600015843", "x": 62, "y": 61, "w": 20, "h": 24, "type": "301", "sign_id": "sign_B_5"}, {"pic_id": "18558371081600015845", "x": 209, "y": 177, "w": 17, "h": 23, "type": "301", "sign_id": "sign_B_6"}, {"pic_id": "18558371081600015846", "x": 49, "y": 104, "w": 23, "h": 28, "type": "301", "sign_id": "sign_B_7"}], "match": [{"sign_id": "sign_A_1", "match_sign_id": "sign_B_5"}, {"sign_id": "sign_A_1", "match_sign_id": "sign_B_3"}, {"sign_id": "sign_A_1", "match_sign_id": "sign_B_2"}, {"sign_id": "sign_A_1", "match_sign_id": "sign_B_4"}, {"sign_id": "sign_A_1", "match_sign_id": "sign_B_1"}, {"sign_id": "sign_A_1", "match_sign_id": "sign_B_6"}, {"sign_id": "sign_A_1", "match_sign_id": "sign_B_7"}, {"sign_id": "sign_A_2", "match_sign_id": "sign_B_6"}, {"sign_id": "sign_A_2", "match_sign_id": "sign_B_4"}, {"sign_id": "sign_A_2", "match_sign_id": "sign_B_7"}, {"sign_id": "sign_A_2", "match_sign_id": "sign_B_1"}, {"sign_id": "sign_A_2", "match_sign_id": "sign_B_5"}, {"sign_id": "sign_A_2", "match_sign_id": "sign_B_2"}, {"sign_id": "sign_A_3", "match_sign_id": "sign_B_6"}, {"sign_id": "sign_A_3", "match_sign_id": "sign_B_4"}, {"sign_id": "sign_A_3", "match_sign_id": "sign_B_7"}, {"sign_id": "sign_A_3", "match_sign_id": "sign_B_1"}, {"sign_id": "sign_A_3", "match_sign_id": "sign_B_3"}, {"sign_id": "sign_A_3", "match_sign_id": "sign_B_5"}]}