{"group": [{"pic_list": ["19590169111000003987", "19590169111000003988", "19590169111000003989", "19590169111000003990"], "seq_id": "A"}, {"pic_list": ["18558638090600005676", "18558638090600005677", "18558638090600005678", "18558638090600005679"], "seq_id": "B"}], "signs": [{"pic_id": "19590169111000003987", "x": 670, "y": 391, "w": 7, "h": 8, "type": "301", "sign_id": "sign_A_1"}, {"pic_id": "19590169111000003988", "x": 692, "y": 344, "w": 8, "h": 9, "type": "301", "sign_id": "sign_A_2"}, {"pic_id": "19590169111000003989", "x": 778, "y": 235, "w": 12, "h": 13, "type": "301", "sign_id": "sign_A_3"}, {"pic_id": "19590169111000003990", "x": 915, "y": 20, "w": 18, "h": 21, "type": "301", "sign_id": "sign_A_4"}, {"pic_id": "18558638090600005676", "x": 742, "y": 194, "w": 7, "h": 8, "type": "301", "sign_id": "sign_B_1"}], "match": [{"sign_id": "sign_A_1", "match_sign_id": "sign_B_1"}, {"sign_id": "sign_A_2", "match_sign_id": "sign_B_1"}, {"sign_id": "sign_A_3", "match_sign_id": "sign_B_1"}, {"sign_id": "sign_A_4", "match_sign_id": "sign_B_1"}]}