{"group": [{"pic_list": ["19591018111700006949", "19591018111700006950", "19591018111700006951"], "seq_id": "A"}, {"pic_list": ["18558493090600020368", "18558493090600020369", "18558493090600020370"], "seq_id": "B"}], "signs": [{"pic_id": "19591018111700006949", "x": 596, "y": 391, "w": 16, "h": 16, "type": "106", "sign_id": "sign_A_1"}, {"pic_id": "19591018111700006949", "x": 1202, "y": 264, "w": 17, "h": 22, "type": "301", "sign_id": "sign_A_2"}, {"pic_id": "19591018111700006950", "x": 636, "y": 385, "w": 20, "h": 20, "type": "106", "sign_id": "sign_A_3"}, {"pic_id": "19591018111700006951", "x": 781, "y": 318, "w": 34, "h": 35, "type": "106", "sign_id": "sign_A_4"}, {"pic_id": "18558493090600020368", "x": 762, "y": 328, "w": 16, "h": 15, "type": "106", "sign_id": "sign_B_1"}, {"pic_id": "18558493090600020369", "x": 831, "y": 297, "w": 22, "h": 22, "type": "106", "sign_id": "sign_B_2"}, {"pic_id": "18558493090600020370", "x": 989, "y": 200, "w": 40, "h": 40, "type": "106", "sign_id": "sign_B_3"}], "match": [{"sign_id": "sign_A_1", "match_sign_id": "sign_B_2"}, {"sign_id": "sign_A_1", "match_sign_id": "sign_B_3"}, {"sign_id": "sign_A_1", "match_sign_id": "sign_B_1"}, {"sign_id": "sign_A_2", "match_sign_id": " "}, {"sign_id": "sign_A_3", "match_sign_id": "sign_B_3"}, {"sign_id": "sign_A_3", "match_sign_id": "sign_B_2"}, {"sign_id": "sign_A_3", "match_sign_id": "sign_B_1"}, {"sign_id": "sign_A_4", "match_sign_id": "sign_B_3"}, {"sign_id": "sign_A_4", "match_sign_id": "sign_B_2"}, {"sign_id": "sign_A_4", "match_sign_id": "sign_B_1"}]}