{"group": [{"pic_list": ["19594448121600000012", "19594448121600000013", "19594448121600000014", "19594448121600000015", "19594448121600000016", "19594448121600000017"], "seq_id": "A"}, {"pic_list": ["18558614090300045078", "18558614090300045079", "18558614090300045080", "18558614090300045081", "18558614090300045082"], "seq_id": "B"}], "signs": [{"pic_id": "19594448121600000013", "x": 391, "y": 195, "w": 6, "h": 9, "type": "301", "sign_id": "sign_A_1"}, {"pic_id": "19594448121600000014", "x": 332, "y": 161, "w": 7, "h": 11, "type": "301", "sign_id": "sign_A_2"}, {"pic_id": "19594448121600000015", "x": 255, "y": 121, "w": 10, "h": 14, "type": "301", "sign_id": "sign_A_3"}, {"pic_id": "19594448121600000016", "x": 117, "y": 68, "w": 14, "h": 19, "type": "301", "sign_id": "sign_A_4"}, {"pic_id": "18558614090300045078", "x": 881, "y": 370, "w": 6, "h": 7, "type": "301", "sign_id": "sign_B_1"}, {"pic_id": "18558614090300045079", "x": 959, "y": 349, "w": 8, "h": 9, "type": "301", "sign_id": "sign_B_2"}, {"pic_id": "18558614090300045080", "x": 1076, "y": 342, "w": 10, "h": 11, "type": "301", "sign_id": "sign_B_3"}], "match": [{"sign_id": "sign_A_1", "match_sign_id": "sign_B_2"}, {"sign_id": "sign_A_1", "match_sign_id": "sign_B_1"}, {"sign_id": "sign_A_2", "match_sign_id": "sign_B_2"}, {"sign_id": "sign_A_2", "match_sign_id": "sign_B_1"}, {"sign_id": "sign_A_3", "match_sign_id": "sign_B_3"}, {"sign_id": "sign_A_4", "match_sign_id": "sign_B_3"}, {"sign_id": "sign_A_4", "match_sign_id": "sign_B_2"}, {"sign_id": "sign_A_4", "match_sign_id": "sign_B_1"}]}