{"group": [{"pic_list": ["19597105122800007620", "19597105122800007621", "19597105122800007622", "19597105122800007623", "19597105122800007624", "19597105122800007625"], "seq_id": "A"}, {"pic_list": ["18558510082400046984", "18558510082400046985", "18558510082400046986", "18558510082400046987", "18558510082400046988"], "seq_id": "B"}], "signs": [{"pic_id": "19597105122800007620", "x": 553, "y": 402, "w": 6, "h": 7, "type": "301", "sign_id": "sign_A_1"}, {"pic_id": "19597105122800007621", "x": 523, "y": 396, "w": 6, "h": 7, "type": "301", "sign_id": "sign_A_2"}, {"pic_id": "19597105122800007622", "x": 538, "y": 386, "w": 7, "h": 7, "type": "301", "sign_id": "sign_A_3"}, {"pic_id": "19597105122800007623", "x": 511, "y": 377, "w": 7, "h": 8, "type": "301", "sign_id": "sign_A_4"}, {"pic_id": "19597105122800007624", "x": 529, "y": 371, "w": 7, "h": 9, "type": "301", "sign_id": "sign_A_5"}, {"pic_id": "19597105122800007625", "x": 590, "y": 436, "w": 13, "h": 13, "type": "201", "sign_id": "sign_A_6"}, {"pic_id": "19597105122800007625", "x": 621, "y": 344, "w": 8, "h": 10, "type": "301", "sign_id": "sign_A_7"}, {"pic_id": "18558510082400046985", "x": 628, "y": 237, "w": 7, "h": 8, "type": "301", "sign_id": "sign_B_1"}, {"pic_id": "18558510082400046986", "x": 614, "y": 225, "w": 8, "h": 9, "type": "301", "sign_id": "sign_B_2"}, {"pic_id": "18558510082400046987", "x": 600, "y": 188, "w": 11, "h": 11, "type": "301", "sign_id": "sign_B_3"}, {"pic_id": "18558510082400046988", "x": 564, "y": 164, "w": 11, "h": 13, "type": "301", "sign_id": "sign_B_4"}], "match": [{"sign_id": "sign_A_1", "match_sign_id": "sign_B_1"}, {"sign_id": "sign_A_1", "match_sign_id": "sign_B_2"}, {"sign_id": "sign_A_1", "match_sign_id": "sign_B_3"}, {"sign_id": "sign_A_1", "match_sign_id": "sign_B_4"}, {"sign_id": "sign_A_2", "match_sign_id": "sign_B_2"}, {"sign_id": "sign_A_2", "match_sign_id": "sign_B_1"}, {"sign_id": "sign_A_2", "match_sign_id": "sign_B_4"}, {"sign_id": "sign_A_2", "match_sign_id": "sign_B_3"}, {"sign_id": "sign_A_3", "match_sign_id": "sign_B_4"}, {"sign_id": "sign_A_3", "match_sign_id": "sign_B_3"}, {"sign_id": "sign_A_3", "match_sign_id": "sign_B_2"}, {"sign_id": "sign_A_3", "match_sign_id": "sign_B_1"}, {"sign_id": "sign_A_4", "match_sign_id": "sign_B_4"}, {"sign_id": "sign_A_4", "match_sign_id": "sign_B_3"}, {"sign_id": "sign_A_4", "match_sign_id": "sign_B_1"}, {"sign_id": "sign_A_4", "match_sign_id": "sign_B_2"}, {"sign_id": "sign_A_5", "match_sign_id": "sign_B_4"}, {"sign_id": "sign_A_5", "match_sign_id": "sign_B_3"}, {"sign_id": "sign_A_5", "match_sign_id": "sign_B_1"}, {"sign_id": "sign_A_5", "match_sign_id": "sign_B_2"}, {"sign_id": "sign_A_7", "match_sign_id": "sign_B_4"}, {"sign_id": "sign_A_7", "match_sign_id": "sign_B_3"}, {"sign_id": "sign_A_7", "match_sign_id": "sign_B_1"}, {"sign_id": "sign_A_7", "match_sign_id": "sign_B_2"}]}