{"group": [{"pic_list": ["19593701121100002439", "19593701121100002440", "19593701121100002441", "19593701121100002442", "19593701121100002443"], "seq_id": "A"}, {"pic_list": ["18558891091700016816", "18558891091700016817", "18558891091700016818", "18558891091700016819", "18558891091700016820"], "seq_id": "B"}], "signs": [{"pic_id": "19593701121100002440", "x": 883, "y": 262, "w": 13, "h": 16, "type": "301", "sign_id": "sign_A_1"}, {"pic_id": "19593701121100002441", "x": 1129, "y": 111, "w": 22, "h": 29, "type": "301", "sign_id": "sign_A_2"}, {"pic_id": "18558891091700016817", "x": 874, "y": 284, "w": 13, "h": 16, "type": "301", "sign_id": "sign_B_1"}, {"pic_id": "18558891091700016818", "x": 996, "y": 230, "w": 16, "h": 20, "type": "301", "sign_id": "sign_B_2"}], "match": [{"sign_id": "sign_A_1", "match_sign_id": "sign_B_1"}, {"sign_id": "sign_A_1", "match_sign_id": "sign_B_2"}, {"sign_id": "sign_A_2", "match_sign_id": "sign_B_2"}, {"sign_id": "sign_A_2", "match_sign_id": "sign_B_1"}]}