{"group": [{"pic_list": ["20599448031200012214", "20599448031200012215", "20599448031200012216", "20599448031200012217", "20599448031200012218", "20599448031200012219", "20599448031200012220", "20599448031200012221"], "seq_id": "A"}, {"pic_list": ["18558858092800011450", "18558858092800011451", "18558858092800011452", "18558858092800011453", "18558858092800011454", "18558858092800011455", "18558858092800011456", "18558858092800011457", "18558858092800011458", "18558858092800011459", "18558858092800011460", "18558858092800011461", "18558858092800011462"], "seq_id": "B"}], "signs": [{"pic_id": "20599448031200012214", "x": 663, "y": 491, "w": 19, "h": 26, "type": "301", "sign_id": "sign_A_1"}, {"pic_id": "20599448031200012215", "x": 613, "y": 377, "w": 26, "h": 33, "type": "301", "sign_id": "sign_A_2"}, {"pic_id": "20599448031200012215", "x": 146, "y": 628, "w": 9, "h": 12, "type": "301", "sign_id": "sign_A_3"}, {"pic_id": "20599448031200012216", "x": 516, "y": 153, "w": 40, "h": 51, "type": "301", "sign_id": "sign_A_4"}, {"pic_id": "20599448031200012216", "x": 509, "y": 554, "w": 8, "h": 11, "type": "301", "sign_id": "sign_A_5"}, {"pic_id": "20599448031200012216", "x": 45, "y": 599, "w": 10, "h": 12, "type": "301", "sign_id": "sign_A_6"}, {"pic_id": "20599448031200012217", "x": 479, "y": 519, "w": 8, "h": 11, "type": "301", "sign_id": "sign_A_7"}, {"pic_id": "20599448031200012218", "x": 465, "y": 488, "w": 9, "h": 13, "type": "301", "sign_id": "sign_A_8"}, {"pic_id": "20599448031200012219", "x": 430, "y": 424, "w": 12, "h": 16, "type": "301", "sign_id": "sign_A_9"}, {"pic_id": "20599448031200012220", "x": 246, "y": 328, "w": 15, "h": 19, "type": "301", "sign_id": "sign_A_10"}, {"pic_id": "18558858092800011450", "x": 652, "y": 240, "w": 10, "h": 13, "type": "301", "sign_id": "sign_B_1"}, {"pic_id": "18558858092800011451", "x": 663, "y": 215, "w": 11, "h": 15, "type": "301", "sign_id": "sign_B_2"}, {"pic_id": "18558858092800011452", "x": 679, "y": 172, "w": 15, "h": 19, "type": "301", "sign_id": "sign_B_3"}, {"pic_id": "18558858092800011453", "x": 707, "y": 89, "w": 19, "h": 26, "type": "301", "sign_id": "sign_B_4"}, {"pic_id": "18558858092800011453", "x": 255, "y": 281, "w": 8, "h": 9, "type": "301", "sign_id": "sign_B_5"}, {"pic_id": "18558858092800011454", "x": 200, "y": 267, "w": 9, "h": 10, "type": "301", "sign_id": "sign_B_6"}, {"pic_id": "18558858092800011454", "x": 525, "y": 236, "w": 6, "h": 8, "type": "301", "sign_id": "sign_B_7"}, {"pic_id": "18558858092800011455", "x": 124, "y": 247, "w": 11, "h": 12, "type": "301", "sign_id": "sign_B_8"}, {"pic_id": "18558858092800011455", "x": 515, "y": 219, "w": 6, "h": 9, "type": "301", "sign_id": "sign_B_9"}, {"pic_id": "18558858092800011456", "x": 23, "y": 222, "w": 13, "h": 14, "type": "301", "sign_id": "sign_B_10"}, {"pic_id": "18558858092800011456", "x": 504, "y": 201, "w": 6, "h": 8, "type": "301", "sign_id": "sign_B_11"}, {"pic_id": "18558858092800011457", "x": 490, "y": 181, "w": 7, "h": 10, "type": "301", "sign_id": "sign_B_12"}, {"pic_id": "18558858092800011458", "x": 463, "y": 140, "w": 9, "h": 11, "type": "301", "sign_id": "sign_B_13"}, {"pic_id": "18558858092800011459", "x": 457, "y": 130, "w": 9, "h": 12, "type": "301", "sign_id": "sign_B_14"}, {"pic_id": "18558858092800011460", "x": 398, "y": 77, "w": 11, "h": 13, "type": "301", "sign_id": "sign_B_15"}, {"pic_id": "18558858092800011461", "x": 339, "y": 5, "w": 15, "h": 16, "type": "301", "sign_id": "sign_B_16"}], "match": [{"sign_id": "sign_A_1", "match_sign_id": "sign_B_3"}, {"sign_id": "sign_A_1", "match_sign_id": "sign_B_4"}, {"sign_id": "sign_A_1", "match_sign_id": "sign_B_1"}, {"sign_id": "sign_A_1", "match_sign_id": "sign_B_2"}, {"sign_id": "sign_A_1", "match_sign_id": "sign_B_10"}, {"sign_id": "sign_A_2", "match_sign_id": "sign_B_4"}, {"sign_id": "sign_A_2", "match_sign_id": "sign_B_3"}, {"sign_id": "sign_A_2", "match_sign_id": "sign_B_2"}, {"sign_id": "sign_A_2", "match_sign_id": "sign_B_1"}, {"sign_id": "sign_A_2", "match_sign_id": "sign_B_16"}, {"sign_id": "sign_A_3", "match_sign_id": "sign_B_6"}, {"sign_id": "sign_A_3", "match_sign_id": "sign_B_5"}, {"sign_id": "sign_A_3", "match_sign_id": "sign_B_8"}, {"sign_id": "sign_A_3", "match_sign_id": "sign_B_10"}, {"sign_id": "sign_A_3", "match_sign_id": "sign_B_15"}, {"sign_id": "sign_A_3", "match_sign_id": "sign_B_14"}, {"sign_id": "sign_A_4", "match_sign_id": "sign_B_4"}, {"sign_id": "sign_A_4", "match_sign_id": "sign_B_3"}, {"sign_id": "sign_A_4", "match_sign_id": "sign_B_2"}, {"sign_id": "sign_A_4", "match_sign_id": "sign_B_1"}, {"sign_id": "sign_A_4", "match_sign_id": "sign_B_16"}, {"sign_id": "sign_A_4", "match_sign_id": "sign_B_15"}, {"sign_id": "sign_A_5", "match_sign_id": "sign_B_7"}, {"sign_id": "sign_A_5", "match_sign_id": "sign_B_11"}, {"sign_id": "sign_A_5", "match_sign_id": "sign_B_9"}, {"sign_id": "sign_A_5", "match_sign_id": "sign_B_12"}, {"sign_id": "sign_A_5", "match_sign_id": "sign_B_14"}, {"sign_id": "sign_A_5", "match_sign_id": "sign_B_13"}, {"sign_id": "sign_A_6", "match_sign_id": "sign_B_6"}, {"sign_id": "sign_A_6", "match_sign_id": "sign_B_5"}, {"sign_id": "sign_A_6", "match_sign_id": "sign_B_8"}, {"sign_id": "sign_A_6", "match_sign_id": "sign_B_10"}, {"sign_id": "sign_A_7", "match_sign_id": "sign_B_11"}, {"sign_id": "sign_A_7", "match_sign_id": "sign_B_12"}, {"sign_id": "sign_A_7", "match_sign_id": "sign_B_14"}, {"sign_id": "sign_A_7", "match_sign_id": "sign_B_9"}, {"sign_id": "sign_A_7", "match_sign_id": "sign_B_7"}, {"sign_id": "sign_A_7", "match_sign_id": "sign_B_15"}, {"sign_id": "sign_A_7", "match_sign_id": "sign_B_13"}, {"sign_id": "sign_A_8", "match_sign_id": "sign_B_14"}, {"sign_id": "sign_A_8", "match_sign_id": "sign_B_12"}, {"sign_id": "sign_A_8", "match_sign_id": "sign_B_11"}, {"sign_id": "sign_A_8", "match_sign_id": "sign_B_15"}, {"sign_id": "sign_A_8", "match_sign_id": "sign_B_8"}, {"sign_id": "sign_A_8", "match_sign_id": "sign_B_13"}, {"sign_id": "sign_A_8", "match_sign_id": "sign_B_9"}, {"sign_id": "sign_A_9", "match_sign_id": "sign_B_10"}, {"sign_id": "sign_A_9", "match_sign_id": "sign_B_14"}, {"sign_id": "sign_A_9", "match_sign_id": "sign_B_15"}, {"sign_id": "sign_A_9", "match_sign_id": "sign_B_13"}, {"sign_id": "sign_A_9", "match_sign_id": "sign_B_12"}, {"sign_id": "sign_A_9", "match_sign_id": "sign_B_16"}, {"sign_id": "sign_A_9", "match_sign_id": "sign_B_11"}, {"sign_id": "sign_A_10", "match_sign_id": "sign_B_10"}, {"sign_id": "sign_A_10", "match_sign_id": "sign_B_15"}, {"sign_id": "sign_A_10", "match_sign_id": "sign_B_14"}, {"sign_id": "sign_A_10", "match_sign_id": "sign_B_16"}, {"sign_id": "sign_A_10", "match_sign_id": "sign_B_13"}, {"sign_id": "sign_A_10", "match_sign_id": "sign_B_12"}, {"sign_id": "sign_A_10", "match_sign_id": "sign_B_8"}, {"sign_id": "sign_A_8", "match_sign_id": "sign_B_5"}, {"sign_id": "sign_A_8", "match_sign_id": "sign_B_6"}, {"sign_id": "sign_A_7", "match_sign_id": "sign_B_6"}, {"sign_id": "sign_A_8", "match_sign_id": "sign_B_7"}, {"sign_id": "sign_A_8", "match_sign_id": "sign_B_10"}, {"sign_id": "sign_A_8", "match_sign_id": "sign_B_16"}]}