{"group": [{"pic_list": ["19591523112400003672", "19591523112400003673", "19591523112400003674", "19591523112400003675"], "seq_id": "A"}, {"pic_list": ["18558674090600026614", "18558674090600026615", "18558674090600026616"], "seq_id": "B"}], "signs": [{"pic_id": "19591523112400003672", "x": 983, "y": 222, "w": 26, "h": 23, "type": "106", "sign_id": "sign_A_1"}, {"pic_id": "19591523112400003672", "x": 355, "y": 64, "w": 14, "h": 19, "type": "301", "sign_id": "sign_A_2"}, {"pic_id": "19591523112400003673", "x": 968, "y": 197, "w": 32, "h": 29, "type": "106", "sign_id": "sign_A_3"}, {"pic_id": "19591523112400003674", "x": 993, "y": 190, "w": 43, "h": 40, "type": "106", "sign_id": "sign_A_4"}, {"pic_id": "19591523112400003675", "x": 1124, "y": 158, "w": 68, "h": 67, "type": "106", "sign_id": "sign_A_5"}, {"pic_id": "18558674090600026614", "x": 1084, "y": 300, "w": 26, "h": 24, "type": "106", "sign_id": "sign_B_1"}, {"pic_id": "18558674090600026614", "x": 182, "y": 116, "w": 15, "h": 17, "type": "301", "sign_id": "sign_B_2"}, {"pic_id": "18558674090600026614", "x": 146, "y": 126, "w": 14, "h": 17, "type": "301", "sign_id": "sign_B_3"}, {"pic_id": "18558674090600026615", "x": 882, "y": 283, "w": 29, "h": 28, "type": "106", "sign_id": "sign_B_4"}, {"pic_id": "18558674090600026616", "x": 797, "y": 237, "w": 43, "h": 41, "type": "106", "sign_id": "sign_B_5"}], "match": [{"sign_id": "sign_A_1", "match_sign_id": "sign_B_5"}, {"sign_id": "sign_A_1", "match_sign_id": "sign_B_4"}, {"sign_id": "sign_A_1", "match_sign_id": "sign_B_1"}, {"sign_id": "sign_A_2", "match_sign_id": "sign_B_3"}, {"sign_id": "sign_A_2", "match_sign_id": "sign_B_2"}, {"sign_id": "sign_A_3", "match_sign_id": "sign_B_5"}, {"sign_id": "sign_A_3", "match_sign_id": "sign_B_4"}, {"sign_id": "sign_A_3", "match_sign_id": "sign_B_1"}, {"sign_id": "sign_A_4", "match_sign_id": "sign_B_5"}, {"sign_id": "sign_A_4", "match_sign_id": "sign_B_4"}, {"sign_id": "sign_A_4", "match_sign_id": "sign_B_1"}, {"sign_id": "sign_A_5", "match_sign_id": "sign_B_5"}, {"sign_id": "sign_A_5", "match_sign_id": "sign_B_4"}, {"sign_id": "sign_A_5", "match_sign_id": "sign_B_1"}]}