{"group": [{"pic_list": ["19582326081600005240", "19582326081600005241", "19582326081600005242", "19582326081600005243", "19582326081600005244", "19582326081600004314"], "seq_id": "A"}, {"pic_list": ["18558234080700027405", "18558234080700027406", "18558234080700027407", "18558234080700027408", "18558234080700027409", "18558234080700027410", "18558234080700027411"], "seq_id": "B"}], "signs": [{"pic_id": "19582326081600005240", "x": 1114, "y": 348, "w": 14, "h": 18, "type": "301", "sign_id": "sign_A_1"}, {"pic_id": "19582326081600005241", "x": 1172, "y": 281, "w": 16, "h": 20, "type": "301", "sign_id": "sign_A_2"}, {"pic_id": "19582326081600005242", "x": 1265, "y": 191, "w": 22, "h": 26, "type": "301", "sign_id": "sign_A_3"}, {"pic_id": "19582326081600005242", "x": 1422, "y": 164, "w": 24, "h": 31, "type": "301", "sign_id": "sign_A_4"}, {"pic_id": "19582326081600005243", "x": 1412, "y": 54, "w": 28, "h": 36, "type": "301", "sign_id": "sign_A_5"}, {"pic_id": "19582326081600005243", "x": 1652, "y": 1, "w": 38, "h": 38, "type": "301", "sign_id": "sign_A_6"}, {"pic_id": "18558234080700027405", "x": 607, "y": 272, "w": 7, "h": 8, "type": "301", "sign_id": "sign_B_1"}, {"pic_id": "18558234080700027406", "x": 669, "y": 252, "w": 9, "h": 11, "type": "301", "sign_id": "sign_B_2"}, {"pic_id": "18558234080700027407", "x": 749, "y": 219, "w": 12, "h": 16, "type": "301", "sign_id": "sign_B_3"}, {"pic_id": "18558234080700027407", "x": 693, "y": 227, "w": 10, "h": 12, "type": "301", "sign_id": "sign_B_4"}, {"pic_id": "18558234080700027408", "x": 781, "y": 180, "w": 14, "h": 18, "type": "301", "sign_id": "sign_B_5"}, {"pic_id": "18558234080700027408", "x": 713, "y": 196, "w": 12, "h": 14, "type": "301", "sign_id": "sign_B_6"}, {"pic_id": "18558234080700027409", "x": 774, "y": 77, "w": 17, "h": 24, "type": "301", "sign_id": "sign_B_7"}, {"pic_id": "18558234080700027409", "x": 911, "y": 18, "w": 21, "h": 31, "type": "301", "sign_id": "sign_B_8"}, {"pic_id": "18558234080700027411", "x": 280, "y": 333, "w": 8, "h": 9, "type": "301", "sign_id": "sign_B_9"}], "match": [{"sign_id": "sign_A_1", "match_sign_id": "sign_B_6"}, {"sign_id": "sign_A_1", "match_sign_id": "sign_B_2"}, {"sign_id": "sign_A_1", "match_sign_id": "sign_B_1"}, {"sign_id": "sign_A_1", "match_sign_id": "sign_B_4"}, {"sign_id": "sign_A_2", "match_sign_id": "sign_B_6"}, {"sign_id": "sign_A_2", "match_sign_id": "sign_B_4"}, {"sign_id": "sign_A_2", "match_sign_id": "sign_B_2"}, {"sign_id": "sign_A_2", "match_sign_id": "sign_B_8"}, {"sign_id": "sign_A_2", "match_sign_id": "sign_B_1"}, {"sign_id": "sign_A_3", "match_sign_id": "sign_B_1"}, {"sign_id": "sign_A_3", "match_sign_id": "sign_B_6"}, {"sign_id": "sign_A_3", "match_sign_id": "sign_B_4"}, {"sign_id": "sign_A_3", "match_sign_id": "sign_B_7"}, {"sign_id": "sign_A_3", "match_sign_id": "sign_B_2"}, {"sign_id": "sign_A_4", "match_sign_id": "sign_B_9"}, {"sign_id": "sign_A_4", "match_sign_id": "sign_B_5"}, {"sign_id": "sign_A_4", "match_sign_id": "sign_B_3"}, {"sign_id": "sign_A_4", "match_sign_id": "sign_B_4"}, {"sign_id": "sign_A_4", "match_sign_id": "sign_B_7"}, {"sign_id": "sign_A_5", "match_sign_id": "sign_B_1"}, {"sign_id": "sign_A_5", "match_sign_id": "sign_B_7"}, {"sign_id": "sign_A_5", "match_sign_id": "sign_B_2"}, {"sign_id": "sign_A_5", "match_sign_id": "sign_B_4"}, {"sign_id": "sign_A_6", "match_sign_id": "sign_B_8"}, {"sign_id": "sign_A_6", "match_sign_id": "sign_B_5"}, {"sign_id": "sign_A_6", "match_sign_id": "sign_B_3"}, {"sign_id": "sign_A_6", "match_sign_id": "sign_B_9"}, {"sign_id": "sign_A_6", "match_sign_id": "sign_B_4"}, {"sign_id": "sign_A_4", "match_sign_id": "sign_B_1"}, {"sign_id": "sign_A_6", "match_sign_id": "sign_B_7"}, {"sign_id": "sign_A_4", "match_sign_id": "sign_B_8"}]}