{"group": [{"pic_list": ["19582442081800002304", "19582442081800002077", "19582442081800002078", "19582442081800002079", "19582442081800002080", "19582442081800002081"], "seq_id": "A"}, {"pic_list": ["18557937072100020713", "18557937072100020714", "18557937072100020715", "18557937072100020716", "18557937072100020717"], "seq_id": "B"}], "signs": [{"pic_id": "19582442081800002304", "x": 898, "y": 664, "w": 10, "h": 11, "type": "301", "sign_id": "sign_A_1"}, {"pic_id": "19582442081800002304", "x": 1030, "y": 717, "w": 10, "h": 12, "type": "301", "sign_id": "sign_A_2"}, {"pic_id": "19582442081800002077", "x": 869, "y": 689, "w": 10, "h": 14, "type": "301", "sign_id": "sign_A_3"}, {"pic_id": "19582442081800002077", "x": 687, "y": 726, "w": 10, "h": 12, "type": "301", "sign_id": "sign_A_4"}, {"pic_id": "19582442081800002078", "x": 662, "y": 567, "w": 12, "h": 16, "type": "301", "sign_id": "sign_A_5"}, {"pic_id": "19582442081800002078", "x": 852, "y": 649, "w": 12, "h": 17, "type": "301", "sign_id": "sign_A_6"}, {"pic_id": "19582442081800002078", "x": 635, "y": 695, "w": 11, "h": 13, "type": "301", "sign_id": "sign_A_7"}, {"pic_id": "19582442081800002079", "x": 726, "y": 739, "w": 25, "h": 24, "type": "103", "sign_id": "sign_A_8"}, {"pic_id": "19582442081800002079", "x": 632, "y": 469, "w": 15, "h": 20, "type": "301", "sign_id": "sign_A_9"}, {"pic_id": "19582442081800002079", "x": 885, "y": 584, "w": 14, "h": 19, "type": "301", "sign_id": "sign_A_10"}, {"pic_id": "19582442081800002079", "x": 606, "y": 654, "w": 14, "h": 18, "type": "301", "sign_id": "sign_A_11"}, {"pic_id": "19582442081800002080", "x": 787, "y": 708, "w": 34, "h": 32, "type": "103", "sign_id": "sign_A_12"}, {"pic_id": "19582442081800002080", "x": 645, "y": 283, "w": 23, "h": 29, "type": "301", "sign_id": "sign_A_13"}, {"pic_id": "19582442081800002080", "x": 1018, "y": 468, "w": 19, "h": 27, "type": "301", "sign_id": "sign_A_14"}, {"pic_id": "19582442081800002080", "x": 630, "y": 594, "w": 16, "h": 19, "type": "301", "sign_id": "sign_A_15"}, {"pic_id": "19582442081800002081", "x": 846, "y": 665, "w": 46, "h": 42, "type": "103", "sign_id": "sign_A_16"}, {"pic_id": "19582442081800002081", "x": 1228, "y": 264, "w": 30, "h": 39, "type": "301", "sign_id": "sign_A_17"}, {"pic_id": "19582442081800002081", "x": 637, "y": 508, "w": 21, "h": 28, "type": "301", "sign_id": "sign_A_18"}, {"pic_id": "18557937072100020713", "x": 647, "y": 309, "w": 7, "h": 8, "type": "301", "sign_id": "sign_B_1"}, {"pic_id": "18557937072100020714", "x": 649, "y": 300, "w": 7, "h": 8, "type": "301", "sign_id": "sign_B_2"}, {"pic_id": "18557937072100020714", "x": 784, "y": 269, "w": 7, "h": 8, "type": "301", "sign_id": "sign_B_3"}, {"pic_id": "18557937072100020715", "x": 654, "y": 278, "w": 8, "h": 10, "type": "301", "sign_id": "sign_B_4"}, {"pic_id": "18557937072100020715", "x": 827, "y": 236, "w": 9, "h": 11, "type": "301", "sign_id": "sign_B_5"}, {"pic_id": "18557937072100020716", "x": 741, "y": 303, "w": 20, "h": 20, "type": "103", "sign_id": "sign_B_6"}, {"pic_id": "18557937072100020716", "x": 659, "y": 242, "w": 11, "h": 13, "type": "301", "sign_id": "sign_B_7"}, {"pic_id": "18557937072100020716", "x": 907, "y": 173, "w": 12, "h": 15, "type": "301", "sign_id": "sign_B_8"}, {"pic_id": "18557937072100020717", "x": 806, "y": 272, "w": 28, "h": 27, "type": "103", "sign_id": "sign_B_9"}, {"pic_id": "18557937072100020717", "x": 696, "y": 182, "w": 15, "h": 20, "type": "301", "sign_id": "sign_B_10"}, {"pic_id": "18557937072100020717", "x": 1127, "y": 39, "w": 18, "h": 23, "type": "301", "sign_id": "sign_B_11"}], "match": [{"sign_id": "sign_A_1", "match_sign_id": "sign_B_5"}, {"sign_id": "sign_A_1", "match_sign_id": "sign_B_3"}, {"sign_id": "sign_A_1", "match_sign_id": "sign_B_1"}, {"sign_id": "sign_A_2", "match_sign_id": "sign_B_8"}, {"sign_id": "sign_A_4", "match_sign_id": "sign_B_10"}, {"sign_id": "sign_A_4", "match_sign_id": "sign_B_7"}, {"sign_id": "sign_A_4", "match_sign_id": "sign_B_4"}, {"sign_id": "sign_A_4", "match_sign_id": "sign_B_1"}, {"sign_id": "sign_A_5", "match_sign_id": "sign_B_11"}, {"sign_id": "sign_A_5", "match_sign_id": "sign_B_8"}, {"sign_id": "sign_A_6", "match_sign_id": "sign_B_8"}, {"sign_id": "sign_A_6", "match_sign_id": "sign_B_11"}, {"sign_id": "sign_A_7", "match_sign_id": "sign_B_7"}, {"sign_id": "sign_A_7", "match_sign_id": "sign_B_10"}, {"sign_id": "sign_A_7", "match_sign_id": "sign_B_4"}, {"sign_id": "sign_A_7", "match_sign_id": "sign_B_1"}, {"sign_id": "sign_A_8", "match_sign_id": "sign_B_9"}, {"sign_id": "sign_A_8", "match_sign_id": "sign_B_6"}, {"sign_id": "sign_A_10", "match_sign_id": "sign_B_11"}, {"sign_id": "sign_A_10", "match_sign_id": "sign_B_8"}, {"sign_id": "sign_A_11", "match_sign_id": "sign_B_10"}, {"sign_id": "sign_A_11", "match_sign_id": "sign_B_7"}, {"sign_id": "sign_A_11", "match_sign_id": "sign_B_4"}, {"sign_id": "sign_A_11", "match_sign_id": "sign_B_1"}, {"sign_id": "sign_A_12", "match_sign_id": "sign_B_6"}, {"sign_id": "sign_A_12", "match_sign_id": "sign_B_9"}, {"sign_id": "sign_A_14", "match_sign_id": "sign_B_8"}, {"sign_id": "sign_A_14", "match_sign_id": "sign_B_11"}, {"sign_id": "sign_A_15", "match_sign_id": "sign_B_10"}, {"sign_id": "sign_A_15", "match_sign_id": "sign_B_7"}, {"sign_id": "sign_A_15", "match_sign_id": "sign_B_4"}, {"sign_id": "sign_A_15", "match_sign_id": "sign_B_1"}, {"sign_id": "sign_A_16", "match_sign_id": "sign_B_6"}, {"sign_id": "sign_A_16", "match_sign_id": "sign_B_9"}, {"sign_id": "sign_A_17", "match_sign_id": "sign_B_8"}, {"sign_id": "sign_A_17", "match_sign_id": "sign_B_5"}, {"sign_id": "sign_A_17", "match_sign_id": "sign_B_11"}, {"sign_id": "sign_A_18", "match_sign_id": "sign_B_7"}, {"sign_id": "sign_A_18", "match_sign_id": "sign_B_10"}, {"sign_id": "sign_A_18", "match_sign_id": "sign_B_4"}, {"sign_id": "sign_A_18", "match_sign_id": "sign_B_5"}, {"sign_id": "sign_A_7", "match_sign_id": "sign_B_2"}, {"sign_id": "sign_A_4", "match_sign_id": "sign_B_2"}, {"sign_id": "sign_A_11", "match_sign_id": "sign_B_2"}, {"sign_id": "sign_A_15", "match_sign_id": "sign_B_2"}, {"sign_id": "sign_A_1", "match_sign_id": "sign_B_8"}, {"sign_id": "sign_A_1", "match_sign_id": "sign_B_11"}]}