{"group": [{"pic_list": ["19582004081200001741", "19582004081200001742", "19582004081200001743", "19582004081200001744"], "seq_id": "A"}, {"pic_list": ["18558310081700025464", "18558310081700025465", "18558310081700025466", "18558310081700025467"], "seq_id": "B"}], "signs": [{"pic_id": "19582004081200001741", "x": 775, "y": 565, "w": 33, "h": 34, "type": "106", "sign_id": "sign_A_1"}, {"pic_id": "19582004081200001741", "x": 1018, "y": 497, "w": 16, "h": 21, "type": "301", "sign_id": "sign_A_2"}, {"pic_id": "19582004081200001742", "x": 810, "y": 514, "w": 41, "h": 42, "type": "106", "sign_id": "sign_A_3"}, {"pic_id": "19582004081200001742", "x": 1176, "y": 386, "w": 21, "h": 28, "type": "301", "sign_id": "sign_A_4"}, {"pic_id": "19582004081200001743", "x": 845, "y": 421, "w": 56, "h": 57, "type": "106", "sign_id": "sign_A_5"}, {"pic_id": "19582004081200001743", "x": 1568, "y": 80, "w": 34, "h": 47, "type": "301", "sign_id": "sign_A_6"}, {"pic_id": "19582004081200001744", "x": 872, "y": 281, "w": 76, "h": 78, "type": "106", "sign_id": "sign_A_7"}, {"pic_id": "18558310081700025464", "x": 704, "y": 223, "w": 22, "h": 23, "type": "106", "sign_id": "sign_B_1"}, {"pic_id": "18558310081700025464", "x": 855, "y": 185, "w": 11, "h": 14, "type": "301", "sign_id": "sign_B_2"}, {"pic_id": "18558310081700025465", "x": 749, "y": 192, "w": 26, "h": 27, "type": "106", "sign_id": "sign_B_3"}, {"pic_id": "18558310081700025465", "x": 952, "y": 123, "w": 14, "h": 18, "type": "301", "sign_id": "sign_B_4"}, {"pic_id": "18558310081700025466", "x": 681, "y": 126, "w": 28, "h": 31, "type": "106", "sign_id": "sign_B_5"}, {"pic_id": "18558310081700025466", "x": 920, "y": 33, "w": 16, "h": 22, "type": "301", "sign_id": "sign_B_6"}, {"pic_id": "18558310081700025467", "x": 859, "y": 145, "w": 38, "h": 39, "type": "106", "sign_id": "sign_B_7"}], "match": [{"sign_id": "sign_A_1", "match_sign_id": "sign_B_1"}, {"sign_id": "sign_A_1", "match_sign_id": "sign_B_3"}, {"sign_id": "sign_A_1", "match_sign_id": "sign_B_7"}, {"sign_id": "sign_A_1", "match_sign_id": "sign_B_5"}, {"sign_id": "sign_A_2", "match_sign_id": "sign_B_6"}, {"sign_id": "sign_A_2", "match_sign_id": "sign_B_4"}, {"sign_id": "sign_A_2", "match_sign_id": "sign_B_2"}, {"sign_id": "sign_A_3", "match_sign_id": "sign_B_1"}, {"sign_id": "sign_A_3", "match_sign_id": "sign_B_3"}, {"sign_id": "sign_A_3", "match_sign_id": "sign_B_5"}, {"sign_id": "sign_A_3", "match_sign_id": "sign_B_7"}, {"sign_id": "sign_A_4", "match_sign_id": "sign_B_6"}, {"sign_id": "sign_A_4", "match_sign_id": "sign_B_4"}, {"sign_id": "sign_A_4", "match_sign_id": "sign_B_2"}, {"sign_id": "sign_A_5", "match_sign_id": "sign_B_5"}, {"sign_id": "sign_A_5", "match_sign_id": "sign_B_1"}, {"sign_id": "sign_A_5", "match_sign_id": "sign_B_7"}, {"sign_id": "sign_A_5", "match_sign_id": "sign_B_3"}, {"sign_id": "sign_A_6", "match_sign_id": "sign_B_6"}, {"sign_id": "sign_A_6", "match_sign_id": "sign_B_4"}, {"sign_id": "sign_A_6", "match_sign_id": "sign_B_2"}, {"sign_id": "sign_A_7", "match_sign_id": "sign_B_5"}, {"sign_id": "sign_A_7", "match_sign_id": "sign_B_7"}, {"sign_id": "sign_A_7", "match_sign_id": "sign_B_3"}, {"sign_id": "sign_A_7", "match_sign_id": "sign_B_1"}]}