{"group": [{"pic_list": ["19575912060700003155", "19575912060700003156", "19575912060700003157", "19575912060700003158", "19575912060700003159"], "seq_id": "A"}, {"pic_list": ["18557811071800016853", "18557811071800016854", "18557811071800016855"], "seq_id": "B"}], "signs": [{"pic_id": "19575912060700003155", "x": 713, "y": 372, "w": 7, "h": 9, "type": "301", "sign_id": "sign_A_1"}, {"pic_id": "19575912060700003156", "x": 740, "y": 368, "w": 7, "h": 10, "type": "301", "sign_id": "sign_A_2"}, {"pic_id": "19575912060700003157", "x": 799, "y": 350, "w": 9, "h": 11, "type": "301", "sign_id": "sign_A_3"}, {"pic_id": "19575912060700003158", "x": 864, "y": 316, "w": 11, "h": 14, "type": "301", "sign_id": "sign_A_4"}, {"pic_id": "19575912060700003159", "x": 1035, "y": 258, "w": 16, "h": 20, "type": "301", "sign_id": "sign_A_5"}, {"pic_id": "18557811071800016853", "x": 812, "y": 228, "w": 9, "h": 11, "type": "301", "sign_id": "sign_B_1"}, {"pic_id": "18557811071800016854", "x": 933, "y": 178, "w": 12, "h": 16, "type": "301", "sign_id": "sign_B_2"}, {"pic_id": "18557811071800016855", "x": 1211, "y": 49, "w": 23, "h": 28, "type": "301", "sign_id": "sign_B_3"}], "match": [{"sign_id": "sign_A_1", "match_sign_id": "sign_B_1"}, {"sign_id": "sign_A_1", "match_sign_id": "sign_B_2"}, {"sign_id": "sign_A_1", "match_sign_id": "sign_B_3"}, {"sign_id": "sign_A_2", "match_sign_id": "sign_B_1"}, {"sign_id": "sign_A_2", "match_sign_id": "sign_B_3"}, {"sign_id": "sign_A_2", "match_sign_id": "sign_B_2"}, {"sign_id": "sign_A_3", "match_sign_id": "sign_B_1"}, {"sign_id": "sign_A_3", "match_sign_id": "sign_B_3"}, {"sign_id": "sign_A_3", "match_sign_id": "sign_B_2"}, {"sign_id": "sign_A_4", "match_sign_id": "sign_B_1"}, {"sign_id": "sign_A_4", "match_sign_id": "sign_B_3"}, {"sign_id": "sign_A_4", "match_sign_id": "sign_B_2"}, {"sign_id": "sign_A_5", "match_sign_id": "sign_B_3"}, {"sign_id": "sign_A_5", "match_sign_id": "sign_B_1"}, {"sign_id": "sign_A_5", "match_sign_id": "sign_B_2"}]}