{"group": [{"pic_list": ["19582031081200006448", "19582031081200006449", "19582031081200006450", "19582031081200005994"], "seq_id": "A"}, {"pic_list": ["19570080040500000207", "19570080040500000208", "19570080040500000209", "19570080040500000210"], "seq_id": "B"}], "signs": [{"pic_id": "19582031081200006448", "x": 744, "y": 274, "w": 14, "h": 15, "type": "104", "sign_id": "sign_A_1"}, {"pic_id": "19582031081200006449", "x": 767, "y": 265, "w": 17, "h": 17, "type": "104", "sign_id": "sign_A_2"}, {"pic_id": "19582031081200006449", "x": 795, "y": 166, "w": 10, "h": 13, "type": "301", "sign_id": "sign_A_3"}, {"pic_id": "19582031081200006450", "x": 811, "y": 235, "w": 20, "h": 20, "type": "104", "sign_id": "sign_A_4"}, {"pic_id": "19582031081200006450", "x": 863, "y": 102, "w": 13, "h": 18, "type": "301", "sign_id": "sign_A_5"}, {"pic_id": "19582031081200005994", "x": 869, "y": 203, "w": 24, "h": 25, "type": "104", "sign_id": "sign_A_6"}, {"pic_id": "19582031081200005994", "x": 968, "y": 5, "w": 18, "h": 23, "type": "301", "sign_id": "sign_A_7"}, {"pic_id": "19570080040500000207", "x": 752, "y": 259, "w": 14, "h": 14, "type": "104", "sign_id": "sign_B_1"}, {"pic_id": "19570080040500000208", "x": 771, "y": 228, "w": 16, "h": 17, "type": "104", "sign_id": "sign_B_2"}, {"pic_id": "19570080040500000209", "x": 806, "y": 207, "w": 20, "h": 19, "type": "104", "sign_id": "sign_B_3"}, {"pic_id": "19570080040500000209", "x": 843, "y": 93, "w": 11, "h": 15, "type": "301", "sign_id": "sign_B_4"}, {"pic_id": "19570080040500000210", "x": 869, "y": 184, "w": 23, "h": 24, "type": "104", "sign_id": "sign_B_5"}, {"pic_id": "19570080040500000210", "x": 944, "y": 13, "w": 15, "h": 21, "type": "301", "sign_id": "sign_B_6"}], "match": [{"sign_id": "sign_A_1", "match_sign_id": "sign_B_5"}, {"sign_id": "sign_A_1", "match_sign_id": "sign_B_2"}, {"sign_id": "sign_A_1", "match_sign_id": "sign_B_1"}, {"sign_id": "sign_A_1", "match_sign_id": "sign_B_3"}, {"sign_id": "sign_A_2", "match_sign_id": "sign_B_5"}, {"sign_id": "sign_A_2", "match_sign_id": "sign_B_3"}, {"sign_id": "sign_A_2", "match_sign_id": "sign_B_2"}, {"sign_id": "sign_A_2", "match_sign_id": "sign_B_1"}, {"sign_id": "sign_A_3", "match_sign_id": "sign_B_4"}, {"sign_id": "sign_A_3", "match_sign_id": "sign_B_6"}, {"sign_id": "sign_A_4", "match_sign_id": "sign_B_5"}, {"sign_id": "sign_A_4", "match_sign_id": "sign_B_3"}, {"sign_id": "sign_A_4", "match_sign_id": "sign_B_2"}, {"sign_id": "sign_A_4", "match_sign_id": "sign_B_1"}, {"sign_id": "sign_A_5", "match_sign_id": "sign_B_6"}, {"sign_id": "sign_A_5", "match_sign_id": "sign_B_4"}, {"sign_id": "sign_A_6", "match_sign_id": "sign_B_5"}, {"sign_id": "sign_A_6", "match_sign_id": "sign_B_2"}, {"sign_id": "sign_A_6", "match_sign_id": "sign_B_1"}, {"sign_id": "sign_A_6", "match_sign_id": "sign_B_3"}, {"sign_id": "sign_A_7", "match_sign_id": "sign_B_6"}, {"sign_id": "sign_A_7", "match_sign_id": "sign_B_4"}]}