{"group": [{"pic_list": ["19596675122600004828", "19596675122600004829", "19596675122600004830", "19596675122600004831"], "seq_id": "A"}, {"pic_list": ["18558791091300048067", "18558791091300048068", "18558791091300047962", "18558791091300047963"], "seq_id": "B"}], "signs": [{"pic_id": "19596675122600004828", "x": 830, "y": 230, "w": 13, "h": 14, "type": "103", "sign_id": "sign_A_1"}, {"pic_id": "19596675122600004828", "x": 1073, "y": 186, "w": 12, "h": 15, "type": "301", "sign_id": "sign_A_2"}, {"pic_id": "19596675122600004829", "x": 859, "y": 204, "w": 16, "h": 17, "type": "103", "sign_id": "sign_A_3"}, {"pic_id": "19596675122600004829", "x": 1260, "y": 115, "w": 17, "h": 21, "type": "301", "sign_id": "sign_A_4"}, {"pic_id": "19596675122600004830", "x": 903, "y": 191, "w": 19, "h": 20, "type": "103", "sign_id": "sign_A_5"}, {"pic_id": "19596675122600004831", "x": 947, "y": 168, "w": 24, "h": 25, "type": "103", "sign_id": "sign_A_6"}, {"pic_id": "18558791091300048067", "x": 810, "y": 301, "w": 12, "h": 13, "type": "103", "sign_id": "sign_B_1"}, {"pic_id": "18558791091300048067", "x": 1070, "y": 261, "w": 11, "h": 13, "type": "301", "sign_id": "sign_B_2"}, {"pic_id": "18558791091300048068", "x": 859, "y": 294, "w": 15, "h": 16, "type": "103", "sign_id": "sign_B_3"}, {"pic_id": "18558791091300047962", "x": 914, "y": 276, "w": 19, "h": 19, "type": "103", "sign_id": "sign_B_4"}, {"pic_id": "18558791091300047963", "x": 998, "y": 244, "w": 25, "h": 26, "type": "103", "sign_id": "sign_B_5"}], "match": [{"sign_id": "sign_A_1", "match_sign_id": "sign_B_3"}, {"sign_id": "sign_A_1", "match_sign_id": "sign_B_4"}, {"sign_id": "sign_A_1", "match_sign_id": "sign_B_5"}, {"sign_id": "sign_A_1", "match_sign_id": "sign_B_1"}, {"sign_id": "sign_A_2", "match_sign_id": "sign_B_2"}, {"sign_id": "sign_A_3", "match_sign_id": "sign_B_3"}, {"sign_id": "sign_A_3", "match_sign_id": "sign_B_4"}, {"sign_id": "sign_A_3", "match_sign_id": "sign_B_1"}, {"sign_id": "sign_A_3", "match_sign_id": "sign_B_5"}, {"sign_id": "sign_A_4", "match_sign_id": "sign_B_2"}, {"sign_id": "sign_A_5", "match_sign_id": "sign_B_3"}, {"sign_id": "sign_A_5", "match_sign_id": "sign_B_4"}, {"sign_id": "sign_A_5", "match_sign_id": "sign_B_1"}, {"sign_id": "sign_A_5", "match_sign_id": "sign_B_5"}, {"sign_id": "sign_A_6", "match_sign_id": "sign_B_5"}, {"sign_id": "sign_A_6", "match_sign_id": "sign_B_3"}, {"sign_id": "sign_A_6", "match_sign_id": "sign_B_4"}, {"sign_id": "sign_A_6", "match_sign_id": "sign_B_1"}]}