{"group": [{"pic_list": ["19591168111900004769", "19591168111900004770", "19591168111900004771"], "seq_id": "A"}, {"pic_list": ["18558643090600016237", "18558643090600016238", "18558643090600016239"], "seq_id": "B"}], "signs": [{"pic_id": "19591168111900004769", "x": 718, "y": 97, "w": 44, "h": 44, "type": "104", "sign_id": "sign_A_1"}, {"pic_id": "19591168111900004770", "x": 224, "y": 257, "w": 11, "h": 14, "type": "301", "sign_id": "sign_A_2"}, {"pic_id": "19591168111900004771", "x": 80, "y": 215, "w": 14, "h": 18, "type": "301", "sign_id": "sign_A_3"}, {"pic_id": "18558643090600016237", "x": 773, "y": 188, "w": 28, "h": 28, "type": "104", "sign_id": "sign_B_1"}, {"pic_id": "18558643090600016238", "x": 803, "y": 110, "w": 40, "h": 42, "type": "104", "sign_id": "sign_B_2"}], "match": [{"sign_id": "sign_A_1", "match_sign_id": "sign_B_2"}, {"sign_id": "sign_A_1", "match_sign_id": "sign_B_1"}, {"sign_id": "sign_A_2", "match_sign_id": " "}, {"sign_id": "sign_A_3", "match_sign_id": " "}]}