{"group": [{"pic_list": ["19579524070700001544", "19579524070700001052", "19579524070700001053", "19579524070700001054", "19579524070700001055"], "seq_id": "A"}, {"pic_list": ["18558607083100025284", "18558607083100015148", "18558607083100015149", "18558607083100015150", "18558607083100015151", "18558607083100015152", "18558607083100015153"], "seq_id": "B"}], "signs": [{"pic_id": "19579524070700001544", "x": 753, "y": 333, "w": 21, "h": 20, "type": "103", "sign_id": "sign_A_1"}, {"pic_id": "19579524070700001052", "x": 784, "y": 324, "w": 27, "h": 25, "type": "103", "sign_id": "sign_A_2"}, {"pic_id": "19579524070700001053", "x": 816, "y": 313, "w": 32, "h": 30, "type": "103", "sign_id": "sign_A_3"}, {"pic_id": "19579524070700001053", "x": 982, "y": 148, "w": 14, "h": 17, "type": "301", "sign_id": "sign_A_4"}, {"pic_id": "19579524070700001054", "x": 882, "y": 296, "w": 37, "h": 37, "type": "103", "sign_id": "sign_A_5"}, {"pic_id": "19579524070700001054", "x": 1140, "y": 52, "w": 21, "h": 25, "type": "301", "sign_id": "sign_A_6"}, {"pic_id": "19579524070700001055", "x": 1005, "y": 266, "w": 53, "h": 50, "type": "103", "sign_id": "sign_A_7"}, {"pic_id": "18558607083100015149", "x": 708, "y": 340, "w": 20, "h": 21, "type": "103", "sign_id": "sign_B_1"}, {"pic_id": "18558607083100015150", "x": 750, "y": 325, "w": 27, "h": 27, "type": "103", "sign_id": "sign_B_2"}, {"pic_id": "18558607083100015150", "x": 891, "y": 191, "w": 13, "h": 15, "type": "301", "sign_id": "sign_B_3"}, {"pic_id": "18558607083100015151", "x": 800, "y": 307, "w": 35, "h": 34, "type": "103", "sign_id": "sign_B_4"}, {"pic_id": "18558607083100015151", "x": 1045, "y": 90, "w": 18, "h": 21, "type": "301", "sign_id": "sign_B_5"}, {"pic_id": "18558607083100015152", "x": 828, "y": 293, "w": 40, "h": 38, "type": "103", "sign_id": "sign_B_6"}, {"pic_id": "18558607083100015152", "x": 1157, "y": 10, "w": 23, "h": 27, "type": "301", "sign_id": "sign_B_7"}, {"pic_id": "18558607083100015153", "x": 967, "y": 272, "w": 52, "h": 51, "type": "103", "sign_id": "sign_B_8"}], "match": [{"sign_id": "sign_A_1", "match_sign_id": "sign_B_1"}, {"sign_id": "sign_A_1", "match_sign_id": "sign_B_2"}, {"sign_id": "sign_A_1", "match_sign_id": "sign_B_6"}, {"sign_id": "sign_A_1", "match_sign_id": "sign_B_4"}, {"sign_id": "sign_A_1", "match_sign_id": "sign_B_8"}, {"sign_id": "sign_A_2", "match_sign_id": "sign_B_1"}, {"sign_id": "sign_A_2", "match_sign_id": "sign_B_2"}, {"sign_id": "sign_A_2", "match_sign_id": "sign_B_6"}, {"sign_id": "sign_A_2", "match_sign_id": "sign_B_4"}, {"sign_id": "sign_A_2", "match_sign_id": "sign_B_8"}, {"sign_id": "sign_A_3", "match_sign_id": "sign_B_1"}, {"sign_id": "sign_A_3", "match_sign_id": "sign_B_2"}, {"sign_id": "sign_A_3", "match_sign_id": "sign_B_4"}, {"sign_id": "sign_A_3", "match_sign_id": "sign_B_6"}, {"sign_id": "sign_A_3", "match_sign_id": "sign_B_8"}, {"sign_id": "sign_A_4", "match_sign_id": "sign_B_3"}, {"sign_id": "sign_A_4", "match_sign_id": "sign_B_5"}, {"sign_id": "sign_A_4", "match_sign_id": "sign_B_7"}, {"sign_id": "sign_A_5", "match_sign_id": "sign_B_1"}, {"sign_id": "sign_A_5", "match_sign_id": "sign_B_2"}, {"sign_id": "sign_A_5", "match_sign_id": "sign_B_6"}, {"sign_id": "sign_A_5", "match_sign_id": "sign_B_4"}, {"sign_id": "sign_A_5", "match_sign_id": "sign_B_8"}, {"sign_id": "sign_A_6", "match_sign_id": "sign_B_5"}, {"sign_id": "sign_A_6", "match_sign_id": "sign_B_3"}, {"sign_id": "sign_A_6", "match_sign_id": "sign_B_7"}, {"sign_id": "sign_A_7", "match_sign_id": "sign_B_8"}, {"sign_id": "sign_A_7", "match_sign_id": "sign_B_6"}, {"sign_id": "sign_A_7", "match_sign_id": "sign_B_1"}, {"sign_id": "sign_A_7", "match_sign_id": "sign_B_2"}, {"sign_id": "sign_A_7", "match_sign_id": "sign_B_4"}]}