{"group": [{"pic_list": ["19595209121900004571", "19595209121900004572", "19595209121900004573", "19595209121900004574", "19595209121900004575", "19595209121900004576"], "seq_id": "A"}, {"pic_list": ["18558399082200006646", "18558399082200006647", "18558399082200006648", "18558399082200002823", "18558399082200002824"], "seq_id": "B"}], "signs": [{"pic_id": "19595209121900004571", "x": 521, "y": 349, "w": 5, "h": 7, "type": "301", "sign_id": "sign_A_1"}, {"pic_id": "19595209121900004571", "x": 471, "y": 425, "w": 6, "h": 7, "type": "301", "sign_id": "sign_A_2"}, {"pic_id": "19595209121900004572", "x": 514, "y": 322, "w": 6, "h": 8, "type": "301", "sign_id": "sign_A_3"}, {"pic_id": "19595209121900004572", "x": 457, "y": 413, "w": 7, "h": 8, "type": "301", "sign_id": "sign_A_4"}, {"pic_id": "19595209121900004573", "x": 430, "y": 398, "w": 8, "h": 10, "type": "301", "sign_id": "sign_A_5"}, {"pic_id": "19595209121900004573", "x": 496, "y": 283, "w": 7, "h": 9, "type": "301", "sign_id": "sign_A_6"}, {"pic_id": "19595209121900004574", "x": 397, "y": 374, "w": 10, "h": 12, "type": "301", "sign_id": "sign_A_7"}, {"pic_id": "19595209121900004574", "x": 475, "y": 217, "w": 9, "h": 11, "type": "301", "sign_id": "sign_A_8"}, {"pic_id": "19595209121900004575", "x": 438, "y": 95, "w": 12, "h": 16, "type": "301", "sign_id": "sign_A_9"}, {"pic_id": "19595209121900004575", "x": 343, "y": 336, "w": 12, "h": 14, "type": "301", "sign_id": "sign_A_10"}, {"pic_id": "19595209121900004576", "x": 233, "y": 268, "w": 17, "h": 20, "type": "301", "sign_id": "sign_A_11"}, {"pic_id": "18558399082200006646", "x": 583, "y": 324, "w": 6, "h": 8, "type": "301", "sign_id": "sign_B_1"}, {"pic_id": "18558399082200006647", "x": 574, "y": 297, "w": 7, "h": 9, "type": "301", "sign_id": "sign_B_2"}, {"pic_id": "18558399082200006648", "x": 541, "y": 217, "w": 9, "h": 11, "type": "301", "sign_id": "sign_B_3"}, {"pic_id": "18558399082200002823", "x": 520, "y": 158, "w": 11, "h": 13, "type": "301", "sign_id": "sign_B_4"}], "match": [{"sign_id": "sign_A_1", "match_sign_id": "sign_B_2"}, {"sign_id": "sign_A_1", "match_sign_id": "sign_B_4"}, {"sign_id": "sign_A_1", "match_sign_id": "sign_B_3"}, {"sign_id": "sign_A_1", "match_sign_id": "sign_B_1"}, {"sign_id": "sign_A_2", "match_sign_id": " "}, {"sign_id": "sign_A_3", "match_sign_id": "sign_B_2"}, {"sign_id": "sign_A_3", "match_sign_id": "sign_B_4"}, {"sign_id": "sign_A_3", "match_sign_id": "sign_B_3"}, {"sign_id": "sign_A_3", "match_sign_id": "sign_B_1"}, {"sign_id": "sign_A_4", "match_sign_id": " "}, {"sign_id": "sign_A_5", "match_sign_id": " "}, {"sign_id": "sign_A_6", "match_sign_id": "sign_B_4"}, {"sign_id": "sign_A_6", "match_sign_id": "sign_B_2"}, {"sign_id": "sign_A_6", "match_sign_id": "sign_B_3"}, {"sign_id": "sign_A_6", "match_sign_id": "sign_B_1"}, {"sign_id": "sign_A_7", "match_sign_id": " "}, {"sign_id": "sign_A_8", "match_sign_id": "sign_B_3"}, {"sign_id": "sign_A_8", "match_sign_id": "sign_B_4"}, {"sign_id": "sign_A_8", "match_sign_id": "sign_B_2"}, {"sign_id": "sign_A_8", "match_sign_id": "sign_B_1"}, {"sign_id": "sign_A_9", "match_sign_id": "sign_B_4"}, {"sign_id": "sign_A_9", "match_sign_id": "sign_B_3"}, {"sign_id": "sign_A_9", "match_sign_id": "sign_B_2"}, {"sign_id": "sign_A_9", "match_sign_id": "sign_B_1"}, {"sign_id": "sign_A_10", "match_sign_id": " "}, {"sign_id": "sign_A_11", "match_sign_id": "sign_B_4"}, {"sign_id": "sign_A_11", "match_sign_id": "sign_B_1"}, {"sign_id": "sign_A_11", "match_sign_id": "sign_B_3"}]}