{"group": [{"pic_list": ["19590243110900002171", "19590243110900002172", "19590243110900002173", "19590243110900002174", "19590243110900002175"], "seq_id": "A"}, {"pic_list": ["18557788071700008033", "18557788071700008034", "18557788071700008035", "18557788071700008036", "18557788071700008037", "18557788071700008038", "18557788071700008039", "18557788071700008040", "18557788071700008041", "18557788071700008042", "18557788071700008043", "18557788071700008044", "18557788071700008045", "18557788071700008046", "18557788071700008047", "18557788071700008048", "18557788071700008049", "18557788071700008050", "18557788071700008051", "18557788071700008052"], "seq_id": "B"}], "signs": [{"pic_id": "19590243110900002172", "x": 445, "y": 285, "w": 6, "h": 7, "type": "301", "sign_id": "sign_A_1"}, {"pic_id": "19590243110900002174", "x": 398, "y": 252, "w": 7, "h": 9, "type": "301", "sign_id": "sign_A_2"}, {"pic_id": "19590243110900002174", "x": 1245, "y": 164, "w": 11, "h": 13, "type": "301", "sign_id": "sign_A_3"}, {"pic_id": "19590243110900002174", "x": 204, "y": 255, "w": 8, "h": 9, "type": "301", "sign_id": "sign_A_4"}, {"pic_id": "18557788071700008037", "x": 494, "y": 389, "w": 6, "h": 7, "type": "301", "sign_id": "sign_B_1"}, {"pic_id": "18557788071700008037", "x": 684, "y": 390, "w": 6, "h": 8, "type": "301", "sign_id": "sign_B_2"}, {"pic_id": "18557788071700008038", "x": 705, "y": 382, "w": 6, "h": 7, "type": "301", "sign_id": "sign_B_3"}, {"pic_id": "18557788071700008038", "x": 497, "y": 382, "w": 5, "h": 7, "type": "301", "sign_id": "sign_B_4"}, {"pic_id": "18557788071700008039", "x": 752, "y": 376, "w": 7, "h": 8, "type": "301", "sign_id": "sign_B_5"}, {"pic_id": "18557788071700008039", "x": 510, "y": 376, "w": 7, "h": 8, "type": "301", "sign_id": "sign_B_6"}, {"pic_id": "18557788071700008040", "x": 471, "y": 360, "w": 7, "h": 10, "type": "301", "sign_id": "sign_B_7"}, {"pic_id": "18557788071700008040", "x": 760, "y": 362, "w": 8, "h": 10, "type": "301", "sign_id": "sign_B_8"}, {"pic_id": "18557788071700008041", "x": 446, "y": 343, "w": 9, "h": 12, "type": "301", "sign_id": "sign_B_9"}, {"pic_id": "18557788071700008041", "x": 796, "y": 344, "w": 9, "h": 12, "type": "301", "sign_id": "sign_B_10"}, {"pic_id": "18557788071700008042", "x": 436, "y": 323, "w": 11, "h": 13, "type": "301", "sign_id": "sign_B_11"}, {"pic_id": "18557788071700008043", "x": 412, "y": 265, "w": 14, "h": 18, "type": "301", "sign_id": "sign_B_12"}, {"pic_id": "18557788071700008043", "x": 947, "y": 267, "w": 13, "h": 18, "type": "301", "sign_id": "sign_B_13"}, {"pic_id": "18557788071700008044", "x": 350, "y": 183, "w": 19, "h": 24, "type": "301", "sign_id": "sign_B_14"}, {"pic_id": "18557788071700008044", "x": 1119, "y": 181, "w": 20, "h": 25, "type": "301", "sign_id": "sign_B_15"}, {"pic_id": "18557788071700008045", "x": 220, "y": 27, "w": 31, "h": 39, "type": "301", "sign_id": "sign_B_16"}, {"pic_id": "18557788071700008045", "x": 392, "y": 421, "w": 5, "h": 6, "type": "301", "sign_id": "sign_B_17"}, {"pic_id": "18557788071700008048", "x": 327, "y": 407, "w": 5, "h": 7, "type": "301", "sign_id": "sign_B_18"}, {"pic_id": "18557788071700008049", "x": 884, "y": 322, "w": 7, "h": 8, "type": "301", "sign_id": "sign_B_19"}, {"pic_id": "18557788071700008050", "x": 296, "y": 386, "w": 7, "h": 9, "type": "301", "sign_id": "sign_B_20"}, {"pic_id": "18557788071700008050", "x": 916, "y": 312, "w": 7, "h": 9, "type": "301", "sign_id": "sign_B_21"}, {"pic_id": "18557788071700008050", "x": 127, "y": 394, "w": 6, "h": 8, "type": "301", "sign_id": "sign_B_22"}, {"pic_id": "18557788071700008052", "x": 1111, "y": 233, "w": 11, "h": 14, "type": "301", "sign_id": "sign_B_23"}, {"pic_id": "18557788071700008052", "x": 207, "y": 366, "w": 9, "h": 12, "type": "301", "sign_id": "sign_B_24"}], "match": [{"sign_id": "sign_A_1", "match_sign_id": "sign_B_22"}, {"sign_id": "sign_A_1", "match_sign_id": "sign_B_2"}, {"sign_id": "sign_A_1", "match_sign_id": "sign_B_18"}, {"sign_id": "sign_A_1", "match_sign_id": "sign_B_17"}, {"sign_id": "sign_A_1", "match_sign_id": "sign_B_4"}, {"sign_id": "sign_A_1", "match_sign_id": "sign_B_3"}, {"sign_id": "sign_A_2", "match_sign_id": "sign_B_22"}, {"sign_id": "sign_A_2", "match_sign_id": "sign_B_18"}, {"sign_id": "sign_A_2", "match_sign_id": "sign_B_2"}, {"sign_id": "sign_A_2", "match_sign_id": "sign_B_8"}, {"sign_id": "sign_A_2", "match_sign_id": "sign_B_5"}, {"sign_id": "sign_A_2", "match_sign_id": "sign_B_3"}, {"sign_id": "sign_A_2", "match_sign_id": "sign_B_24"}, {"sign_id": "sign_A_3", "match_sign_id": "sign_B_21"}, {"sign_id": "sign_A_3", "match_sign_id": "sign_B_23"}, {"sign_id": "sign_A_3", "match_sign_id": "sign_B_19"}, {"sign_id": "sign_A_3", "match_sign_id": "sign_B_15"}, {"sign_id": "sign_A_4", "match_sign_id": "sign_B_22"}, {"sign_id": "sign_A_4", "match_sign_id": "sign_B_24"}, {"sign_id": "sign_A_4", "match_sign_id": "sign_B_18"}, {"sign_id": "sign_A_4", "match_sign_id": "sign_B_17"}, {"sign_id": "sign_A_4", "match_sign_id": "sign_B_1"}, {"sign_id": "sign_A_2", "match_sign_id": "sign_B_17"}, {"sign_id": "sign_A_1", "match_sign_id": "sign_B_24"}]}