{"group": [{"pic_list": ["19595910122200000748", "19595910122200000763", "19595910122200000764", "19595910122200000765", "19595910122200000766", "19595910122200000767"], "seq_id": "A"}, {"pic_list": ["18559112101000015029", "18559112101000015030", "18559112101000015031", "18559112101000015032", "18559112101000015033", "18559112101000015034"], "seq_id": "B"}], "signs": [{"pic_id": "19595910122200000763", "x": 414, "y": 284, "w": 7, "h": 8, "type": "301", "sign_id": "sign_A_1"}, {"pic_id": "19595910122200000764", "x": 371, "y": 275, "w": 9, "h": 11, "type": "301", "sign_id": "sign_A_2"}, {"pic_id": "19595910122200000765", "x": 319, "y": 245, "w": 10, "h": 12, "type": "301", "sign_id": "sign_A_3"}, {"pic_id": "19595910122200000766", "x": 239, "y": 215, "w": 12, "h": 16, "type": "301", "sign_id": "sign_A_4"}, {"pic_id": "19595910122200000767", "x": 77, "y": 143, "w": 17, "h": 22, "type": "301", "sign_id": "sign_A_5"}, {"pic_id": "18559112101000015029", "x": 538, "y": 310, "w": 6, "h": 7, "type": "301", "sign_id": "sign_B_1"}, {"pic_id": "18559112101000015030", "x": 511, "y": 296, "w": 7, "h": 8, "type": "301", "sign_id": "sign_B_2"}, {"pic_id": "18559112101000015031", "x": 485, "y": 285, "w": 8, "h": 9, "type": "301", "sign_id": "sign_B_3"}, {"pic_id": "18559112101000015032", "x": 453, "y": 259, "w": 9, "h": 12, "type": "301", "sign_id": "sign_B_4"}, {"pic_id": "18559112101000015033", "x": 412, "y": 234, "w": 11, "h": 15, "type": "301", "sign_id": "sign_B_5"}, {"pic_id": "18559112101000015034", "x": 343, "y": 174, "w": 15, "h": 21, "type": "301", "sign_id": "sign_B_6"}, {"pic_id": "18559112101000015034", "x": 762, "y": 340, "w": 5, "h": 6, "type": "301", "sign_id": "sign_B_7"}], "match": [{"sign_id": "sign_A_1", "match_sign_id": "sign_B_4"}, {"sign_id": "sign_A_1", "match_sign_id": "sign_B_1"}, {"sign_id": "sign_A_1", "match_sign_id": "sign_B_2"}, {"sign_id": "sign_A_1", "match_sign_id": "sign_B_3"}, {"sign_id": "sign_A_1", "match_sign_id": "sign_B_7"}, {"sign_id": "sign_A_1", "match_sign_id": "sign_B_5"}, {"sign_id": "sign_A_2", "match_sign_id": "sign_B_1"}, {"sign_id": "sign_A_2", "match_sign_id": "sign_B_3"}, {"sign_id": "sign_A_2", "match_sign_id": "sign_B_4"}, {"sign_id": "sign_A_2", "match_sign_id": "sign_B_2"}, {"sign_id": "sign_A_2", "match_sign_id": "sign_B_5"}, {"sign_id": "sign_A_2", "match_sign_id": "sign_B_7"}, {"sign_id": "sign_A_3", "match_sign_id": "sign_B_5"}, {"sign_id": "sign_A_3", "match_sign_id": "sign_B_1"}, {"sign_id": "sign_A_3", "match_sign_id": "sign_B_2"}, {"sign_id": "sign_A_3", "match_sign_id": "sign_B_4"}, {"sign_id": "sign_A_3", "match_sign_id": "sign_B_3"}, {"sign_id": "sign_A_3", "match_sign_id": "sign_B_6"}, {"sign_id": "sign_A_4", "match_sign_id": "sign_B_5"}, {"sign_id": "sign_A_4", "match_sign_id": "sign_B_6"}, {"sign_id": "sign_A_4", "match_sign_id": "sign_B_1"}, {"sign_id": "sign_A_4", "match_sign_id": "sign_B_3"}, {"sign_id": "sign_A_4", "match_sign_id": "sign_B_4"}, {"sign_id": "sign_A_4", "match_sign_id": "sign_B_2"}, {"sign_id": "sign_A_5", "match_sign_id": "sign_B_6"}, {"sign_id": "sign_A_5", "match_sign_id": "sign_B_5"}, {"sign_id": "sign_A_5", "match_sign_id": "sign_B_3"}, {"sign_id": "sign_A_5", "match_sign_id": "sign_B_4"}, {"sign_id": "sign_A_5", "match_sign_id": "sign_B_1"}, {"sign_id": "sign_A_5", "match_sign_id": "sign_B_2"}]}