{"group": [{"pic_list": ["19595426121900000026", "19595426121900000027", "19595426121900000028", "19595426121900000029"], "seq_id": "A"}, {"pic_list": ["18559172101000029075", "18559172101000029076", "18559172101000029077", "18559172101000029078"], "seq_id": "B"}], "signs": [{"pic_id": "19595426121900000026", "x": 660, "y": 56, "w": 50, "h": 51, "type": "105", "sign_id": "sign_A_1"}, {"pic_id": "19595426121900000026", "x": 667, "y": 136, "w": 17, "h": 24, "type": "301", "sign_id": "sign_A_2"}, {"pic_id": "19595426121900000027", "x": 699, "y": 0, "w": 27, "h": 28, "type": "301", "sign_id": "sign_A_3"}, {"pic_id": "18559172101000029075", "x": 650, "y": 165, "w": 34, "h": 35, "type": "105", "sign_id": "sign_B_1"}, {"pic_id": "18559172101000029075", "x": 819, "y": 210, "w": 12, "h": 15, "type": "301", "sign_id": "sign_B_2"}, {"pic_id": "18559172101000029076", "x": 783, "y": 334, "w": 14, "h": 13, "type": "103", "sign_id": "sign_B_3"}, {"pic_id": "18559172101000029076", "x": 677, "y": 121, "w": 44, "h": 45, "type": "105", "sign_id": "sign_B_4"}, {"pic_id": "18559172101000029076", "x": 903, "y": 178, "w": 15, "h": 20, "type": "301", "sign_id": "sign_B_5"}, {"pic_id": "18559172101000029077", "x": 828, "y": 303, "w": 17, "h": 16, "type": "103", "sign_id": "sign_B_6"}, {"pic_id": "18559172101000029077", "x": 1095, "y": 35, "w": 22, "h": 30, "type": "301", "sign_id": "sign_B_7"}, {"pic_id": "18559172101000029078", "x": 886, "y": 298, "w": 22, "h": 21, "type": "103", "sign_id": "sign_B_8"}], "match": [{"sign_id": "sign_A_1", "match_sign_id": "sign_B_1"}, {"sign_id": "sign_A_1", "match_sign_id": "sign_B_4"}, {"sign_id": "sign_A_2", "match_sign_id": "sign_B_5"}, {"sign_id": "sign_A_2", "match_sign_id": "sign_B_2"}, {"sign_id": "sign_A_2", "match_sign_id": "sign_B_7"}, {"sign_id": "sign_A_3", "match_sign_id": "sign_B_2"}, {"sign_id": "sign_A_3", "match_sign_id": "sign_B_5"}, {"sign_id": "sign_A_3", "match_sign_id": "sign_B_7"}]}