{"group": [{"pic_list": ["19592943120700002646", "19592943120700002647", "19592943120700002648", "19592943120700002649", "19592943120700002650", "19592943120700002651", "19592943120700002652"], "seq_id": "A"}, {"pic_list": ["18558808091300015395", "18558808091300015396", "18558808091300015397", "18558808091300015398", "18558808091300015399", "18558808091300015400", "18558808091300015401", "18558808091300015402"], "seq_id": "B"}], "signs": [{"pic_id": "19592943120700002648", "x": 880, "y": 297, "w": 10, "h": 12, "type": "301", "sign_id": "sign_A_1"}, {"pic_id": "19592943120700002648", "x": 706, "y": 370, "w": 7, "h": 9, "type": "301", "sign_id": "sign_A_2"}, {"pic_id": "19592943120700002649", "x": 687, "y": 363, "w": 17, "h": 17, "type": "105", "sign_id": "sign_A_3"}, {"pic_id": "19592943120700002649", "x": 1016, "y": 242, "w": 16, "h": 17, "type": "301", "sign_id": "sign_A_4"}, {"pic_id": "19592943120700002649", "x": 728, "y": 368, "w": 7, "h": 9, "type": "301", "sign_id": "sign_A_5"}, {"pic_id": "19592943120700002650", "x": 711, "y": 353, "w": 18, "h": 19, "type": "105", "sign_id": "sign_A_6"}, {"pic_id": "19592943120700002650", "x": 760, "y": 357, "w": 8, "h": 10, "type": "301", "sign_id": "sign_A_7"}, {"pic_id": "19592943120700002651", "x": 670, "y": 326, "w": 21, "h": 21, "type": "105", "sign_id": "sign_A_8"}, {"pic_id": "19592943120700002651", "x": 727, "y": 329, "w": 9, "h": 11, "type": "301", "sign_id": "sign_A_9"}, {"pic_id": "19592943120700002652", "x": 454, "y": 331, "w": 24, "h": 24, "type": "105", "sign_id": "sign_A_10"}, {"pic_id": "19592943120700002652", "x": 519, "y": 335, "w": 9, "h": 12, "type": "301", "sign_id": "sign_A_11"}, {"pic_id": "18558808091300015399", "x": 806, "y": 351, "w": 16, "h": 17, "type": "105", "sign_id": "sign_B_1"}, {"pic_id": "18558808091300015400", "x": 858, "y": 346, "w": 7, "h": 8, "type": "301", "sign_id": "sign_B_2"}, {"pic_id": "18558808091300015401", "x": 819, "y": 322, "w": 21, "h": 21, "type": "105", "sign_id": "sign_B_3"}, {"pic_id": "18558808091300015401", "x": 876, "y": 324, "w": 8, "h": 11, "type": "301", "sign_id": "sign_B_4"}, {"pic_id": "18558808091300015402", "x": 396, "y": 282, "w": 26, "h": 26, "type": "105", "sign_id": "sign_B_5"}, {"pic_id": "18558808091300015402", "x": 463, "y": 286, "w": 9, "h": 11, "type": "301", "sign_id": "sign_B_6"}], "match": [{"sign_id": "sign_A_1", "match_sign_id": "sign_B_6"}, {"sign_id": "sign_A_2", "match_sign_id": "sign_B_2"}, {"sign_id": "sign_A_2", "match_sign_id": "sign_B_4"}, {"sign_id": "sign_A_2", "match_sign_id": "sign_B_6"}, {"sign_id": "sign_A_3", "match_sign_id": "sign_B_1"}, {"sign_id": "sign_A_3", "match_sign_id": "sign_B_3"}, {"sign_id": "sign_A_3", "match_sign_id": "sign_B_5"}, {"sign_id": "sign_A_4", "match_sign_id": "sign_B_6"}, {"sign_id": "sign_A_5", "match_sign_id": "sign_B_2"}, {"sign_id": "sign_A_5", "match_sign_id": "sign_B_4"}, {"sign_id": "sign_A_5", "match_sign_id": "sign_B_6"}, {"sign_id": "sign_A_6", "match_sign_id": "sign_B_3"}, {"sign_id": "sign_A_6", "match_sign_id": "sign_B_5"}, {"sign_id": "sign_A_6", "match_sign_id": "sign_B_1"}, {"sign_id": "sign_A_7", "match_sign_id": "sign_B_2"}, {"sign_id": "sign_A_7", "match_sign_id": "sign_B_4"}, {"sign_id": "sign_A_7", "match_sign_id": "sign_B_6"}, {"sign_id": "sign_A_8", "match_sign_id": "sign_B_5"}, {"sign_id": "sign_A_8", "match_sign_id": "sign_B_3"}, {"sign_id": "sign_A_8", "match_sign_id": "sign_B_1"}, {"sign_id": "sign_A_9", "match_sign_id": "sign_B_2"}, {"sign_id": "sign_A_9", "match_sign_id": "sign_B_4"}, {"sign_id": "sign_A_9", "match_sign_id": "sign_B_6"}, {"sign_id": "sign_A_10", "match_sign_id": "sign_B_5"}, {"sign_id": "sign_A_10", "match_sign_id": "sign_B_3"}, {"sign_id": "sign_A_10", "match_sign_id": "sign_B_1"}, {"sign_id": "sign_A_11", "match_sign_id": "sign_B_2"}, {"sign_id": "sign_A_11", "match_sign_id": "sign_B_6"}, {"sign_id": "sign_A_11", "match_sign_id": "sign_B_4"}]}