{"group": [{"pic_list": ["19596923122700003927", "19596923122700003821", "19596923122700003822", "19596923122700003823", "19596923122700003824", "19596923122700003825", "19596923122700003826", "19596923122700003827"], "seq_id": "A"}, {"pic_list": ["19566977031800002635", "19566977031800002636", "19566977031800002637", "19566977031800002638", "19566977031800002639", "19566977031800002640", "19566977031800002641", "19566977031800002642", "19566977031800002643"], "seq_id": "B"}], "signs": [{"pic_id": "19596923122700003927", "x": 412, "y": 326, "w": 7, "h": 10, "type": "301", "sign_id": "sign_A_1"}, {"pic_id": "19596923122700003821", "x": 379, "y": 310, "w": 9, "h": 12, "type": "301", "sign_id": "sign_A_2"}, {"pic_id": "19596923122700003822", "x": 337, "y": 291, "w": 10, "h": 13, "type": "301", "sign_id": "sign_A_3"}, {"pic_id": "19596923122700003823", "x": 251, "y": 234, "w": 11, "h": 16, "type": "301", "sign_id": "sign_A_4"}, {"pic_id": "19596923122700003824", "x": 191, "y": 197, "w": 12, "h": 16, "type": "301", "sign_id": "sign_A_5"}, {"pic_id": "19596923122700003825", "x": 78, "y": 119, "w": 15, "h": 22, "type": "301", "sign_id": "sign_A_6"}, {"pic_id": "19566977031800002635", "x": 595, "y": 305, "w": 6, "h": 8, "type": "301", "sign_id": "sign_B_1"}, {"pic_id": "19566977031800002636", "x": 570, "y": 285, "w": 7, "h": 10, "type": "301", "sign_id": "sign_B_2"}, {"pic_id": "19566977031800002637", "x": 541, "y": 263, "w": 8, "h": 11, "type": "301", "sign_id": "sign_B_3"}, {"pic_id": "19566977031800002638", "x": 511, "y": 230, "w": 9, "h": 12, "type": "301", "sign_id": "sign_B_4"}, {"pic_id": "19566977031800002639", "x": 440, "y": 162, "w": 12, "h": 17, "type": "301", "sign_id": "sign_B_5"}, {"pic_id": "19566977031800002640", "x": 378, "y": 101, "w": 15, "h": 20, "type": "301", "sign_id": "sign_B_6"}, {"pic_id": "19566977031800002641", "x": 322, "y": 20, "w": 20, "h": 27, "type": "301", "sign_id": "sign_B_7"}], "match": [{"sign_id": "sign_A_1", "match_sign_id": "sign_B_1"}, {"sign_id": "sign_A_1", "match_sign_id": "sign_B_3"}, {"sign_id": "sign_A_1", "match_sign_id": "sign_B_2"}, {"sign_id": "sign_A_1", "match_sign_id": "sign_B_4"}, {"sign_id": "sign_A_1", "match_sign_id": "sign_B_5"}, {"sign_id": "sign_A_2", "match_sign_id": "sign_B_1"}, {"sign_id": "sign_A_2", "match_sign_id": "sign_B_3"}, {"sign_id": "sign_A_2", "match_sign_id": "sign_B_2"}, {"sign_id": "sign_A_2", "match_sign_id": "sign_B_5"}, {"sign_id": "sign_A_2", "match_sign_id": "sign_B_7"}, {"sign_id": "sign_A_3", "match_sign_id": "sign_B_1"}, {"sign_id": "sign_A_3", "match_sign_id": "sign_B_6"}, {"sign_id": "sign_A_3", "match_sign_id": "sign_B_2"}, {"sign_id": "sign_A_3", "match_sign_id": "sign_B_3"}, {"sign_id": "sign_A_3", "match_sign_id": "sign_B_5"}, {"sign_id": "sign_A_4", "match_sign_id": "sign_B_7"}, {"sign_id": "sign_A_4", "match_sign_id": "sign_B_5"}, {"sign_id": "sign_A_4", "match_sign_id": "sign_B_6"}, {"sign_id": "sign_A_4", "match_sign_id": "sign_B_4"}, {"sign_id": "sign_A_4", "match_sign_id": "sign_B_3"}, {"sign_id": "sign_A_4", "match_sign_id": "sign_B_2"}, {"sign_id": "sign_A_5", "match_sign_id": "sign_B_3"}, {"sign_id": "sign_A_5", "match_sign_id": "sign_B_7"}, {"sign_id": "sign_A_5", "match_sign_id": "sign_B_4"}, {"sign_id": "sign_A_5", "match_sign_id": "sign_B_5"}, {"sign_id": "sign_A_5", "match_sign_id": "sign_B_2"}, {"sign_id": "sign_A_5", "match_sign_id": "sign_B_6"}, {"sign_id": "sign_A_5", "match_sign_id": "sign_B_1"}, {"sign_id": "sign_A_6", "match_sign_id": "sign_B_6"}, {"sign_id": "sign_A_6", "match_sign_id": "sign_B_7"}, {"sign_id": "sign_A_6", "match_sign_id": "sign_B_5"}, {"sign_id": "sign_A_6", "match_sign_id": "sign_B_4"}, {"sign_id": "sign_A_6", "match_sign_id": "sign_B_3"}, {"sign_id": "sign_A_6", "match_sign_id": "sign_B_2"}, {"sign_id": "sign_A_4", "match_sign_id": "sign_B_1"}, {"sign_id": "sign_A_3", "match_sign_id": "sign_B_4"}, {"sign_id": "sign_A_3", "match_sign_id": "sign_B_7"}]}