{"group": [{"pic_list": ["19590428111100007803", "19590428111100007804", "19590428111100007805", "19590428111100007806", "19590428111100007807", "19590428111100007808", "19590428111100007809"], "seq_id": "A"}, {"pic_list": ["18553756012300005116", "18553756012300005117", "18553756012300005118", "18553756012300005119", "18553756012300005120", "18553756012300005121", "18553756012300005865"], "seq_id": "B"}], "signs": [{"pic_id": "19590428111100007803", "x": 359, "y": 287, "w": 9, "h": 10, "type": "301", "sign_id": "sign_A_1"}, {"pic_id": "19590428111100007803", "x": 341, "y": 284, "w": 8, "h": 9, "type": "301", "sign_id": "sign_A_2"}, {"pic_id": "19590428111100007804", "x": 307, "y": 270, "w": 11, "h": 12, "type": "301", "sign_id": "sign_A_3"}, {"pic_id": "19590428111100007804", "x": 279, "y": 264, "w": 11, "h": 12, "type": "301", "sign_id": "sign_A_4"}, {"pic_id": "19590428111100007805", "x": 240, "y": 251, "w": 14, "h": 15, "type": "301", "sign_id": "sign_A_5"}, {"pic_id": "19590428111100007805", "x": 202, "y": 242, "w": 14, "h": 15, "type": "301", "sign_id": "sign_A_6"}, {"pic_id": "19590428111100007806", "x": 60, "y": 185, "w": 22, "h": 24, "type": "301", "sign_id": "sign_A_7"}, {"pic_id": "18553756012300005116", "x": 416, "y": 394, "w": 8, "h": 9, "type": "301", "sign_id": "sign_B_1"}, {"pic_id": "18553756012300005116", "x": 429, "y": 396, "w": 7, "h": 9, "type": "301", "sign_id": "sign_B_2"}, {"pic_id": "18553756012300005117", "x": 364, "y": 374, "w": 10, "h": 11, "type": "301", "sign_id": "sign_B_3"}, {"pic_id": "18553756012300005118", "x": 238, "y": 341, "w": 15, "h": 15, "type": "301", "sign_id": "sign_B_4"}, {"pic_id": "18553756012300005118", "x": 275, "y": 349, "w": 13, "h": 14, "type": "301", "sign_id": "sign_B_5"}, {"pic_id": "18553756012300005119", "x": 119, "y": 303, "w": 20, "h": 21, "type": "301", "sign_id": "sign_B_6"}, {"pic_id": "18553756012300005119", "x": 45, "y": 285, "w": 23, "h": 23, "type": "301", "sign_id": "sign_B_7"}], "match": [{"sign_id": "sign_A_1", "match_sign_id": "sign_B_2"}, {"sign_id": "sign_A_1", "match_sign_id": "sign_B_6"}, {"sign_id": "sign_A_1", "match_sign_id": "sign_B_5"}, {"sign_id": "sign_A_2", "match_sign_id": "sign_B_7"}, {"sign_id": "sign_A_2", "match_sign_id": "sign_B_4"}, {"sign_id": "sign_A_2", "match_sign_id": "sign_B_6"}, {"sign_id": "sign_A_2", "match_sign_id": "sign_B_5"}, {"sign_id": "sign_A_3", "match_sign_id": "sign_B_2"}, {"sign_id": "sign_A_3", "match_sign_id": "sign_B_5"}, {"sign_id": "sign_A_3", "match_sign_id": "sign_B_6"}, {"sign_id": "sign_A_4", "match_sign_id": "sign_B_7"}, {"sign_id": "sign_A_4", "match_sign_id": "sign_B_4"}, {"sign_id": "sign_A_4", "match_sign_id": "sign_B_6"}, {"sign_id": "sign_A_5", "match_sign_id": "sign_B_5"}, {"sign_id": "sign_A_5", "match_sign_id": "sign_B_6"}, {"sign_id": "sign_A_6", "match_sign_id": "sign_B_7"}, {"sign_id": "sign_A_6", "match_sign_id": "sign_B_4"}, {"sign_id": "sign_A_7", "match_sign_id": "sign_B_6"}, {"sign_id": "sign_A_7", "match_sign_id": "sign_B_5"}, {"sign_id": "sign_A_7", "match_sign_id": "sign_B_4"}, {"sign_id": "sign_A_7", "match_sign_id": "sign_B_1"}, {"sign_id": "sign_A_2", "match_sign_id": "sign_B_1"}, {"sign_id": "sign_A_4", "match_sign_id": "sign_B_1"}, {"sign_id": "sign_A_6", "match_sign_id": "sign_B_1"}, {"sign_id": "sign_A_7", "match_sign_id": "sign_B_2"}, {"sign_id": "sign_A_4", "match_sign_id": "sign_B_3"}, {"sign_id": "sign_A_1", "match_sign_id": "sign_B_3"}, {"sign_id": "sign_A_5", "match_sign_id": "sign_B_3"}, {"sign_id": "sign_A_6", "match_sign_id": "sign_B_3"}]}