{"group": [{"pic_list": ["19586280100200013074", "19586280100200013075", "19586280100200013076", "19586280100200013077", "19586280100200013078", "19586280100200013079", "19586280100200013080", "19586280100200013081"], "seq_id": "A"}, {"pic_list": ["18559881112000010423", "18559881112000010424", "18559881112000010425", "18559881112000010426", "18559881112000010427", "18559881112000010428", "18559881112000010429", "18559881112000010430", "18559881112000009328"], "seq_id": "B"}], "signs": [{"pic_id": "19586280100200013074", "x": 633, "y": 422, "w": 4, "h": 5, "type": "301", "sign_id": "sign_A_1"}, {"pic_id": "19586280100200013075", "x": 709, "y": 422, "w": 5, "h": 6, "type": "301", "sign_id": "sign_A_2"}, {"pic_id": "19586280100200013076", "x": 750, "y": 413, "w": 5, "h": 6, "type": "301", "sign_id": "sign_A_3"}, {"pic_id": "19586280100200013077", "x": 755, "y": 399, "w": 5, "h": 7, "type": "301", "sign_id": "sign_A_4"}, {"pic_id": "19586280100200013078", "x": 752, "y": 379, "w": 6, "h": 8, "type": "301", "sign_id": "sign_A_5"}, {"pic_id": "19586280100200013079", "x": 780, "y": 338, "w": 9, "h": 11, "type": "301", "sign_id": "sign_A_6"}, {"pic_id": "19586280100200013080", "x": 867, "y": 267, "w": 12, "h": 15, "type": "301", "sign_id": "sign_A_7"}, {"pic_id": "19586280100200013081", "x": 1135, "y": 57, "w": 26, "h": 30, "type": "301", "sign_id": "sign_A_8"}, {"pic_id": "18559881112000010423", "x": 599, "y": 430, "w": 5, "h": 5, "type": "301", "sign_id": "sign_B_1"}, {"pic_id": "18559881112000010424", "x": 588, "y": 422, "w": 4, "h": 6, "type": "301", "sign_id": "sign_B_2"}, {"pic_id": "18559881112000010425", "x": 579, "y": 408, "w": 5, "h": 7, "type": "301", "sign_id": "sign_B_3"}, {"pic_id": "18559881112000010426", "x": 569, "y": 403, "w": 6, "h": 7, "type": "301", "sign_id": "sign_B_4"}, {"pic_id": "18559881112000010427", "x": 575, "y": 379, "w": 7, "h": 8, "type": "301", "sign_id": "sign_B_5"}, {"pic_id": "18559881112000010428", "x": 552, "y": 341, "w": 9, "h": 10, "type": "301", "sign_id": "sign_B_6"}, {"pic_id": "18559881112000010429", "x": 408, "y": 279, "w": 12, "h": 14, "type": "301", "sign_id": "sign_B_7"}], "match": [{"sign_id": "sign_A_1", "match_sign_id": "sign_B_3"}, {"sign_id": "sign_A_1", "match_sign_id": "sign_B_4"}, {"sign_id": "sign_A_1", "match_sign_id": "sign_B_2"}, {"sign_id": "sign_A_1", "match_sign_id": "sign_B_1"}, {"sign_id": "sign_A_1", "match_sign_id": "sign_B_5"}, {"sign_id": "sign_A_1", "match_sign_id": "sign_B_6"}, {"sign_id": "sign_A_2", "match_sign_id": "sign_B_3"}, {"sign_id": "sign_A_2", "match_sign_id": "sign_B_4"}, {"sign_id": "sign_A_2", "match_sign_id": "sign_B_2"}, {"sign_id": "sign_A_2", "match_sign_id": "sign_B_1"}, {"sign_id": "sign_A_2", "match_sign_id": "sign_B_5"}, {"sign_id": "sign_A_2", "match_sign_id": "sign_B_6"}, {"sign_id": "sign_A_3", "match_sign_id": "sign_B_3"}, {"sign_id": "sign_A_3", "match_sign_id": "sign_B_4"}, {"sign_id": "sign_A_3", "match_sign_id": "sign_B_2"}, {"sign_id": "sign_A_3", "match_sign_id": "sign_B_5"}, {"sign_id": "sign_A_3", "match_sign_id": "sign_B_1"}, {"sign_id": "sign_A_4", "match_sign_id": "sign_B_4"}, {"sign_id": "sign_A_4", "match_sign_id": "sign_B_3"}, {"sign_id": "sign_A_4", "match_sign_id": "sign_B_5"}, {"sign_id": "sign_A_4", "match_sign_id": "sign_B_2"}, {"sign_id": "sign_A_4", "match_sign_id": "sign_B_1"}, {"sign_id": "sign_A_5", "match_sign_id": "sign_B_5"}, {"sign_id": "sign_A_5", "match_sign_id": "sign_B_7"}, {"sign_id": "sign_A_5", "match_sign_id": "sign_B_6"}, {"sign_id": "sign_A_5", "match_sign_id": "sign_B_4"}, {"sign_id": "sign_A_6", "match_sign_id": "sign_B_7"}, {"sign_id": "sign_A_6", "match_sign_id": "sign_B_5"}, {"sign_id": "sign_A_6", "match_sign_id": "sign_B_6"}, {"sign_id": "sign_A_6", "match_sign_id": "sign_B_4"}, {"sign_id": "sign_A_7", "match_sign_id": "sign_B_7"}, {"sign_id": "sign_A_7", "match_sign_id": "sign_B_6"}, {"sign_id": "sign_A_7", "match_sign_id": "sign_B_5"}, {"sign_id": "sign_A_7", "match_sign_id": "sign_B_4"}, {"sign_id": "sign_A_7", "match_sign_id": "sign_B_1"}, {"sign_id": "sign_A_8", "match_sign_id": "sign_B_7"}, {"sign_id": "sign_A_8", "match_sign_id": "sign_B_6"}, {"sign_id": "sign_A_8", "match_sign_id": "sign_B_5"}, {"sign_id": "sign_A_8", "match_sign_id": "sign_B_1"}, {"sign_id": "sign_A_8", "match_sign_id": "sign_B_4"}, {"sign_id": "sign_A_5", "match_sign_id": "sign_B_1"}, {"sign_id": "sign_A_5", "match_sign_id": "sign_B_2"}, {"sign_id": "sign_A_5", "match_sign_id": "sign_B_3"}, {"sign_id": "sign_A_4", "match_sign_id": "sign_B_6"}, {"sign_id": "sign_A_4", "match_sign_id": "sign_B_7"}]}