{"group": [{"pic_list": ["19590817111400005885", "19590817111400005886", "19590817111400005887", "19590817111400005888", "19590817111400005889", "19590817111400005890", "19590817111400005891"], "seq_id": "A"}, {"pic_list": ["18558649090600032641", "18558649090600032642", "18558649090600032643", "18558649090600032644", "18558649090600032645", "18558649090600032646", "18558649090600032647"], "seq_id": "B"}], "signs": [{"pic_id": "19590817111400005885", "x": 614, "y": 368, "w": 6, "h": 8, "type": "301", "sign_id": "sign_A_1"}, {"pic_id": "19590817111400005886", "x": 618, "y": 361, "w": 7, "h": 9, "type": "301", "sign_id": "sign_A_2"}, {"pic_id": "19590817111400005887", "x": 622, "y": 353, "w": 8, "h": 10, "type": "301", "sign_id": "sign_A_3"}, {"pic_id": "19590817111400005888", "x": 608, "y": 326, "w": 8, "h": 11, "type": "301", "sign_id": "sign_A_4"}, {"pic_id": "19590817111400005889", "x": 609, "y": 287, "w": 11, "h": 13, "type": "301", "sign_id": "sign_A_5"}, {"pic_id": "19590817111400005890", "x": 616, "y": 199, "w": 16, "h": 19, "type": "301", "sign_id": "sign_A_6"}, {"pic_id": "19590817111400005891", "x": 605, "y": 0, "w": 30, "h": 27, "type": "301", "sign_id": "sign_A_7"}, {"pic_id": "18558649090600032641", "x": 627, "y": 275, "w": 6, "h": 8, "type": "301", "sign_id": "sign_B_1"}, {"pic_id": "18558649090600032642", "x": 632, "y": 262, "w": 7, "h": 9, "type": "301", "sign_id": "sign_B_2"}, {"pic_id": "18558649090600032643", "x": 634, "y": 237, "w": 9, "h": 11, "type": "301", "sign_id": "sign_B_3"}, {"pic_id": "18558649090600032644", "x": 652, "y": 193, "w": 10, "h": 12, "type": "301", "sign_id": "sign_B_4"}, {"pic_id": "18558649090600032645", "x": 699, "y": 142, "w": 13, "h": 17, "type": "301", "sign_id": "sign_B_5"}, {"pic_id": "18558649090600032646", "x": 767, "y": 7, "w": 24, "h": 30, "type": "301", "sign_id": "sign_B_6"}], "match": [{"sign_id": "sign_A_1", "match_sign_id": "sign_B_3"}, {"sign_id": "sign_A_1", "match_sign_id": "sign_B_2"}, {"sign_id": "sign_A_1", "match_sign_id": "sign_B_4"}, {"sign_id": "sign_A_1", "match_sign_id": "sign_B_5"}, {"sign_id": "sign_A_1", "match_sign_id": "sign_B_1"}, {"sign_id": "sign_A_2", "match_sign_id": "sign_B_2"}, {"sign_id": "sign_A_2", "match_sign_id": "sign_B_3"}, {"sign_id": "sign_A_2", "match_sign_id": "sign_B_1"}, {"sign_id": "sign_A_2", "match_sign_id": "sign_B_5"}, {"sign_id": "sign_A_2", "match_sign_id": "sign_B_4"}, {"sign_id": "sign_A_3", "match_sign_id": "sign_B_3"}, {"sign_id": "sign_A_3", "match_sign_id": "sign_B_2"}, {"sign_id": "sign_A_3", "match_sign_id": "sign_B_4"}, {"sign_id": "sign_A_3", "match_sign_id": "sign_B_5"}, {"sign_id": "sign_A_3", "match_sign_id": "sign_B_1"}, {"sign_id": "sign_A_4", "match_sign_id": "sign_B_3"}, {"sign_id": "sign_A_4", "match_sign_id": "sign_B_2"}, {"sign_id": "sign_A_4", "match_sign_id": "sign_B_1"}, {"sign_id": "sign_A_4", "match_sign_id": "sign_B_4"}, {"sign_id": "sign_A_4", "match_sign_id": "sign_B_5"}, {"sign_id": "sign_A_5", "match_sign_id": "sign_B_4"}, {"sign_id": "sign_A_5", "match_sign_id": "sign_B_3"}, {"sign_id": "sign_A_5", "match_sign_id": "sign_B_5"}, {"sign_id": "sign_A_5", "match_sign_id": "sign_B_2"}, {"sign_id": "sign_A_6", "match_sign_id": "sign_B_5"}, {"sign_id": "sign_A_6", "match_sign_id": "sign_B_6"}, {"sign_id": "sign_A_6", "match_sign_id": "sign_B_4"}, {"sign_id": "sign_A_6", "match_sign_id": "sign_B_3"}, {"sign_id": "sign_A_6", "match_sign_id": "sign_B_2"}, {"sign_id": "sign_A_7", "match_sign_id": "sign_B_6"}, {"sign_id": "sign_A_7", "match_sign_id": "sign_B_5"}, {"sign_id": "sign_A_7", "match_sign_id": "sign_B_3"}, {"sign_id": "sign_A_7", "match_sign_id": "sign_B_4"}, {"sign_id": "sign_A_7", "match_sign_id": "sign_B_2"}, {"sign_id": "sign_A_5", "match_sign_id": "sign_B_1"}, {"sign_id": "sign_A_6", "match_sign_id": "sign_B_1"}, {"sign_id": "sign_A_5", "match_sign_id": "sign_B_6"}, {"sign_id": "sign_A_3", "match_sign_id": "sign_B_6"}, {"sign_id": "sign_A_1", "match_sign_id": "sign_B_6"}, {"sign_id": "sign_A_2", "match_sign_id": "sign_B_6"}]}