{"group": [{"pic_list": ["19595918122300003079", "19595918122300003080", "19595918122300003081", "19595918122300003082", "19595918122300003083", "19595918122300003084"], "seq_id": "A"}, {"pic_list": ["18558499082400011142", "18558499082400011125", "18558499082400011126", "18558499082400011127", "18558499082400011128"], "seq_id": "B"}], "signs": [{"pic_id": "19595918122300003079", "x": 783, "y": 313, "w": 8, "h": 10, "type": "301", "sign_id": "sign_A_1"}, {"pic_id": "19595918122300003080", "x": 840, "y": 294, "w": 9, "h": 12, "type": "301", "sign_id": "sign_A_2"}, {"pic_id": "19595918122300003081", "x": 918, "y": 263, "w": 13, "h": 16, "type": "301", "sign_id": "sign_A_3"}, {"pic_id": "19595918122300003081", "x": 1147, "y": 367, "w": 11, "h": 14, "type": "301", "sign_id": "sign_A_4"}, {"pic_id": "19595918122300003082", "x": 1079, "y": 158, "w": 20, "h": 24, "type": "301", "sign_id": "sign_A_5"}, {"pic_id": "18558499082400011127", "x": 1075, "y": 405, "w": 11, "h": 12, "type": "301", "sign_id": "sign_B_1"}], "match": [{"sign_id": "sign_A_1", "match_sign_id": "sign_B_1"}, {"sign_id": "sign_A_2", "match_sign_id": "sign_B_1"}, {"sign_id": "sign_A_4", "match_sign_id": "sign_B_1"}, {"sign_id": "sign_A_5", "match_sign_id": "sign_B_1"}]}