{"group": [{"pic_list": ["19588748102500007579", "19588748102500007580", "19588748102500007581", "19588748102500007582", "19588748102500007583", "19588748102500007584", "19588748102500007585"], "seq_id": "A"}, {"pic_list": ["18557789071700020608", "18557789071700020609", "18557789071700020610", "18557789071700020611", "18557789071700020612", "18557789071700020613", "18557789071700020614"], "seq_id": "B"}], "signs": [{"pic_id": "19588748102500007579", "x": 811, "y": 177, "w": 42, "h": 41, "type": "203", "sign_id": "sign_A_1"}, {"pic_id": "19588748102500007579", "x": 454, "y": 317, "w": 10, "h": 12, "type": "301", "sign_id": "sign_A_2"}, {"pic_id": "19588748102500007580", "x": 393, "y": 276, "w": 13, "h": 17, "type": "301", "sign_id": "sign_A_3"}, {"pic_id": "19588748102500007580", "x": 52, "y": 270, "w": 15, "h": 16, "type": "301", "sign_id": "sign_A_4"}, {"pic_id": "19588748102500007581", "x": 259, "y": 184, "w": 20, "h": 26, "type": "301", "sign_id": "sign_A_5"}, {"pic_id": "18557789071700020608", "x": 641, "y": 176, "w": 41, "h": 41, "type": "203", "sign_id": "sign_B_1"}, {"pic_id": "18557789071700020608", "x": 355, "y": 330, "w": 12, "h": 12, "type": "301", "sign_id": "sign_B_2"}, {"pic_id": "18557789071700020609", "x": 268, "y": 268, "w": 14, "h": 15, "type": "301", "sign_id": "sign_B_3"}, {"pic_id": "18557789071700020610", "x": 110, "y": 208, "w": 19, "h": 22, "type": "301", "sign_id": "sign_B_4"}], "match": [{"sign_id": "sign_A_1", "match_sign_id": "sign_B_1"}, {"sign_id": "sign_A_2", "match_sign_id": "sign_B_2"}, {"sign_id": "sign_A_2", "match_sign_id": "sign_B_4"}, {"sign_id": "sign_A_2", "match_sign_id": "sign_B_3"}, {"sign_id": "sign_A_3", "match_sign_id": "sign_B_2"}, {"sign_id": "sign_A_3", "match_sign_id": "sign_B_4"}, {"sign_id": "sign_A_4", "match_sign_id": "sign_B_3"}, {"sign_id": "sign_A_4", "match_sign_id": "sign_B_4"}, {"sign_id": "sign_A_4", "match_sign_id": "sign_B_2"}, {"sign_id": "sign_A_5", "match_sign_id": "sign_B_2"}, {"sign_id": "sign_A_5", "match_sign_id": "sign_B_4"}, {"sign_id": "sign_A_5", "match_sign_id": "sign_B_3"}]}