{"group": [{"pic_list": ["20598966021200002358", "20598966021200002359", "20598966021200002360"], "seq_id": "A"}, {"pic_list": ["18558682091000045758", "18558682091000045759", "18558682091000045760", "18558682091000045761"], "seq_id": "B"}], "signs": [{"pic_id": "20598966021200002358", "x": 954, "y": 90, "w": 33, "h": 41, "type": "301", "sign_id": "sign_A_1"}, {"pic_id": "20598966021200002358", "x": 622, "y": 495, "w": 5, "h": 6, "type": "301", "sign_id": "sign_A_2"}, {"pic_id": "20598966021200002359", "x": 1191, "y": 141, "w": 60, "h": 55, "type": "104", "sign_id": "sign_A_3"}, {"pic_id": "20598966021200002359", "x": 326, "y": 465, "w": 6, "h": 7, "type": "301", "sign_id": "sign_A_4"}, {"pic_id": "20598966021200002360", "x": 131, "y": 440, "w": 7, "h": 7, "type": "301", "sign_id": "sign_A_5"}, {"pic_id": "18558682091000045758", "x": 895, "y": 205, "w": 21, "h": 21, "type": "104", "sign_id": "sign_B_1"}, {"pic_id": "18558682091000045758", "x": 850, "y": 183, "w": 14, "h": 18, "type": "301", "sign_id": "sign_B_2"}, {"pic_id": "18558682091000045758", "x": 828, "y": 162, "w": 12, "h": 15, "type": "301", "sign_id": "sign_B_3"}, {"pic_id": "18558682091000045759", "x": 932, "y": 196, "w": 23, "h": 24, "type": "104", "sign_id": "sign_B_4"}, {"pic_id": "18558682091000045759", "x": 898, "y": 161, "w": 16, "h": 19, "type": "301", "sign_id": "sign_B_5"}, {"pic_id": "18558682091000045760", "x": 1076, "y": 107, "w": 34, "h": 33, "type": "104", "sign_id": "sign_B_6"}], "match": [{"sign_id": "sign_A_1", "match_sign_id": "sign_B_5"}, {"sign_id": "sign_A_2", "match_sign_id": "sign_B_5"}, {"sign_id": "sign_A_2", "match_sign_id": "sign_B_3"}, {"sign_id": "sign_A_3", "match_sign_id": "sign_B_6"}, {"sign_id": "sign_A_3", "match_sign_id": "sign_B_4"}, {"sign_id": "sign_A_3", "match_sign_id": "sign_B_1"}, {"sign_id": "sign_A_4", "match_sign_id": "sign_B_5"}, {"sign_id": "sign_A_5", "match_sign_id": "sign_B_3"}, {"sign_id": "sign_A_5", "match_sign_id": "sign_B_5"}]}