{"group": [{"pic_list": ["19564666011400010041", "19564666011400010042", "19564666011400010043", "19564666011400010044"], "seq_id": "A"}, {"pic_list": ["18558679090700017723", "18558679090700017724", "18558679090700017725"], "seq_id": "B"}], "signs": [{"pic_id": "19564666011400010041", "x": 212, "y": 149, "w": 22, "h": 29, "type": "301", "sign_id": "sign_A_1"}, {"pic_id": "19564666011400010042", "x": 264, "y": 74, "w": 31, "h": 37, "type": "301", "sign_id": "sign_A_2"}, {"pic_id": "19564666011400010043", "x": 330, "y": 90, "w": 10, "h": 12, "type": "301", "sign_id": "sign_A_3"}, {"pic_id": "19564666011400010044", "x": 298, "y": 60, "w": 11, "h": 14, "type": "301", "sign_id": "sign_A_4"}, {"pic_id": "18558679090700017723", "x": 81, "y": 93, "w": 33, "h": 39, "type": "301", "sign_id": "sign_B_1"}, {"pic_id": "18558679090700017723", "x": 102, "y": 134, "w": 10, "h": 11, "type": "301", "sign_id": "sign_B_2"}, {"pic_id": "18558679090700017724", "x": 118, "y": 88, "w": 11, "h": 13, "type": "301", "sign_id": "sign_B_3"}], "match": [{"sign_id": "sign_A_1", "match_sign_id": "sign_B_1"}, {"sign_id": "sign_A_1", "match_sign_id": "sign_B_2"}, {"sign_id": "sign_A_1", "match_sign_id": "sign_B_3"}, {"sign_id": "sign_A_2", "match_sign_id": "sign_B_1"}, {"sign_id": "sign_A_2", "match_sign_id": "sign_B_3"}, {"sign_id": "sign_A_3", "match_sign_id": "sign_B_3"}, {"sign_id": "sign_A_3", "match_sign_id": "sign_B_2"}, {"sign_id": "sign_A_4", "match_sign_id": "sign_B_3"}, {"sign_id": "sign_A_4", "match_sign_id": "sign_B_2"}]}