{"group": [{"pic_list": ["20599480032000016347", "20599480032000016348", "20599480032000016349"], "seq_id": "A"}, {"pic_list": ["18557624071100007802", "18557624071100007803", "18557624071100007804"], "seq_id": "B"}], "signs": [{"pic_id": "20599480032000016347", "x": 724, "y": 323, "w": 6, "h": 8, "type": "301", "sign_id": "sign_A_1"}, {"pic_id": "20599480032000016348", "x": 752, "y": 298, "w": 7, "h": 9, "type": "301", "sign_id": "sign_A_2"}, {"pic_id": "20599480032000016349", "x": 808, "y": 262, "w": 10, "h": 13, "type": "301", "sign_id": "sign_A_3"}, {"pic_id": "18557624071100007802", "x": 705, "y": 259, "w": 7, "h": 9, "type": "301", "sign_id": "sign_B_1"}, {"pic_id": "18557624071100007803", "x": 756, "y": 231, "w": 8, "h": 10, "type": "301", "sign_id": "sign_B_2"}, {"pic_id": "18557624071100007804", "x": 831, "y": 191, "w": 11, "h": 13, "type": "301", "sign_id": "sign_B_3"}], "match": [{"sign_id": "sign_A_1", "match_sign_id": "sign_B_3"}, {"sign_id": "sign_A_1", "match_sign_id": "sign_B_1"}, {"sign_id": "sign_A_1", "match_sign_id": "sign_B_2"}, {"sign_id": "sign_A_2", "match_sign_id": "sign_B_3"}, {"sign_id": "sign_A_2", "match_sign_id": "sign_B_1"}, {"sign_id": "sign_A_2", "match_sign_id": "sign_B_2"}, {"sign_id": "sign_A_3", "match_sign_id": "sign_B_3"}, {"sign_id": "sign_A_3", "match_sign_id": "sign_B_2"}, {"sign_id": "sign_A_3", "match_sign_id": "sign_B_1"}]}