{"group": [{"pic_list": ["20599354030800009490", "20599354030800009485", "20599354030800009486", "20599354030800009487", "20599354030800009488", "20599354030800009489"], "seq_id": "A"}, {"pic_list": ["18558858092800013082", "18558858092800013083", "18558858092800013084", "18558858092800013085", "18558858092800013086", "18558858092800013087"], "seq_id": "B"}], "signs": [{"pic_id": "20599354030800009490", "x": 954, "y": 230, "w": 51, "h": 51, "type": "104", "sign_id": "sign_A_1"}, {"pic_id": "20599354030800009490", "x": 350, "y": 335, "w": 13, "h": 18, "type": "301", "sign_id": "sign_A_2"}, {"pic_id": "20599354030800009490", "x": 238, "y": 443, "w": 9, "h": 10, "type": "301", "sign_id": "sign_A_3"}, {"pic_id": "20599354030800009485", "x": 1221, "y": 13, "w": 58, "h": 85, "type": "104", "sign_id": "sign_A_4"}, {"pic_id": "20599354030800009485", "x": 237, "y": 260, "w": 19, "h": 25, "type": "301", "sign_id": "sign_A_5"}, {"pic_id": "20599354030800009485", "x": 153, "y": 436, "w": 11, "h": 12, "type": "301", "sign_id": "sign_A_6"}, {"pic_id": "20599354030800009486", "x": 9, "y": 402, "w": 14, "h": 16, "type": "301", "sign_id": "sign_A_7"}, {"pic_id": "18558858092800013082", "x": 827, "y": 246, "w": 27, "h": 28, "type": "104", "sign_id": "sign_B_1"}, {"pic_id": "18558858092800013082", "x": 480, "y": 266, "w": 9, "h": 11, "type": "301", "sign_id": "sign_B_2"}, {"pic_id": "18558858092800013083", "x": 895, "y": 175, "w": 39, "h": 39, "type": "104", "sign_id": "sign_B_3"}, {"pic_id": "18558858092800013083", "x": 420, "y": 216, "w": 11, "h": 14, "type": "301", "sign_id": "sign_B_4"}, {"pic_id": "18558858092800013083", "x": 303, "y": 287, "w": 9, "h": 11, "type": "301", "sign_id": "sign_B_5"}, {"pic_id": "18558858092800013084", "x": 1188, "y": 1, "w": 78, "h": 44, "type": "104", "sign_id": "sign_B_6"}, {"pic_id": "18558858092800013084", "x": 325, "y": 125, "w": 16, "h": 23, "type": "301", "sign_id": "sign_B_7"}, {"pic_id": "18558858092800013084", "x": 229, "y": 262, "w": 10, "h": 11, "type": "301", "sign_id": "sign_B_8"}, {"pic_id": "18558858092800013085", "x": 209, "y": 22, "w": 23, "h": 32, "type": "301", "sign_id": "sign_B_9"}, {"pic_id": "18558858092800013085", "x": 160, "y": 245, "w": 12, "h": 13, "type": "301", "sign_id": "sign_B_10"}, {"pic_id": "18558858092800013086", "x": 23, "y": 217, "w": 15, "h": 16, "type": "301", "sign_id": "sign_B_11"}], "match": [{"sign_id": "sign_A_1", "match_sign_id": "sign_B_3"}, {"sign_id": "sign_A_1", "match_sign_id": "sign_B_6"}, {"sign_id": "sign_A_1", "match_sign_id": "sign_B_1"}, {"sign_id": "sign_A_2", "match_sign_id": "sign_B_7"}, {"sign_id": "sign_A_2", "match_sign_id": "sign_B_9"}, {"sign_id": "sign_A_2", "match_sign_id": "sign_B_5"}, {"sign_id": "sign_A_2", "match_sign_id": "sign_B_4"}, {"sign_id": "sign_A_3", "match_sign_id": "sign_B_8"}, {"sign_id": "sign_A_3", "match_sign_id": "sign_B_11"}, {"sign_id": "sign_A_3", "match_sign_id": "sign_B_5"}, {"sign_id": "sign_A_3", "match_sign_id": "sign_B_10"}, {"sign_id": "sign_A_4", "match_sign_id": "sign_B_3"}, {"sign_id": "sign_A_4", "match_sign_id": "sign_B_6"}, {"sign_id": "sign_A_4", "match_sign_id": "sign_B_1"}, {"sign_id": "sign_A_5", "match_sign_id": "sign_B_7"}, {"sign_id": "sign_A_5", "match_sign_id": "sign_B_9"}, {"sign_id": "sign_A_5", "match_sign_id": "sign_B_4"}, {"sign_id": "sign_A_5", "match_sign_id": "sign_B_2"}, {"sign_id": "sign_A_6", "match_sign_id": "sign_B_5"}, {"sign_id": "sign_A_6", "match_sign_id": "sign_B_8"}, {"sign_id": "sign_A_6", "match_sign_id": "sign_B_11"}, {"sign_id": "sign_A_6", "match_sign_id": "sign_B_10"}, {"sign_id": "sign_A_7", "match_sign_id": "sign_B_8"}, {"sign_id": "sign_A_7", "match_sign_id": "sign_B_11"}, {"sign_id": "sign_A_7", "match_sign_id": "sign_B_9"}, {"sign_id": "sign_A_7", "match_sign_id": "sign_B_5"}, {"sign_id": "sign_A_7", "match_sign_id": "sign_B_10"}, {"sign_id": "sign_A_2", "match_sign_id": "sign_B_2"}, {"sign_id": "sign_A_3", "match_sign_id": "sign_B_2"}]}