{"group": [{"pic_list": ["19589416110300004323", "19589416110300004218", "19589416110300004219", "19589416110300004220", "19589416110300004221", "19589416110300004222", "19589416110300004223"], "seq_id": "A"}, {"pic_list": ["18553408010500004631", "18553408010500004632", "18553408010500004633", "18553408010500004634", "18553408010500004635", "18553408010500004636"], "seq_id": "B"}], "signs": [{"pic_id": "19589416110300004323", "x": 603, "y": 281, "w": 6, "h": 8, "type": "301", "sign_id": "sign_A_1"}, {"pic_id": "19589416110300004218", "x": 606, "y": 267, "w": 7, "h": 9, "type": "301", "sign_id": "sign_A_2"}, {"pic_id": "19589416110300004219", "x": 618, "y": 250, "w": 8, "h": 11, "type": "301", "sign_id": "sign_A_3"}, {"pic_id": "19589416110300004220", "x": 794, "y": 194, "w": 43, "h": 39, "type": "106", "sign_id": "sign_A_4"}, {"pic_id": "19589416110300004220", "x": 611, "y": 194, "w": 10, "h": 14, "type": "301", "sign_id": "sign_A_5"}, {"pic_id": "19589416110300004221", "x": 838, "y": 143, "w": 56, "h": 56, "type": "106", "sign_id": "sign_A_6"}, {"pic_id": "19589416110300004221", "x": 591, "y": 115, "w": 15, "h": 21, "type": "301", "sign_id": "sign_A_7"}, {"pic_id": "19589416110300004222", "x": 980, "y": 3, "w": 97, "h": 78, "type": "106", "sign_id": "sign_A_8"}, {"pic_id": "18553408010500004631", "x": 719, "y": 376, "w": 23, "h": 22, "type": "106", "sign_id": "sign_B_1"}, {"pic_id": "18553408010500004631", "x": 613, "y": 392, "w": 6, "h": 7, "type": "301", "sign_id": "sign_B_2"}, {"pic_id": "18553408010500004632", "x": 736, "y": 362, "w": 28, "h": 28, "type": "106", "sign_id": "sign_B_3"}, {"pic_id": "18553408010500004632", "x": 608, "y": 379, "w": 7, "h": 9, "type": "301", "sign_id": "sign_B_4"}, {"pic_id": "18553408010500004633", "x": 746, "y": 350, "w": 32, "h": 33, "type": "106", "sign_id": "sign_B_5"}, {"pic_id": "18553408010500004633", "x": 603, "y": 367, "w": 7, "h": 10, "type": "301", "sign_id": "sign_B_6"}, {"pic_id": "18553408010500004634", "x": 586, "y": 337, "w": 10, "h": 13, "type": "301", "sign_id": "sign_B_7"}, {"pic_id": "18553408010500004635", "x": 796, "y": 275, "w": 50, "h": 48, "type": "106", "sign_id": "sign_B_8"}, {"pic_id": "18553408010500004635", "x": 562, "y": 272, "w": 13, "h": 17, "type": "301", "sign_id": "sign_B_9"}, {"pic_id": "18553408010500004636", "x": 869, "y": 184, "w": 71, "h": 69, "type": "106", "sign_id": "sign_B_10"}, {"pic_id": "18553408010500004636", "x": 510, "y": 113, "w": 21, "h": 29, "type": "301", "sign_id": "sign_B_11"}], "match": [{"sign_id": "sign_A_1", "match_sign_id": "sign_B_4"}, {"sign_id": "sign_A_1", "match_sign_id": "sign_B_7"}, {"sign_id": "sign_A_1", "match_sign_id": "sign_B_2"}, {"sign_id": "sign_A_1", "match_sign_id": "sign_B_6"}, {"sign_id": "sign_A_1", "match_sign_id": "sign_B_9"}, {"sign_id": "sign_A_1", "match_sign_id": "sign_B_11"}, {"sign_id": "sign_A_2", "match_sign_id": "sign_B_7"}, {"sign_id": "sign_A_2", "match_sign_id": "sign_B_4"}, {"sign_id": "sign_A_2", "match_sign_id": "sign_B_9"}, {"sign_id": "sign_A_2", "match_sign_id": "sign_B_6"}, {"sign_id": "sign_A_2", "match_sign_id": "sign_B_2"}, {"sign_id": "sign_A_2", "match_sign_id": "sign_B_11"}, {"sign_id": "sign_A_3", "match_sign_id": "sign_B_7"}, {"sign_id": "sign_A_3", "match_sign_id": "sign_B_9"}, {"sign_id": "sign_A_3", "match_sign_id": "sign_B_6"}, {"sign_id": "sign_A_3", "match_sign_id": "sign_B_4"}, {"sign_id": "sign_A_3", "match_sign_id": "sign_B_11"}, {"sign_id": "sign_A_3", "match_sign_id": "sign_B_2"}, {"sign_id": "sign_A_4", "match_sign_id": "sign_B_3"}, {"sign_id": "sign_A_4", "match_sign_id": "sign_B_1"}, {"sign_id": "sign_A_4", "match_sign_id": "sign_B_5"}, {"sign_id": "sign_A_4", "match_sign_id": "sign_B_8"}, {"sign_id": "sign_A_4", "match_sign_id": "sign_B_10"}, {"sign_id": "sign_A_5", "match_sign_id": "sign_B_9"}, {"sign_id": "sign_A_5", "match_sign_id": "sign_B_7"}, {"sign_id": "sign_A_5", "match_sign_id": "sign_B_11"}, {"sign_id": "sign_A_5", "match_sign_id": "sign_B_6"}, {"sign_id": "sign_A_5", "match_sign_id": "sign_B_4"}, {"sign_id": "sign_A_5", "match_sign_id": "sign_B_2"}, {"sign_id": "sign_A_6", "match_sign_id": "sign_B_10"}, {"sign_id": "sign_A_6", "match_sign_id": "sign_B_8"}, {"sign_id": "sign_A_6", "match_sign_id": "sign_B_1"}, {"sign_id": "sign_A_6", "match_sign_id": "sign_B_3"}, {"sign_id": "sign_A_6", "match_sign_id": "sign_B_5"}, {"sign_id": "sign_A_7", "match_sign_id": "sign_B_9"}, {"sign_id": "sign_A_7", "match_sign_id": "sign_B_11"}, {"sign_id": "sign_A_7", "match_sign_id": "sign_B_7"}, {"sign_id": "sign_A_7", "match_sign_id": "sign_B_6"}, {"sign_id": "sign_A_8", "match_sign_id": "sign_B_10"}, {"sign_id": "sign_A_8", "match_sign_id": "sign_B_8"}, {"sign_id": "sign_A_8", "match_sign_id": "sign_B_1"}, {"sign_id": "sign_A_8", "match_sign_id": "sign_B_3"}, {"sign_id": "sign_A_8", "match_sign_id": "sign_B_5"}, {"sign_id": "sign_A_7", "match_sign_id": "sign_B_4"}]}