{"group": [{"pic_list": ["20598909020400000978", "20598909020400000979", "20598909020400000980", "20598909020400000981", "20598909020400000982", "20598909020400000983"], "seq_id": "A"}, {"pic_list": ["18558616090300001465", "18558616090300001466", "18558616090300001467", "18558616090300001468", "18558616090300001469"], "seq_id": "B"}], "signs": [{"pic_id": "20598909020400000980", "x": 634, "y": 452, "w": 11, "h": 14, "type": "301", "sign_id": "sign_A_1"}, {"pic_id": "20598909020400000981", "x": 637, "y": 431, "w": 12, "h": 17, "type": "301", "sign_id": "sign_A_2"}, {"pic_id": "20598909020400000982", "x": 649, "y": 393, "w": 17, "h": 23, "type": "301", "sign_id": "sign_A_3"}, {"pic_id": "20598909020400000983", "x": 726, "y": 302, "w": 28, "h": 37, "type": "301", "sign_id": "sign_A_4"}, {"pic_id": "18558616090300001466", "x": 653, "y": 299, "w": 10, "h": 12, "type": "301", "sign_id": "sign_B_1"}, {"pic_id": "18558616090300001467", "x": 704, "y": 277, "w": 12, "h": 15, "type": "301", "sign_id": "sign_B_2"}, {"pic_id": "18558616090300001468", "x": 768, "y": 217, "w": 19, "h": 26, "type": "301", "sign_id": "sign_B_3"}], "match": [{"sign_id": "sign_A_1", "match_sign_id": "sign_B_3"}, {"sign_id": "sign_A_1", "match_sign_id": "sign_B_2"}, {"sign_id": "sign_A_1", "match_sign_id": "sign_B_1"}, {"sign_id": "sign_A_2", "match_sign_id": "sign_B_3"}, {"sign_id": "sign_A_2", "match_sign_id": "sign_B_2"}, {"sign_id": "sign_A_2", "match_sign_id": "sign_B_1"}, {"sign_id": "sign_A_3", "match_sign_id": "sign_B_3"}, {"sign_id": "sign_A_3", "match_sign_id": "sign_B_2"}, {"sign_id": "sign_A_3", "match_sign_id": "sign_B_1"}, {"sign_id": "sign_A_4", "match_sign_id": "sign_B_3"}, {"sign_id": "sign_A_4", "match_sign_id": "sign_B_2"}, {"sign_id": "sign_A_4", "match_sign_id": "sign_B_1"}]}