{"group": [{"pic_list": ["19596096122300004034", "19596096122300004035", "19596096122300004036", "19596096122300004037", "19596096122300004038", "19596096122300004039", "19596096122300004040", "19596096122300004041"], "seq_id": "A"}, {"pic_list": ["18558665090600035436", "18558665090600035437", "18558665090600035438", "18558665090600035439", "18558665090600035440", "18558665090600035441", "18558665090600035442"], "seq_id": "B"}], "signs": [{"pic_id": "19596096122300004034", "x": 703, "y": 286, "w": 15, "h": 14, "type": "104", "sign_id": "sign_A_1"}, {"pic_id": "19596096122300004034", "x": 682, "y": 242, "w": 7, "h": 9, "type": "301", "sign_id": "sign_A_2"}, {"pic_id": "19596096122300004035", "x": 790, "y": 300, "w": 18, "h": 17, "type": "104", "sign_id": "sign_A_3"}, {"pic_id": "19596096122300004035", "x": 763, "y": 253, "w": 7, "h": 9, "type": "301", "sign_id": "sign_A_4"}, {"pic_id": "19596096122300004036", "x": 818, "y": 222, "w": 19, "h": 19, "type": "104", "sign_id": "sign_A_5"}, {"pic_id": "19596096122300004036", "x": 784, "y": 169, "w": 7, "h": 10, "type": "301", "sign_id": "sign_A_6"}, {"pic_id": "19596096122300004037", "x": 838, "y": 284, "w": 25, "h": 25, "type": "104", "sign_id": "sign_A_7"}, {"pic_id": "19596096122300004037", "x": 793, "y": 223, "w": 8, "h": 11, "type": "301", "sign_id": "sign_A_8"}, {"pic_id": "19596096122300004038", "x": 904, "y": 267, "w": 33, "h": 32, "type": "104", "sign_id": "sign_A_9"}, {"pic_id": "19596096122300004038", "x": 834, "y": 193, "w": 10, "h": 14, "type": "301", "sign_id": "sign_A_10"}, {"pic_id": "19596096122300004039", "x": 981, "y": 210, "w": 49, "h": 47, "type": "104", "sign_id": "sign_A_11"}, {"pic_id": "19596096122300004039", "x": 857, "y": 123, "w": 13, "h": 19, "type": "301", "sign_id": "sign_A_12"}, {"pic_id": "19596096122300004039", "x": 738, "y": 284, "w": 5, "h": 5, "type": "301", "sign_id": "sign_A_13"}, {"pic_id": "19596096122300004040", "x": 951, "y": 42, "w": 20, "h": 27, "type": "301", "sign_id": "sign_A_14"}, {"pic_id": "19596096122300004041", "x": 735, "y": 284, "w": 5, "h": 5, "type": "301", "sign_id": "sign_A_15"}, {"pic_id": "18558665090600035436", "x": 854, "y": 358, "w": 19, "h": 19, "type": "106", "sign_id": "sign_B_1"}, {"pic_id": "18558665090600035436", "x": 833, "y": 301, "w": 6, "h": 8, "type": "301", "sign_id": "sign_B_2"}, {"pic_id": "18558665090600035437", "x": 790, "y": 356, "w": 22, "h": 22, "type": "106", "sign_id": "sign_B_3"}, {"pic_id": "18558665090600035437", "x": 763, "y": 294, "w": 7, "h": 9, "type": "301", "sign_id": "sign_B_4"}, {"pic_id": "18558665090600035438", "x": 768, "y": 349, "w": 28, "h": 29, "type": "106", "sign_id": "sign_B_5"}, {"pic_id": "18558665090600035438", "x": 729, "y": 277, "w": 8, "h": 10, "type": "301", "sign_id": "sign_B_6"}, {"pic_id": "18558665090600035439", "x": 778, "y": 338, "w": 32, "h": 33, "type": "106", "sign_id": "sign_B_7"}, {"pic_id": "18558665090600035439", "x": 729, "y": 257, "w": 9, "h": 11, "type": "301", "sign_id": "sign_B_8"}, {"pic_id": "18558665090600035440", "x": 826, "y": 302, "w": 46, "h": 48, "type": "106", "sign_id": "sign_B_9"}, {"pic_id": "18558665090600035440", "x": 744, "y": 204, "w": 11, "h": 14, "type": "301", "sign_id": "sign_B_10"}, {"pic_id": "18558665090600035441", "x": 826, "y": 17, "w": 24, "h": 28, "type": "301", "sign_id": "sign_B_11"}], "match": [{"sign_id": "sign_A_2", "match_sign_id": "sign_B_4"}, {"sign_id": "sign_A_2", "match_sign_id": "sign_B_2"}, {"sign_id": "sign_A_2", "match_sign_id": "sign_B_6"}, {"sign_id": "sign_A_2", "match_sign_id": "sign_B_8"}, {"sign_id": "sign_A_2", "match_sign_id": "sign_B_10"}, {"sign_id": "sign_A_4", "match_sign_id": "sign_B_4"}, {"sign_id": "sign_A_4", "match_sign_id": "sign_B_2"}, {"sign_id": "sign_A_4", "match_sign_id": "sign_B_6"}, {"sign_id": "sign_A_4", "match_sign_id": "sign_B_8"}, {"sign_id": "sign_A_4", "match_sign_id": "sign_B_10"}, {"sign_id": "sign_A_6", "match_sign_id": "sign_B_6"}, {"sign_id": "sign_A_6", "match_sign_id": "sign_B_4"}, {"sign_id": "sign_A_6", "match_sign_id": "sign_B_2"}, {"sign_id": "sign_A_6", "match_sign_id": "sign_B_8"}, {"sign_id": "sign_A_6", "match_sign_id": "sign_B_10"}, {"sign_id": "sign_A_8", "match_sign_id": "sign_B_6"}, {"sign_id": "sign_A_8", "match_sign_id": "sign_B_4"}, {"sign_id": "sign_A_8", "match_sign_id": "sign_B_8"}, {"sign_id": "sign_A_8", "match_sign_id": "sign_B_2"}, {"sign_id": "sign_A_8", "match_sign_id": "sign_B_10"}, {"sign_id": "sign_A_10", "match_sign_id": "sign_B_6"}, {"sign_id": "sign_A_10", "match_sign_id": "sign_B_8"}, {"sign_id": "sign_A_10", "match_sign_id": "sign_B_2"}, {"sign_id": "sign_A_10", "match_sign_id": "sign_B_10"}, {"sign_id": "sign_A_10", "match_sign_id": "sign_B_4"}, {"sign_id": "sign_A_12", "match_sign_id": "sign_B_6"}, {"sign_id": "sign_A_12", "match_sign_id": "sign_B_2"}, {"sign_id": "sign_A_12", "match_sign_id": "sign_B_8"}, {"sign_id": "sign_A_12", "match_sign_id": "sign_B_10"}, {"sign_id": "sign_A_12", "match_sign_id": "sign_B_4"}, {"sign_id": "sign_A_14", "match_sign_id": "sign_B_6"}, {"sign_id": "sign_A_14", "match_sign_id": "sign_B_8"}, {"sign_id": "sign_A_14", "match_sign_id": "sign_B_10"}, {"sign_id": "sign_A_14", "match_sign_id": "sign_B_2"}, {"sign_id": "sign_A_14", "match_sign_id": "sign_B_4"}, {"sign_id": "sign_A_14", "match_sign_id": "sign_B_11"}, {"sign_id": "sign_A_15", "match_sign_id": "sign_B_4"}, {"sign_id": "sign_A_15", "match_sign_id": "sign_B_2"}, {"sign_id": "sign_A_15", "match_sign_id": "sign_B_6"}, {"sign_id": "sign_A_10", "match_sign_id": "sign_B_11"}, {"sign_id": "sign_A_12", "match_sign_id": "sign_B_11"}, {"sign_id": "sign_A_4", "match_sign_id": "sign_B_11"}, {"sign_id": "sign_A_8", "match_sign_id": "sign_B_11"}]}