{"group": [{"pic_list": ["20598682012100000576", "20598682012100000577", "20598682012100000518"], "seq_id": "A"}, {"pic_list": ["19565273022300006641"], "seq_id": "B"}], "signs": [{"pic_id": "20598682012100000576", "x": 781, "y": 286, "w": 18, "h": 18, "type": "105", "sign_id": "sign_A_1"}, {"pic_id": "20598682012100000576", "x": 823, "y": 293, "w": 8, "h": 11, "type": "301", "sign_id": "sign_A_2"}, {"pic_id": "20598682012100000577", "x": 795, "y": 265, "w": 20, "h": 21, "type": "105", "sign_id": "sign_A_3"}, {"pic_id": "20598682012100000577", "x": 850, "y": 272, "w": 9, "h": 12, "type": "301", "sign_id": "sign_A_4"}, {"pic_id": "20598682012100000518", "x": 819, "y": 251, "w": 25, "h": 25, "type": "105", "sign_id": "sign_A_5"}, {"pic_id": "20598682012100000518", "x": 893, "y": 256, "w": 11, "h": 15, "type": "301", "sign_id": "sign_A_6"}, {"pic_id": "19565273022300006641", "x": 765, "y": 306, "w": 27, "h": 27, "type": "105", "sign_id": "sign_B_1"}, {"pic_id": "19565273022300006641", "x": 833, "y": 304, "w": 12, "h": 17, "type": "301", "sign_id": "sign_B_2"}], "match": [{"sign_id": "sign_A_1", "match_sign_id": "sign_B_1"}, {"sign_id": "sign_A_2", "match_sign_id": "sign_B_2"}, {"sign_id": "sign_A_3", "match_sign_id": "sign_B_1"}, {"sign_id": "sign_A_4", "match_sign_id": "sign_B_2"}, {"sign_id": "sign_A_5", "match_sign_id": "sign_B_1"}, {"sign_id": "sign_A_6", "match_sign_id": "sign_B_2"}]}