{"group": [{"pic_list": ["20599329030600002228", "20599329030600002229", "20599329030600002230", "20599329030600002231", "20599329030600002233", "20599329030600002234"], "seq_id": "A"}, {"pic_list": ["18558688091100018314", "18558688091100018315", "18558688091100018316", "18558688091100018317", "18558688091100018318"], "seq_id": "B"}], "signs": [{"pic_id": "20599329030600002228", "x": 913, "y": 423, "w": 46, "h": 45, "type": "105", "sign_id": "sign_A_1"}, {"pic_id": "20599329030600002228", "x": 277, "y": 571, "w": 10, "h": 12, "type": "301", "sign_id": "sign_A_2"}, {"pic_id": "20599329030600002228", "x": 336, "y": 566, "w": 10, "h": 12, "type": "301", "sign_id": "sign_A_3"}, {"pic_id": "20599329030600002229", "x": 1015, "y": 296, "w": 65, "h": 62, "type": "105", "sign_id": "sign_A_4"}, {"pic_id": "20599329030600002229", "x": 278, "y": 537, "w": 10, "h": 13, "type": "301", "sign_id": "sign_A_5"}, {"pic_id": "20599329030600002230", "x": 1206, "y": 14, "w": 99, "h": 92, "type": "105", "sign_id": "sign_A_6"}, {"pic_id": "20599329030600002230", "x": 167, "y": 470, "w": 15, "h": 19, "type": "301", "sign_id": "sign_A_7"}, {"pic_id": "20599329030600002230", "x": 86, "y": 477, "w": 14, "h": 18, "type": "301", "sign_id": "sign_A_8"}, {"pic_id": "18558688091100018314", "x": 741, "y": 266, "w": 18, "h": 18, "type": "105", "sign_id": "sign_B_1"}, {"pic_id": "18558688091100018315", "x": 759, "y": 236, "w": 22, "h": 22, "type": "105", "sign_id": "sign_B_2"}, {"pic_id": "18558688091100018316", "x": 791, "y": 188, "w": 29, "h": 28, "type": "105", "sign_id": "sign_B_3"}, {"pic_id": "18558688091100018316", "x": 401, "y": 232, "w": 10, "h": 12, "type": "301", "sign_id": "sign_B_4"}, {"pic_id": "18558688091100018317", "x": 850, "y": 93, "w": 43, "h": 43, "type": "105", "sign_id": "sign_B_5"}, {"pic_id": "18558688091100018317", "x": 220, "y": 177, "w": 12, "h": 14, "type": "301", "sign_id": "sign_B_6"}, {"pic_id": "18558688091100018317", "x": 297, "y": 170, "w": 13, "h": 17, "type": "301", "sign_id": "sign_B_7"}, {"pic_id": "18558688091100018318", "x": 65, "y": 37, "w": 19, "h": 27, "type": "301", "sign_id": "sign_B_8"}], "match": [{"sign_id": "sign_A_1", "match_sign_id": "sign_B_2"}, {"sign_id": "sign_A_1", "match_sign_id": "sign_B_3"}, {"sign_id": "sign_A_1", "match_sign_id": "sign_B_1"}, {"sign_id": "sign_A_1", "match_sign_id": "sign_B_5"}, {"sign_id": "sign_A_2", "match_sign_id": "sign_B_6"}, {"sign_id": "sign_A_2", "match_sign_id": "sign_B_8"}, {"sign_id": "sign_A_2", "match_sign_id": "sign_B_4"}, {"sign_id": "sign_A_3", "match_sign_id": "sign_B_7"}, {"sign_id": "sign_A_3", "match_sign_id": "sign_B_4"}, {"sign_id": "sign_A_4", "match_sign_id": "sign_B_2"}, {"sign_id": "sign_A_4", "match_sign_id": "sign_B_1"}, {"sign_id": "sign_A_4", "match_sign_id": "sign_B_5"}, {"sign_id": "sign_A_4", "match_sign_id": "sign_B_3"}, {"sign_id": "sign_A_5", "match_sign_id": "sign_B_7"}, {"sign_id": "sign_A_5", "match_sign_id": "sign_B_4"}, {"sign_id": "sign_A_5", "match_sign_id": "sign_B_8"}, {"sign_id": "sign_A_6", "match_sign_id": "sign_B_1"}, {"sign_id": "sign_A_6", "match_sign_id": "sign_B_5"}, {"sign_id": "sign_A_6", "match_sign_id": "sign_B_3"}, {"sign_id": "sign_A_6", "match_sign_id": "sign_B_2"}, {"sign_id": "sign_A_7", "match_sign_id": "sign_B_7"}, {"sign_id": "sign_A_7", "match_sign_id": "sign_B_8"}, {"sign_id": "sign_A_7", "match_sign_id": "sign_B_4"}, {"sign_id": "sign_A_8", "match_sign_id": "sign_B_6"}]}