{"group": [{"pic_list": ["19582112081300008288", "19582112081300008289", "19582112081300008290", "19582112081300008291", "19582112081300008292", "19582112081300008293"], "seq_id": "A"}, {"pic_list": ["18558423081700006447", "18558423081700006448", "18558423081700006449", "18558423081700006450", "18558423081700006451", "18558423081700006452", "18558423081700006453"], "seq_id": "B"}], "signs": [{"pic_id": "19582112081300008290", "x": 713, "y": 364, "w": 16, "h": 15, "type": "106", "sign_id": "sign_A_1"}, {"pic_id": "19582112081300008290", "x": 860, "y": 359, "w": 8, "h": 9, "type": "301", "sign_id": "sign_A_2"}, {"pic_id": "19582112081300008290", "x": 726, "y": 332, "w": 7, "h": 9, "type": "301", "sign_id": "sign_A_3"}, {"pic_id": "19582112081300008290", "x": 627, "y": 371, "w": 6, "h": 7, "type": "301", "sign_id": "sign_A_4"}, {"pic_id": "19582112081300008291", "x": 643, "y": 346, "w": 15, "h": 15, "type": "103", "sign_id": "sign_A_5"}, {"pic_id": "19582112081300008291", "x": 755, "y": 354, "w": 20, "h": 19, "type": "106", "sign_id": "sign_A_6"}, {"pic_id": "19582112081300008291", "x": 776, "y": 310, "w": 9, "h": 12, "type": "301", "sign_id": "sign_A_7"}, {"pic_id": "19582112081300008291", "x": 941, "y": 348, "w": 8, "h": 10, "type": "301", "sign_id": "sign_A_8"}, {"pic_id": "19582112081300008291", "x": 641, "y": 366, "w": 6, "h": 8, "type": "301", "sign_id": "sign_A_9"}, {"pic_id": "19582112081300008292", "x": 676, "y": 325, "w": 18, "h": 19, "type": "103", "sign_id": "sign_A_10"}, {"pic_id": "19582112081300008292", "x": 846, "y": 325, "w": 31, "h": 30, "type": "106", "sign_id": "sign_A_11"}, {"pic_id": "19582112081300008292", "x": 890, "y": 255, "w": 13, "h": 17, "type": "301", "sign_id": "sign_A_12"}, {"pic_id": "19582112081300008292", "x": 1101, "y": 319, "w": 11, "h": 13, "type": "301", "sign_id": "sign_A_13"}, {"pic_id": "19582112081300008292", "x": 673, "y": 350, "w": 8, "h": 10, "type": "301", "sign_id": "sign_A_14"}, {"pic_id": "19582112081300008293", "x": 715, "y": 303, "w": 25, "h": 26, "type": "103", "sign_id": "sign_A_15"}, {"pic_id": "19582112081300008293", "x": 1072, "y": 272, "w": 55, "h": 53, "type": "106", "sign_id": "sign_A_16"}, {"pic_id": "19582112081300008293", "x": 1222, "y": 108, "w": 29, "h": 35, "type": "301", "sign_id": "sign_A_17"}, {"pic_id": "19582112081300008293", "x": 713, "y": 339, "w": 11, "h": 13, "type": "301", "sign_id": "sign_A_18"}, {"pic_id": "18558423081700006448", "x": 801, "y": 357, "w": 6, "h": 8, "type": "301", "sign_id": "sign_B_1"}, {"pic_id": "18558423081700006449", "x": 834, "y": 354, "w": 8, "h": 9, "type": "301", "sign_id": "sign_B_2"}, {"pic_id": "18558423081700006450", "x": 733, "y": 352, "w": 17, "h": 16, "type": "106", "sign_id": "sign_B_3"}, {"pic_id": "18558423081700006450", "x": 746, "y": 313, "w": 9, "h": 11, "type": "301", "sign_id": "sign_B_4"}, {"pic_id": "18558423081700006450", "x": 897, "y": 340, "w": 9, "h": 10, "type": "301", "sign_id": "sign_B_5"}, {"pic_id": "18558423081700006451", "x": 791, "y": 341, "w": 24, "h": 23, "type": "106", "sign_id": "sign_B_6"}, {"pic_id": "18558423081700006451", "x": 816, "y": 287, "w": 12, "h": 15, "type": "301", "sign_id": "sign_B_7"}, {"pic_id": "18558423081700006451", "x": 1003, "y": 328, "w": 11, "h": 12, "type": "301", "sign_id": "sign_B_8"}, {"pic_id": "18558423081700006452", "x": 900, "y": 304, "w": 36, "h": 36, "type": "106", "sign_id": "sign_B_9"}, {"pic_id": "18558423081700006452", "x": 1196, "y": 288, "w": 19, "h": 18, "type": "301", "sign_id": "sign_B_10"}, {"pic_id": "18558423081700006452", "x": 958, "y": 210, "w": 21, "h": 23, "type": "301", "sign_id": "sign_B_11"}, {"pic_id": "18558423081700006453", "x": 1221, "y": 220, "w": 57, "h": 69, "type": "105", "sign_id": "sign_B_12"}], "match": [{"sign_id": "sign_A_1", "match_sign_id": "sign_B_9"}, {"sign_id": "sign_A_1", "match_sign_id": "sign_B_3"}, {"sign_id": "sign_A_1", "match_sign_id": "sign_B_6"}, {"sign_id": "sign_A_2", "match_sign_id": "sign_B_11"}, {"sign_id": "sign_A_2", "match_sign_id": "sign_B_4"}, {"sign_id": "sign_A_2", "match_sign_id": "sign_B_8"}, {"sign_id": "sign_A_3", "match_sign_id": "sign_B_7"}, {"sign_id": "sign_A_4", "match_sign_id": "sign_B_4"}, {"sign_id": "sign_A_4", "match_sign_id": "sign_B_1"}, {"sign_id": "sign_A_6", "match_sign_id": "sign_B_3"}, {"sign_id": "sign_A_6", "match_sign_id": "sign_B_6"}, {"sign_id": "sign_A_6", "match_sign_id": "sign_B_9"}, {"sign_id": "sign_A_7", "match_sign_id": "sign_B_7"}, {"sign_id": "sign_A_7", "match_sign_id": "sign_B_4"}, {"sign_id": "sign_A_7", "match_sign_id": "sign_B_11"}, {"sign_id": "sign_A_8", "match_sign_id": "sign_B_7"}, {"sign_id": "sign_A_8", "match_sign_id": "sign_B_1"}, {"sign_id": "sign_A_8", "match_sign_id": "sign_B_11"}, {"sign_id": "sign_A_8", "match_sign_id": "sign_B_10"}, {"sign_id": "sign_A_9", "match_sign_id": "sign_B_4"}, {"sign_id": "sign_A_9", "match_sign_id": "sign_B_8"}, {"sign_id": "sign_A_11", "match_sign_id": "sign_B_9"}, {"sign_id": "sign_A_11", "match_sign_id": "sign_B_6"}, {"sign_id": "sign_A_11", "match_sign_id": "sign_B_3"}, {"sign_id": "sign_A_12", "match_sign_id": "sign_B_7"}, {"sign_id": "sign_A_12", "match_sign_id": "sign_B_11"}, {"sign_id": "sign_A_12", "match_sign_id": "sign_B_4"}, {"sign_id": "sign_A_13", "match_sign_id": "sign_B_11"}, {"sign_id": "sign_A_13", "match_sign_id": "sign_B_10"}, {"sign_id": "sign_A_13", "match_sign_id": "sign_B_1"}, {"sign_id": "sign_A_14", "match_sign_id": "sign_B_4"}, {"sign_id": "sign_A_16", "match_sign_id": "sign_B_9"}, {"sign_id": "sign_A_16", "match_sign_id": "sign_B_3"}, {"sign_id": "sign_A_16", "match_sign_id": "sign_B_6"}, {"sign_id": "sign_A_17", "match_sign_id": "sign_B_10"}, {"sign_id": "sign_A_18", "match_sign_id": "sign_B_4"}, {"sign_id": "sign_A_18", "match_sign_id": "sign_B_7"}, {"sign_id": "sign_A_18", "match_sign_id": "sign_B_11"}, {"sign_id": "sign_A_2", "match_sign_id": "sign_B_2"}, {"sign_id": "sign_A_12", "match_sign_id": "sign_B_2"}, {"sign_id": "sign_A_13", "match_sign_id": "sign_B_2"}, {"sign_id": "sign_A_2", "match_sign_id": "sign_B_5"}, {"sign_id": "sign_A_14", "match_sign_id": "sign_B_5"}, {"sign_id": "sign_A_2", "match_sign_id": "sign_B_10"}]}