{"group": [{"pic_list": ["19597464123000011816", "19597464123000011817", "19597464123000011818", "19597464123000011819", "19597464123000011820", "19597464123000011821", "19597464123000011857"], "seq_id": "A"}, {"pic_list": ["18559080092800017001", "18559080092800017002", "18559080092800017003", "18559080092800017004", "18559080092800017005", "18559080092800017006", "18559080092800017007", "18559080092800017008"], "seq_id": "B"}], "signs": [{"pic_id": "19597464123000011816", "x": 627, "y": 402, "w": 19, "h": 19, "type": "106", "sign_id": "sign_A_1"}, {"pic_id": "19597464123000011816", "x": 1078, "y": 389, "w": 11, "h": 12, "type": "301", "sign_id": "sign_A_2"}, {"pic_id": "19597464123000011816", "x": 199, "y": 436, "w": 9, "h": 10, "type": "301", "sign_id": "sign_A_3"}, {"pic_id": "19597464123000011817", "x": 633, "y": 376, "w": 24, "h": 24, "type": "106", "sign_id": "sign_A_4"}, {"pic_id": "19597464123000011817", "x": 1236, "y": 351, "w": 15, "h": 16, "type": "301", "sign_id": "sign_A_5"}, {"pic_id": "19597464123000011817", "x": 773, "y": 386, "w": 11, "h": 12, "type": "301", "sign_id": "sign_A_6"}, {"pic_id": "19597464123000011818", "x": 631, "y": 356, "w": 27, "h": 27, "type": "106", "sign_id": "sign_A_7"}, {"pic_id": "19597464123000011818", "x": 794, "y": 366, "w": 11, "h": 13, "type": "301", "sign_id": "sign_A_8"}, {"pic_id": "19597464123000011819", "x": 633, "y": 326, "w": 32, "h": 33, "type": "106", "sign_id": "sign_A_9"}, {"pic_id": "19597464123000011819", "x": 833, "y": 335, "w": 12, "h": 15, "type": "301", "sign_id": "sign_A_10"}, {"pic_id": "19597464123000011820", "x": 642, "y": 285, "w": 39, "h": 40, "type": "106", "sign_id": "sign_A_11"}, {"pic_id": "19597464123000011820", "x": 899, "y": 289, "w": 14, "h": 19, "type": "301", "sign_id": "sign_A_12"}, {"pic_id": "19597464123000011821", "x": 657, "y": 227, "w": 49, "h": 50, "type": "106", "sign_id": "sign_A_13"}, {"pic_id": "19597464123000011821", "x": 999, "y": 218, "w": 19, "h": 24, "type": "301", "sign_id": "sign_A_14"}, {"pic_id": "19597464123000011857", "x": 255, "y": 20, "w": 89, "h": 86, "type": "106", "sign_id": "sign_A_15"}, {"pic_id": "19597464123000011857", "x": 832, "y": 35, "w": 28, "h": 38, "type": "301", "sign_id": "sign_A_16"}, {"pic_id": "18559080092800017001", "x": 620, "y": 360, "w": 18, "h": 19, "type": "106", "sign_id": "sign_B_1"}, {"pic_id": "18559080092800017001", "x": 202, "y": 374, "w": 9, "h": 10, "type": "301", "sign_id": "sign_B_2"}, {"pic_id": "18559080092800017002", "x": 612, "y": 346, "w": 20, "h": 22, "type": "106", "sign_id": "sign_B_3"}, {"pic_id": "18559080092800017002", "x": 128, "y": 364, "w": 10, "h": 11, "type": "301", "sign_id": "sign_B_4"}, {"pic_id": "18559080092800017003", "x": 606, "y": 331, "w": 23, "h": 24, "type": "106", "sign_id": "sign_B_5"}, {"pic_id": "18559080092800017003", "x": 31, "y": 345, "w": 11, "h": 13, "type": "301", "sign_id": "sign_B_6"}, {"pic_id": "18559080092800017004", "x": 602, "y": 309, "w": 27, "h": 28, "type": "106", "sign_id": "sign_B_7"}, {"pic_id": "18559080092800017005", "x": 594, "y": 281, "w": 32, "h": 34, "type": "106", "sign_id": "sign_B_8"}, {"pic_id": "18559080092800017006", "x": 591, "y": 244, "w": 39, "h": 40, "type": "106", "sign_id": "sign_B_9"}, {"pic_id": "18559080092800017006", "x": 838, "y": 257, "w": 14, "h": 18, "type": "301", "sign_id": "sign_B_10"}, {"pic_id": "18559080092800017007", "x": 655, "y": 155, "w": 56, "h": 58, "type": "106", "sign_id": "sign_B_11"}, {"pic_id": "18559080092800017007", "x": 1041, "y": 151, "w": 22, "h": 29, "type": "301", "sign_id": "sign_B_12"}, {"pic_id": "18559080092800017008", "x": 617, "y": 65, "w": 71, "h": 74, "type": "106", "sign_id": "sign_B_13"}, {"pic_id": "18559080092800017008", "x": 1141, "y": 44, "w": 29, "h": 38, "type": "301", "sign_id": "sign_B_14"}], "match": [{"sign_id": "sign_A_1", "match_sign_id": "sign_B_1"}, {"sign_id": "sign_A_1", "match_sign_id": "sign_B_5"}, {"sign_id": "sign_A_1", "match_sign_id": "sign_B_3"}, {"sign_id": "sign_A_1", "match_sign_id": "sign_B_7"}, {"sign_id": "sign_A_1", "match_sign_id": "sign_B_8"}, {"sign_id": "sign_A_2", "match_sign_id": "sign_B_14"}, {"sign_id": "sign_A_2", "match_sign_id": "sign_B_6"}, {"sign_id": "sign_A_2", "match_sign_id": "sign_B_4"}, {"sign_id": "sign_A_2", "match_sign_id": "sign_B_12"}, {"sign_id": "sign_A_3", "match_sign_id": "sign_B_2"}, {"sign_id": "sign_A_3", "match_sign_id": "sign_B_4"}, {"sign_id": "sign_A_4", "match_sign_id": "sign_B_7"}, {"sign_id": "sign_A_4", "match_sign_id": "sign_B_5"}, {"sign_id": "sign_A_4", "match_sign_id": "sign_B_1"}, {"sign_id": "sign_A_4", "match_sign_id": "sign_B_8"}, {"sign_id": "sign_A_5", "match_sign_id": "sign_B_14"}, {"sign_id": "sign_A_5", "match_sign_id": "sign_B_12"}, {"sign_id": "sign_A_5", "match_sign_id": "sign_B_10"}, {"sign_id": "sign_A_5", "match_sign_id": "sign_B_6"}, {"sign_id": "sign_A_5", "match_sign_id": "sign_B_4"}, {"sign_id": "sign_A_6", "match_sign_id": "sign_B_4"}, {"sign_id": "sign_A_6", "match_sign_id": "sign_B_2"}, {"sign_id": "sign_A_6", "match_sign_id": "sign_B_6"}, {"sign_id": "sign_A_7", "match_sign_id": "sign_B_7"}, {"sign_id": "sign_A_7", "match_sign_id": "sign_B_5"}, {"sign_id": "sign_A_7", "match_sign_id": "sign_B_1"}, {"sign_id": "sign_A_7", "match_sign_id": "sign_B_3"}, {"sign_id": "sign_A_8", "match_sign_id": "sign_B_4"}, {"sign_id": "sign_A_8", "match_sign_id": "sign_B_2"}, {"sign_id": "sign_A_8", "match_sign_id": "sign_B_10"}, {"sign_id": "sign_A_8", "match_sign_id": "sign_B_12"}, {"sign_id": "sign_A_8", "match_sign_id": "sign_B_6"}, {"sign_id": "sign_A_9", "match_sign_id": "sign_B_7"}, {"sign_id": "sign_A_9", "match_sign_id": "sign_B_5"}, {"sign_id": "sign_A_9", "match_sign_id": "sign_B_8"}, {"sign_id": "sign_A_9", "match_sign_id": "sign_B_9"}, {"sign_id": "sign_A_10", "match_sign_id": "sign_B_14"}, {"sign_id": "sign_A_10", "match_sign_id": "sign_B_10"}, {"sign_id": "sign_A_10", "match_sign_id": "sign_B_2"}, {"sign_id": "sign_A_10", "match_sign_id": "sign_B_12"}, {"sign_id": "sign_A_11", "match_sign_id": "sign_B_7"}, {"sign_id": "sign_A_11", "match_sign_id": "sign_B_5"}, {"sign_id": "sign_A_11", "match_sign_id": "sign_B_9"}, {"sign_id": "sign_A_11", "match_sign_id": "sign_B_8"}, {"sign_id": "sign_A_11", "match_sign_id": "sign_B_11"}, {"sign_id": "sign_A_12", "match_sign_id": "sign_B_12"}, {"sign_id": "sign_A_12", "match_sign_id": "sign_B_14"}, {"sign_id": "sign_A_12", "match_sign_id": "sign_B_10"}, {"sign_id": "sign_A_13", "match_sign_id": "sign_B_7"}, {"sign_id": "sign_A_13", "match_sign_id": "sign_B_5"}, {"sign_id": "sign_A_13", "match_sign_id": "sign_B_9"}, {"sign_id": "sign_A_13", "match_sign_id": "sign_B_11"}, {"sign_id": "sign_A_13", "match_sign_id": "sign_B_8"}, {"sign_id": "sign_A_14", "match_sign_id": "sign_B_12"}, {"sign_id": "sign_A_14", "match_sign_id": "sign_B_10"}, {"sign_id": "sign_A_14", "match_sign_id": "sign_B_14"}, {"sign_id": "sign_A_14", "match_sign_id": "sign_B_6"}, {"sign_id": "sign_A_15", "match_sign_id": "sign_B_7"}, {"sign_id": "sign_A_15", "match_sign_id": "sign_B_8"}, {"sign_id": "sign_A_15", "match_sign_id": "sign_B_9"}, {"sign_id": "sign_A_15", "match_sign_id": "sign_B_11"}, {"sign_id": "sign_A_15", "match_sign_id": "sign_B_13"}, {"sign_id": "sign_A_15", "match_sign_id": "sign_B_5"}, {"sign_id": "sign_A_16", "match_sign_id": "sign_B_14"}, {"sign_id": "sign_A_16", "match_sign_id": "sign_B_12"}, {"sign_id": "sign_A_16", "match_sign_id": "sign_B_10"}, {"sign_id": "sign_A_15", "match_sign_id": "sign_B_1"}, {"sign_id": "sign_A_9", "match_sign_id": "sign_B_1"}, {"sign_id": "sign_A_2", "match_sign_id": "sign_B_2"}, {"sign_id": "sign_A_4", "match_sign_id": "sign_B_3"}, {"sign_id": "sign_A_15", "match_sign_id": "sign_B_3"}, {"sign_id": "sign_A_10", "match_sign_id": "sign_B_4"}, {"sign_id": "sign_A_10", "match_sign_id": "sign_B_6"}, {"sign_id": "sign_A_7", "match_sign_id": "sign_B_8"}, {"sign_id": "sign_A_7", "match_sign_id": "sign_B_9"}, {"sign_id": "sign_A_2", "match_sign_id": "sign_B_10"}, {"sign_id": "sign_A_7", "match_sign_id": "sign_B_11"}, {"sign_id": "sign_A_11", "match_sign_id": "sign_B_13"}, {"sign_id": "sign_A_7", "match_sign_id": "sign_B_13"}, {"sign_id": "sign_A_13", "match_sign_id": "sign_B_13"}]}