{"group": [{"pic_list": ["20599581040500001844", "20599581040500001845", "20599581040500001846", "20599581040500001847", "20599581040500001848"], "seq_id": "A"}, {"pic_list": ["18553463010500033806", "18553463010500035249", "18553463010500035250", "18553463010500035251", "18553463010500035252"], "seq_id": "B"}], "signs": [{"pic_id": "20599581040500001844", "x": 235, "y": 259, "w": 23, "h": 22, "type": "104", "sign_id": "sign_A_1"}, {"pic_id": "20599581040500001845", "x": 447, "y": 240, "w": 25, "h": 25, "type": "104", "sign_id": "sign_A_2"}, {"pic_id": "20599581040500001846", "x": 670, "y": 196, "w": 29, "h": 30, "type": "104", "sign_id": "sign_A_3"}, {"pic_id": "20599581040500001847", "x": 929, "y": 112, "w": 45, "h": 44, "type": "104", "sign_id": "sign_A_4"}, {"pic_id": "20599581040500001848", "x": 204, "y": 373, "w": 26, "h": 24, "type": "103", "sign_id": "sign_A_5"}, {"pic_id": "18553463010500033806", "x": 695, "y": 290, "w": 17, "h": 17, "type": "104", "sign_id": "sign_B_1"}, {"pic_id": "18553463010500035249", "x": 692, "y": 272, "w": 20, "h": 20, "type": "104", "sign_id": "sign_B_2"}, {"pic_id": "18553463010500035250", "x": 690, "y": 243, "w": 25, "h": 26, "type": "104", "sign_id": "sign_B_3"}, {"pic_id": "18553463010500035251", "x": 730, "y": 170, "w": 38, "h": 38, "type": "104", "sign_id": "sign_B_4"}, {"pic_id": "18553463010500035252", "x": 835, "y": 1, "w": 68, "h": 34, "type": "104", "sign_id": "sign_B_5"}], "match": [{"sign_id": "sign_A_1", "match_sign_id": "sign_B_3"}, {"sign_id": "sign_A_1", "match_sign_id": "sign_B_4"}, {"sign_id": "sign_A_1", "match_sign_id": "sign_B_2"}, {"sign_id": "sign_A_1", "match_sign_id": "sign_B_5"}, {"sign_id": "sign_A_1", "match_sign_id": "sign_B_1"}, {"sign_id": "sign_A_2", "match_sign_id": "sign_B_3"}, {"sign_id": "sign_A_2", "match_sign_id": "sign_B_4"}, {"sign_id": "sign_A_2", "match_sign_id": "sign_B_5"}, {"sign_id": "sign_A_2", "match_sign_id": "sign_B_1"}, {"sign_id": "sign_A_2", "match_sign_id": "sign_B_2"}, {"sign_id": "sign_A_3", "match_sign_id": "sign_B_4"}, {"sign_id": "sign_A_3", "match_sign_id": "sign_B_3"}, {"sign_id": "sign_A_3", "match_sign_id": "sign_B_5"}, {"sign_id": "sign_A_3", "match_sign_id": "sign_B_2"}, {"sign_id": "sign_A_3", "match_sign_id": "sign_B_1"}, {"sign_id": "sign_A_4", "match_sign_id": "sign_B_4"}, {"sign_id": "sign_A_4", "match_sign_id": "sign_B_5"}, {"sign_id": "sign_A_4", "match_sign_id": "sign_B_3"}, {"sign_id": "sign_A_4", "match_sign_id": "sign_B_2"}, {"sign_id": "sign_A_4", "match_sign_id": "sign_B_1"}]}