{"group": [{"pic_list": ["20599214022900015154", "20599214022900015155", "20599214022900015156", "20599214022900015157"], "seq_id": "A"}, {"pic_list": ["19590895111600003840", "19590895111600003841", "19590895111600003842"], "seq_id": "B"}], "signs": [{"pic_id": "20599214022900015154", "x": 1079, "y": 242, "w": 67, "h": 64, "type": "108", "sign_id": "sign_A_1"}, {"pic_id": "20599214022900015155", "x": 1242, "y": 127, "w": 97, "h": 99, "type": "108", "sign_id": "sign_A_2"}, {"pic_id": "19590895111600003840", "x": 805, "y": 140, "w": 38, "h": 37, "type": "108", "sign_id": "sign_B_1"}, {"pic_id": "19590895111600003841", "x": 968, "y": 14, "w": 77, "h": 74, "type": "108", "sign_id": "sign_B_2"}], "match": [{"sign_id": "sign_A_1", "match_sign_id": "sign_B_1"}, {"sign_id": "sign_A_1", "match_sign_id": "sign_B_2"}, {"sign_id": "sign_A_2", "match_sign_id": "sign_B_2"}, {"sign_id": "sign_A_2", "match_sign_id": "sign_B_1"}]}