{"group": [{"pic_list": ["20599480032000019294", "20599480032000019295", "20599480032000019634", "20599480032000019635", "20599480032000019428"], "seq_id": "A"}, {"pic_list": ["18557490070900007162", "18557490070900007163", "18557490070900007164", "18557490070900007165"], "seq_id": "B"}], "signs": [{"pic_id": "20599480032000019295", "x": 701, "y": 257, "w": 8, "h": 11, "type": "301", "sign_id": "sign_A_1"}, {"pic_id": "20599480032000019295", "x": 444, "y": 306, "w": 7, "h": 9, "type": "301", "sign_id": "sign_A_2"}, {"pic_id": "20599480032000019634", "x": 728, "y": 225, "w": 12, "h": 15, "type": "301", "sign_id": "sign_A_3"}, {"pic_id": "20599480032000019634", "x": 428, "y": 297, "w": 8, "h": 10, "type": "301", "sign_id": "sign_A_4"}, {"pic_id": "20599480032000019635", "x": 775, "y": 176, "w": 14, "h": 18, "type": "301", "sign_id": "sign_A_5"}, {"pic_id": "20599480032000019635", "x": 408, "y": 289, "w": 8, "h": 10, "type": "301", "sign_id": "sign_A_6"}, {"pic_id": "20599480032000019428", "x": 871, "y": 61, "w": 24, "h": 32, "type": "301", "sign_id": "sign_A_7"}, {"pic_id": "20599480032000019428", "x": 378, "y": 276, "w": 9, "h": 12, "type": "301", "sign_id": "sign_A_8"}, {"pic_id": "18557490070900007162", "x": 595, "y": 269, "w": 7, "h": 8, "type": "301", "sign_id": "sign_B_1"}, {"pic_id": "18557490070900007163", "x": 763, "y": 156, "w": 13, "h": 17, "type": "301", "sign_id": "sign_B_2"}, {"pic_id": "18557490070900007163", "x": 436, "y": 244, "w": 7, "h": 9, "type": "301", "sign_id": "sign_B_3"}, {"pic_id": "18557490070900007164", "x": 730, "y": 102, "w": 17, "h": 23, "type": "301", "sign_id": "sign_B_4"}, {"pic_id": "18557490070900007164", "x": 327, "y": 239, "w": 9, "h": 10, "type": "301", "sign_id": "sign_B_5"}, {"pic_id": "18557490070900007165", "x": 259, "y": 223, "w": 9, "h": 11, "type": "301", "sign_id": "sign_B_6"}], "match": [{"sign_id": "sign_A_1", "match_sign_id": "sign_B_2"}, {"sign_id": "sign_A_1", "match_sign_id": "sign_B_4"}, {"sign_id": "sign_A_2", "match_sign_id": "sign_B_2"}, {"sign_id": "sign_A_2", "match_sign_id": "sign_B_4"}, {"sign_id": "sign_A_2", "match_sign_id": "sign_B_3"}, {"sign_id": "sign_A_3", "match_sign_id": "sign_B_2"}, {"sign_id": "sign_A_3", "match_sign_id": "sign_B_4"}, {"sign_id": "sign_A_4", "match_sign_id": "sign_B_4"}, {"sign_id": "sign_A_4", "match_sign_id": "sign_B_3"}, {"sign_id": "sign_A_5", "match_sign_id": "sign_B_2"}, {"sign_id": "sign_A_5", "match_sign_id": "sign_B_4"}, {"sign_id": "sign_A_6", "match_sign_id": "sign_B_4"}, {"sign_id": "sign_A_7", "match_sign_id": "sign_B_4"}, {"sign_id": "sign_A_7", "match_sign_id": "sign_B_2"}, {"sign_id": "sign_A_8", "match_sign_id": "sign_B_4"}, {"sign_id": "sign_A_8", "match_sign_id": "sign_B_2"}, {"sign_id": "sign_A_2", "match_sign_id": "sign_B_1"}, {"sign_id": "sign_A_6", "match_sign_id": "sign_B_1"}, {"sign_id": "sign_A_5", "match_sign_id": "sign_B_1"}, {"sign_id": "sign_A_4", "match_sign_id": "sign_B_1"}, {"sign_id": "sign_A_8", "match_sign_id": "sign_B_1"}, {"sign_id": "sign_A_1", "match_sign_id": "sign_B_1"}, {"sign_id": "sign_A_2", "match_sign_id": "sign_B_5"}, {"sign_id": "sign_A_2", "match_sign_id": "sign_B_6"}, {"sign_id": "sign_A_6", "match_sign_id": "sign_B_6"}, {"sign_id": "sign_A_8", "match_sign_id": "sign_B_6"}, {"sign_id": "sign_A_7", "match_sign_id": "sign_B_6"}, {"sign_id": "sign_A_5", "match_sign_id": "sign_B_6"}]}