{"group": [{"pic_list": ["20599480032000022572", "20599480032000022757", "20599480032000022942", "20599480032000022573", "20599480032000022758", "20599480032000022943"], "seq_id": "A"}, {"pic_list": ["18557490070900026235", "18557490070900026236"], "seq_id": "B"}], "signs": [{"pic_id": "20599480032000022572", "x": 66, "y": 242, "w": 14, "h": 14, "type": "301", "sign_id": "sign_A_1"}, {"pic_id": "20599480032000022572", "x": 722, "y": 315, "w": 6, "h": 9, "type": "301", "sign_id": "sign_A_2"}, {"pic_id": "20599480032000022757", "x": 66, "y": 242, "w": 14, "h": 14, "type": "301", "sign_id": "sign_A_3"}, {"pic_id": "20599480032000022757", "x": 722, "y": 315, "w": 6, "h": 9, "type": "301", "sign_id": "sign_A_4"}, {"pic_id": "20599480032000022942", "x": 66, "y": 242, "w": 14, "h": 14, "type": "301", "sign_id": "sign_A_5"}, {"pic_id": "20599480032000022942", "x": 722, "y": 315, "w": 6, "h": 9, "type": "301", "sign_id": "sign_A_6"}, {"pic_id": "18557490070900026235", "x": 664, "y": 217, "w": 8, "h": 10, "type": "301", "sign_id": "sign_B_1"}, {"pic_id": "18557490070900026236", "x": 661, "y": 197, "w": 8, "h": 11, "type": "301", "sign_id": "sign_B_2"}, {"pic_id": "18557490070900026236", "x": 441, "y": 265, "w": 6, "h": 7, "type": "301", "sign_id": "sign_B_3"}], "match": [{"sign_id": "sign_A_2", "match_sign_id": "sign_B_2"}, {"sign_id": "sign_A_2", "match_sign_id": "sign_B_1"}, {"sign_id": "sign_A_4", "match_sign_id": "sign_B_2"}, {"sign_id": "sign_A_4", "match_sign_id": "sign_B_1"}, {"sign_id": "sign_A_6", "match_sign_id": "sign_B_2"}, {"sign_id": "sign_A_6", "match_sign_id": "sign_B_1"}]}