{"group": [{"pic_list": ["19583773091000021479", "19583773091000021480", "19583773091000021481", "19583773091000021482", "19583773091000021483", "19583773091000021484", "19583773091000021485"], "seq_id": "A"}, {"pic_list": ["19579522070700026270", "19579522070700026271", "19579522070700026272", "19579522070700026273", "19579522070700026274", "19579522070700026275", "19579522070700026276", "19579522070700026277"], "seq_id": "B"}], "signs": [{"pic_id": "19583773091000021479", "x": 546, "y": 394, "w": 11, "h": 14, "type": "301", "sign_id": "sign_A_1"}, {"pic_id": "19583773091000021480", "x": 496, "y": 369, "w": 12, "h": 15, "type": "301", "sign_id": "sign_A_2"}, {"pic_id": "19583773091000021481", "x": 427, "y": 330, "w": 14, "h": 19, "type": "301", "sign_id": "sign_A_3"}, {"pic_id": "19583773091000021482", "x": 313, "y": 286, "w": 17, "h": 23, "type": "301", "sign_id": "sign_A_4"}, {"pic_id": "19583773091000021483", "x": 132, "y": 201, "w": 22, "h": 30, "type": "301", "sign_id": "sign_A_5"}, {"pic_id": "19579522070700026271", "x": 402, "y": 460, "w": 11, "h": 14, "type": "301", "sign_id": "sign_B_1"}, {"pic_id": "19579522070700026272", "x": 334, "y": 433, "w": 14, "h": 18, "type": "301", "sign_id": "sign_B_2"}, {"pic_id": "19579522070700026273", "x": 243, "y": 382, "w": 16, "h": 22, "type": "301", "sign_id": "sign_B_3"}, {"pic_id": "19579522070700026274", "x": 94, "y": 296, "w": 21, "h": 29, "type": "301", "sign_id": "sign_B_4"}], "match": [{"sign_id": "sign_A_1", "match_sign_id": "sign_B_1"}, {"sign_id": "sign_A_1", "match_sign_id": "sign_B_2"}, {"sign_id": "sign_A_1", "match_sign_id": "sign_B_3"}, {"sign_id": "sign_A_1", "match_sign_id": "sign_B_4"}, {"sign_id": "sign_A_2", "match_sign_id": "sign_B_1"}, {"sign_id": "sign_A_2", "match_sign_id": "sign_B_2"}, {"sign_id": "sign_A_2", "match_sign_id": "sign_B_3"}, {"sign_id": "sign_A_2", "match_sign_id": "sign_B_4"}, {"sign_id": "sign_A_3", "match_sign_id": "sign_B_2"}, {"sign_id": "sign_A_3", "match_sign_id": "sign_B_3"}, {"sign_id": "sign_A_3", "match_sign_id": "sign_B_4"}, {"sign_id": "sign_A_3", "match_sign_id": "sign_B_1"}, {"sign_id": "sign_A_4", "match_sign_id": "sign_B_4"}, {"sign_id": "sign_A_4", "match_sign_id": "sign_B_3"}, {"sign_id": "sign_A_4", "match_sign_id": "sign_B_2"}, {"sign_id": "sign_A_4", "match_sign_id": "sign_B_1"}, {"sign_id": "sign_A_5", "match_sign_id": "sign_B_4"}, {"sign_id": "sign_A_5", "match_sign_id": "sign_B_3"}, {"sign_id": "sign_A_5", "match_sign_id": "sign_B_2"}, {"sign_id": "sign_A_5", "match_sign_id": "sign_B_1"}]}