{"group": [{"pic_list": ["19594268121500008370", "19594268121500008371", "19594268121500008372"], "seq_id": "A"}, {"pic_list": ["18559112101000023094", "18559112101000023095", "18559112101000023096", "18559112101000023097"], "seq_id": "B"}], "signs": [{"pic_id": "19594268121500008370", "x": 619, "y": 318, "w": 32, "h": 31, "type": "105", "sign_id": "sign_A_1"}, {"pic_id": "19594268121500008370", "x": 627, "y": 402, "w": 7, "h": 9, "type": "301", "sign_id": "sign_A_2"}, {"pic_id": "19594268121500008371", "x": 626, "y": 243, "w": 45, "h": 44, "type": "105", "sign_id": "sign_A_3"}, {"pic_id": "19594268121500008371", "x": 629, "y": 386, "w": 7, "h": 10, "type": "301", "sign_id": "sign_A_4"}, {"pic_id": "19594268121500008372", "x": 663, "y": 26, "w": 84, "h": 86, "type": "105", "sign_id": "sign_A_5"}, {"pic_id": "19594268121500008372", "x": 639, "y": 361, "w": 9, "h": 12, "type": "301", "sign_id": "sign_A_6"}, {"pic_id": "18559112101000023094", "x": 659, "y": 237, "w": 24, "h": 23, "type": "105", "sign_id": "sign_B_1"}, {"pic_id": "18559112101000023095", "x": 667, "y": 215, "w": 29, "h": 28, "type": "105", "sign_id": "sign_B_2"}, {"pic_id": "18559112101000023096", "x": 672, "y": 169, "w": 39, "h": 38, "type": "105", "sign_id": "sign_B_3"}, {"pic_id": "18559112101000023096", "x": 672, "y": 281, "w": 6, "h": 8, "type": "301", "sign_id": "sign_B_4"}, {"pic_id": "18559112101000023097", "x": 686, "y": 76, "w": 57, "h": 59, "type": "105", "sign_id": "sign_B_5"}, {"pic_id": "18559112101000023097", "x": 674, "y": 267, "w": 7, "h": 8, "type": "301", "sign_id": "sign_B_6"}], "match": [{"sign_id": "sign_A_1", "match_sign_id": "sign_B_3"}, {"sign_id": "sign_A_1", "match_sign_id": "sign_B_2"}, {"sign_id": "sign_A_1", "match_sign_id": "sign_B_5"}, {"sign_id": "sign_A_1", "match_sign_id": "sign_B_1"}, {"sign_id": "sign_A_2", "match_sign_id": "sign_B_4"}, {"sign_id": "sign_A_2", "match_sign_id": "sign_B_6"}, {"sign_id": "sign_A_3", "match_sign_id": "sign_B_3"}, {"sign_id": "sign_A_3", "match_sign_id": "sign_B_5"}, {"sign_id": "sign_A_3", "match_sign_id": "sign_B_2"}, {"sign_id": "sign_A_3", "match_sign_id": "sign_B_1"}, {"sign_id": "sign_A_4", "match_sign_id": "sign_B_4"}, {"sign_id": "sign_A_4", "match_sign_id": "sign_B_6"}, {"sign_id": "sign_A_5", "match_sign_id": "sign_B_3"}, {"sign_id": "sign_A_5", "match_sign_id": "sign_B_5"}, {"sign_id": "sign_A_5", "match_sign_id": "sign_B_2"}, {"sign_id": "sign_A_5", "match_sign_id": "sign_B_1"}, {"sign_id": "sign_A_6", "match_sign_id": "sign_B_4"}, {"sign_id": "sign_A_6", "match_sign_id": "sign_B_6"}]}