{"group": [{"pic_list": ["19590853111500003096", "19590853111500003097", "19590853111500003098", "19590853111500002085", "19590853111500002086"], "seq_id": "A"}, {"pic_list": ["18558741091100002416", "18558741091100002417", "18558741091100002418", "18558741091100002419", "18558741091100002420", "18558741091100002421"], "seq_id": "B"}], "signs": [{"pic_id": "19590853111500003096", "x": 940, "y": 404, "w": 24, "h": 24, "type": "105", "sign_id": "sign_A_1"}, {"pic_id": "19590853111500003097", "x": 961, "y": 373, "w": 35, "h": 33, "type": "105", "sign_id": "sign_A_2"}, {"pic_id": "19590853111500003097", "x": 746, "y": 464, "w": 6, "h": 7, "type": "301", "sign_id": "sign_A_3"}, {"pic_id": "19590853111500003098", "x": 877, "y": 322, "w": 43, "h": 40, "type": "105", "sign_id": "sign_A_4"}, {"pic_id": "19590853111500003098", "x": 610, "y": 439, "w": 6, "h": 8, "type": "301", "sign_id": "sign_A_5"}, {"pic_id": "19590853111500002085", "x": 776, "y": 254, "w": 54, "h": 52, "type": "105", "sign_id": "sign_A_6"}, {"pic_id": "19590853111500002085", "x": 433, "y": 420, "w": 7, "h": 8, "type": "301", "sign_id": "sign_A_7"}, {"pic_id": "19590853111500002086", "x": 97, "y": 348, "w": 11, "h": 12, "type": "301", "sign_id": "sign_A_8"}, {"pic_id": "18558741091100002416", "x": 737, "y": 364, "w": 6, "h": 7, "type": "301", "sign_id": "sign_B_1"}, {"pic_id": "18558741091100002417", "x": 918, "y": 298, "w": 26, "h": 27, "type": "105", "sign_id": "sign_B_2"}, {"pic_id": "18558741091100002417", "x": 652, "y": 356, "w": 7, "h": 7, "type": "301", "sign_id": "sign_B_3"}, {"pic_id": "18558741091100002418", "x": 892, "y": 270, "w": 31, "h": 31, "type": "104", "sign_id": "sign_B_4"}, {"pic_id": "18558741091100002418", "x": 858, "y": 270, "w": 31, "h": 31, "type": "105", "sign_id": "sign_B_5"}, {"pic_id": "18558741091100002418", "x": 552, "y": 341, "w": 7, "h": 7, "type": "301", "sign_id": "sign_B_6"}, {"pic_id": "18558741091100002419", "x": 881, "y": 236, "w": 39, "h": 38, "type": "104", "sign_id": "sign_B_7"}, {"pic_id": "18558741091100002419", "x": 840, "y": 235, "w": 38, "h": 38, "type": "105", "sign_id": "sign_B_8"}, {"pic_id": "18558741091100002419", "x": 474, "y": 329, "w": 7, "h": 8, "type": "301", "sign_id": "sign_B_9"}, {"pic_id": "18558741091100002420", "x": 897, "y": 182, "w": 52, "h": 50, "type": "104", "sign_id": "sign_B_10"}, {"pic_id": "18558741091100002420", "x": 841, "y": 182, "w": 51, "h": 50, "type": "105", "sign_id": "sign_B_11"}, {"pic_id": "18558741091100002420", "x": 379, "y": 319, "w": 8, "h": 9, "type": "301", "sign_id": "sign_B_12"}, {"pic_id": "18558741091100002421", "x": 961, "y": 37, "w": 84, "h": 79, "type": "104", "sign_id": "sign_B_13"}, {"pic_id": "18558741091100002421", "x": 874, "y": 37, "w": 82, "h": 79, "type": "105", "sign_id": "sign_B_14"}, {"pic_id": "18558741091100002421", "x": 232, "y": 280, "w": 11, "h": 13, "type": "301", "sign_id": "sign_B_15"}], "match": [{"sign_id": "sign_A_1", "match_sign_id": "sign_B_2"}, {"sign_id": "sign_A_1", "match_sign_id": "sign_B_14"}, {"sign_id": "sign_A_1", "match_sign_id": "sign_B_8"}, {"sign_id": "sign_A_1", "match_sign_id": "sign_B_11"}, {"sign_id": "sign_A_1", "match_sign_id": "sign_B_5"}, {"sign_id": "sign_A_2", "match_sign_id": "sign_B_2"}, {"sign_id": "sign_A_2", "match_sign_id": "sign_B_14"}, {"sign_id": "sign_A_2", "match_sign_id": "sign_B_11"}, {"sign_id": "sign_A_2", "match_sign_id": "sign_B_8"}, {"sign_id": "sign_A_2", "match_sign_id": "sign_B_5"}, {"sign_id": "sign_A_3", "match_sign_id": "sign_B_1"}, {"sign_id": "sign_A_3", "match_sign_id": "sign_B_6"}, {"sign_id": "sign_A_3", "match_sign_id": "sign_B_9"}, {"sign_id": "sign_A_3", "match_sign_id": "sign_B_3"}, {"sign_id": "sign_A_3", "match_sign_id": "sign_B_12"}, {"sign_id": "sign_A_3", "match_sign_id": "sign_B_15"}, {"sign_id": "sign_A_4", "match_sign_id": "sign_B_2"}, {"sign_id": "sign_A_4", "match_sign_id": "sign_B_14"}, {"sign_id": "sign_A_4", "match_sign_id": "sign_B_8"}, {"sign_id": "sign_A_4", "match_sign_id": "sign_B_11"}, {"sign_id": "sign_A_4", "match_sign_id": "sign_B_5"}, {"sign_id": "sign_A_5", "match_sign_id": "sign_B_6"}, {"sign_id": "sign_A_5", "match_sign_id": "sign_B_9"}, {"sign_id": "sign_A_5", "match_sign_id": "sign_B_1"}, {"sign_id": "sign_A_5", "match_sign_id": "sign_B_12"}, {"sign_id": "sign_A_5", "match_sign_id": "sign_B_3"}, {"sign_id": "sign_A_5", "match_sign_id": "sign_B_15"}, {"sign_id": "sign_A_6", "match_sign_id": "sign_B_2"}, {"sign_id": "sign_A_6", "match_sign_id": "sign_B_14"}, {"sign_id": "sign_A_6", "match_sign_id": "sign_B_8"}, {"sign_id": "sign_A_6", "match_sign_id": "sign_B_11"}, {"sign_id": "sign_A_6", "match_sign_id": "sign_B_5"}, {"sign_id": "sign_A_7", "match_sign_id": "sign_B_6"}, {"sign_id": "sign_A_7", "match_sign_id": "sign_B_12"}, {"sign_id": "sign_A_7", "match_sign_id": "sign_B_9"}, {"sign_id": "sign_A_7", "match_sign_id": "sign_B_1"}, {"sign_id": "sign_A_7", "match_sign_id": "sign_B_3"}, {"sign_id": "sign_A_7", "match_sign_id": "sign_B_15"}, {"sign_id": "sign_A_8", "match_sign_id": "sign_B_12"}, {"sign_id": "sign_A_8", "match_sign_id": "sign_B_15"}, {"sign_id": "sign_A_8", "match_sign_id": "sign_B_9"}, {"sign_id": "sign_A_8", "match_sign_id": "sign_B_6"}, {"sign_id": "sign_A_8", "match_sign_id": "sign_B_1"}, {"sign_id": "sign_A_8", "match_sign_id": "sign_B_3"}]}