{"group": [{"pic_list": ["20599603040700018109", "20599603040700018110", "20599603040700018111", "20599603040700018112"], "seq_id": "A"}, {"pic_list": ["19590715111400007141", "19590715111400007142"], "seq_id": "B"}], "signs": [{"pic_id": "20599603040700018110", "x": 700, "y": 403, "w": 14, "h": 14, "type": "104", "sign_id": "sign_A_1"}, {"pic_id": "20599603040700018111", "x": 710, "y": 398, "w": 17, "h": 16, "type": "104", "sign_id": "sign_A_2"}, {"pic_id": "20599603040700018112", "x": 730, "y": 389, "w": 20, "h": 20, "type": "104", "sign_id": "sign_A_3"}, {"pic_id": "19590715111400007141", "x": 766, "y": 379, "w": 14, "h": 13, "type": "104", "sign_id": "sign_B_1"}, {"pic_id": "19590715111400007142", "x": 762, "y": 371, "w": 18, "h": 17, "type": "104", "sign_id": "sign_B_2"}], "match": [{"sign_id": "sign_A_1", "match_sign_id": "sign_B_1"}, {"sign_id": "sign_A_1", "match_sign_id": "sign_B_2"}, {"sign_id": "sign_A_2", "match_sign_id": "sign_B_2"}, {"sign_id": "sign_A_2", "match_sign_id": "sign_B_1"}, {"sign_id": "sign_A_3", "match_sign_id": "sign_B_2"}, {"sign_id": "sign_A_3", "match_sign_id": "sign_B_1"}]}