{"group": [{"pic_list": ["20599480032000015943", "20599480032000015944", "20599480032000015945", "20599480032000015946", "20599480032000015947", "20599480032000015948", "20599480032000015949"], "seq_id": "A"}, {"pic_list": ["18557490070900015394", "18557490070900015395", "18557490070900015396", "18557490070900015397", "18557490070900015398", "18557490070900015399", "18557490070900015400", "18557490070900015401", "18557490070900015402"], "seq_id": "B"}], "signs": [{"pic_id": "20599480032000015943", "x": 710, "y": 349, "w": 5, "h": 6, "type": "301", "sign_id": "sign_A_1"}, {"pic_id": "20599480032000015944", "x": 732, "y": 343, "w": 6, "h": 7, "type": "301", "sign_id": "sign_A_2"}, {"pic_id": "20599480032000015945", "x": 753, "y": 333, "w": 7, "h": 8, "type": "301", "sign_id": "sign_A_3"}, {"pic_id": "20599480032000015946", "x": 773, "y": 317, "w": 8, "h": 10, "type": "301", "sign_id": "sign_A_4"}, {"pic_id": "20599480032000015947", "x": 821, "y": 288, "w": 11, "h": 13, "type": "301", "sign_id": "sign_A_5"}, {"pic_id": "20599480032000015948", "x": 936, "y": 220, "w": 15, "h": 19, "type": "301", "sign_id": "sign_A_6"}, {"pic_id": "18557490070900015394", "x": 622, "y": 284, "w": 6, "h": 7, "type": "301", "sign_id": "sign_B_1"}, {"pic_id": "18557490070900015395", "x": 634, "y": 280, "w": 6, "h": 7, "type": "301", "sign_id": "sign_B_2"}, {"pic_id": "18557490070900015396", "x": 642, "y": 270, "w": 7, "h": 8, "type": "301", "sign_id": "sign_B_3"}, {"pic_id": "18557490070900015397", "x": 652, "y": 268, "w": 7, "h": 9, "type": "301", "sign_id": "sign_B_4"}, {"pic_id": "18557490070900015398", "x": 668, "y": 252, "w": 7, "h": 9, "type": "301", "sign_id": "sign_B_5"}, {"pic_id": "18557490070900015399", "x": 691, "y": 237, "w": 9, "h": 11, "type": "301", "sign_id": "sign_B_6"}, {"pic_id": "18557490070900015400", "x": 725, "y": 211, "w": 11, "h": 14, "type": "301", "sign_id": "sign_B_7"}, {"pic_id": "18557490070900015401", "x": 781, "y": 166, "w": 13, "h": 17, "type": "301", "sign_id": "sign_B_8"}, {"pic_id": "18557490070900015402", "x": 897, "y": 55, "w": 21, "h": 27, "type": "301", "sign_id": "sign_B_9"}], "match": [{"sign_id": "sign_A_1", "match_sign_id": "sign_B_5"}, {"sign_id": "sign_A_1", "match_sign_id": "sign_B_4"}, {"sign_id": "sign_A_1", "match_sign_id": "sign_B_3"}, {"sign_id": "sign_A_1", "match_sign_id": "sign_B_1"}, {"sign_id": "sign_A_1", "match_sign_id": "sign_B_2"}, {"sign_id": "sign_A_1", "match_sign_id": "sign_B_6"}, {"sign_id": "sign_A_2", "match_sign_id": "sign_B_5"}, {"sign_id": "sign_A_2", "match_sign_id": "sign_B_4"}, {"sign_id": "sign_A_2", "match_sign_id": "sign_B_6"}, {"sign_id": "sign_A_2", "match_sign_id": "sign_B_7"}, {"sign_id": "sign_A_2", "match_sign_id": "sign_B_3"}, {"sign_id": "sign_A_3", "match_sign_id": "sign_B_5"}, {"sign_id": "sign_A_3", "match_sign_id": "sign_B_6"}, {"sign_id": "sign_A_3", "match_sign_id": "sign_B_4"}, {"sign_id": "sign_A_3", "match_sign_id": "sign_B_7"}, {"sign_id": "sign_A_3", "match_sign_id": "sign_B_8"}, {"sign_id": "sign_A_4", "match_sign_id": "sign_B_7"}, {"sign_id": "sign_A_4", "match_sign_id": "sign_B_6"}, {"sign_id": "sign_A_4", "match_sign_id": "sign_B_8"}, {"sign_id": "sign_A_4", "match_sign_id": "sign_B_5"}, {"sign_id": "sign_A_4", "match_sign_id": "sign_B_4"}, {"sign_id": "sign_A_4", "match_sign_id": "sign_B_3"}, {"sign_id": "sign_A_5", "match_sign_id": "sign_B_8"}, {"sign_id": "sign_A_5", "match_sign_id": "sign_B_7"}, {"sign_id": "sign_A_5", "match_sign_id": "sign_B_9"}, {"sign_id": "sign_A_5", "match_sign_id": "sign_B_6"}, {"sign_id": "sign_A_5", "match_sign_id": "sign_B_4"}, {"sign_id": "sign_A_5", "match_sign_id": "sign_B_5"}, {"sign_id": "sign_A_5", "match_sign_id": "sign_B_3"}, {"sign_id": "sign_A_6", "match_sign_id": "sign_B_8"}, {"sign_id": "sign_A_6", "match_sign_id": "sign_B_9"}, {"sign_id": "sign_A_6", "match_sign_id": "sign_B_7"}, {"sign_id": "sign_A_6", "match_sign_id": "sign_B_6"}, {"sign_id": "sign_A_6", "match_sign_id": "sign_B_4"}, {"sign_id": "sign_A_4", "match_sign_id": "sign_B_1"}, {"sign_id": "sign_A_5", "match_sign_id": "sign_B_1"}, {"sign_id": "sign_A_4", "match_sign_id": "sign_B_2"}, {"sign_id": "sign_A_5", "match_sign_id": "sign_B_2"}, {"sign_id": "sign_A_4", "match_sign_id": "sign_B_9"}, {"sign_id": "sign_A_3", "match_sign_id": "sign_B_9"}]}