{"group": [{"pic_list": ["20598128010800001262", "20598128010800001206", "20598128010800007482", "20598128010800007483"], "seq_id": "A"}, {"pic_list": ["18558662090600037924", "18558662090600037925"], "seq_id": "B"}], "signs": [{"pic_id": "20598128010800001262", "x": 1011, "y": 400, "w": 10, "h": 13, "type": "301", "sign_id": "sign_A_1"}, {"pic_id": "20598128010800001206", "x": 1196, "y": 349, "w": 15, "h": 18, "type": "301", "sign_id": "sign_A_2"}, {"pic_id": "20598128010800007482", "x": 1034, "y": 387, "w": 11, "h": 13, "type": "301", "sign_id": "sign_A_3"}, {"pic_id": "20598128010800007483", "x": 1252, "y": 339, "w": 15, "h": 18, "type": "301", "sign_id": "sign_A_4"}, {"pic_id": "18558662090600037924", "x": 1086, "y": 329, "w": 11, "h": 13, "type": "301", "sign_id": "sign_B_1"}], "match": [{"sign_id": "sign_A_1", "match_sign_id": "sign_B_1"}, {"sign_id": "sign_A_2", "match_sign_id": "sign_B_1"}, {"sign_id": "sign_A_3", "match_sign_id": "sign_B_1"}, {"sign_id": "sign_A_4", "match_sign_id": "sign_B_1"}]}