{"group": [{"pic_list": ["19581311080200003436", "19581311080200003437", "19581311080200003438"], "seq_id": "A"}, {"pic_list": ["18557505071000031845", "18557505071000031846", "18557505071000031847"], "seq_id": "B"}], "signs": [{"pic_id": "19581311080200003436", "x": 712, "y": 180, "w": 13, "h": 18, "type": "301", "sign_id": "sign_A_1"}, {"pic_id": "19581311080200003437", "x": 800, "y": 49, "w": 20, "h": 27, "type": "301", "sign_id": "sign_A_2"}, {"pic_id": "18557505071000031845", "x": 852, "y": 294, "w": 11, "h": 14, "type": "301", "sign_id": "sign_B_1"}, {"pic_id": "18557505071000031846", "x": 1072, "y": 131, "w": 20, "h": 25, "type": "301", "sign_id": "sign_B_2"}], "match": [{"sign_id": "sign_A_1", "match_sign_id": "sign_B_1"}, {"sign_id": "sign_A_1", "match_sign_id": "sign_B_2"}, {"sign_id": "sign_A_2", "match_sign_id": "sign_B_2"}, {"sign_id": "sign_A_2", "match_sign_id": "sign_B_1"}]}