{"group": [{"pic_list": ["19582441081800012719", "19582441081800012720", "19582441081800012721", "19582441081800012722", "19582441081800012723", "19582441081800012724", "19582441081800012725"], "seq_id": "A"}, {"pic_list": ["18558664090600003364", "18558664090600003365", "18558664090600003370", "18558664090600011394"], "seq_id": "B"}], "signs": [{"pic_id": "19582441081800012720", "x": 692, "y": 391, "w": 10, "h": 13, "type": "301", "sign_id": "sign_A_1"}, {"pic_id": "19582441081800012721", "x": 728, "y": 372, "w": 12, "h": 15, "type": "301", "sign_id": "sign_A_2"}, {"pic_id": "19582441081800012722", "x": 792, "y": 335, "w": 16, "h": 22, "type": "301", "sign_id": "sign_A_3"}, {"pic_id": "19582441081800012723", "x": 1072, "y": 148, "w": 38, "h": 48, "type": "301", "sign_id": "sign_A_4"}, {"pic_id": "18558664090600003364", "x": 767, "y": 353, "w": 13, "h": 17, "type": "301", "sign_id": "sign_B_1"}, {"pic_id": "18558664090600003365", "x": 805, "y": 323, "w": 16, "h": 22, "type": "301", "sign_id": "sign_B_2"}, {"pic_id": "18558664090600003370", "x": 664, "y": 182, "w": 16, "h": 23, "type": "301", "sign_id": "sign_B_3"}, {"pic_id": "18558664090600011394", "x": 1113, "y": 356, "w": 13, "h": 16, "type": "301", "sign_id": "sign_B_4"}], "match": [{"sign_id": "sign_A_1", "match_sign_id": "sign_B_2"}, {"sign_id": "sign_A_1", "match_sign_id": "sign_B_1"}, {"sign_id": "sign_A_1", "match_sign_id": "sign_B_4"}, {"sign_id": "sign_A_1", "match_sign_id": "sign_B_3"}, {"sign_id": "sign_A_2", "match_sign_id": "sign_B_2"}, {"sign_id": "sign_A_2", "match_sign_id": "sign_B_1"}, {"sign_id": "sign_A_2", "match_sign_id": "sign_B_4"}, {"sign_id": "sign_A_2", "match_sign_id": "sign_B_3"}, {"sign_id": "sign_A_3", "match_sign_id": "sign_B_1"}, {"sign_id": "sign_A_3", "match_sign_id": "sign_B_2"}, {"sign_id": "sign_A_3", "match_sign_id": "sign_B_4"}, {"sign_id": "sign_A_3", "match_sign_id": "sign_B_3"}, {"sign_id": "sign_A_4", "match_sign_id": "sign_B_1"}, {"sign_id": "sign_A_4", "match_sign_id": "sign_B_2"}, {"sign_id": "sign_A_4", "match_sign_id": "sign_B_3"}, {"sign_id": "sign_A_4", "match_sign_id": "sign_B_4"}]}