{"group": [{"pic_list": ["20599524032400007620", "20599524032400007507", "20599524032400007508", "20599524032400007509", "20599524032400007510"], "seq_id": "A"}, {"pic_list": ["18557211070300023809", "18557211070300023810", "18557211070300023811", "18557211070300023812", "18557211070300023813"], "seq_id": "B"}], "signs": [{"pic_id": "20599524032400007620", "x": 562, "y": 346, "w": 16, "h": 16, "type": "104", "sign_id": "sign_A_1"}, {"pic_id": "20599524032400007507", "x": 533, "y": 311, "w": 20, "h": 20, "type": "104", "sign_id": "sign_A_2"}, {"pic_id": "20599524032400007508", "x": 498, "y": 290, "w": 26, "h": 26, "type": "104", "sign_id": "sign_A_3"}, {"pic_id": "20599524032400007509", "x": 430, "y": 209, "w": 38, "h": 38, "type": "104", "sign_id": "sign_A_4"}, {"pic_id": "20599524032400007510", "x": 238, "y": 21, "w": 70, "h": 67, "type": "104", "sign_id": "sign_A_5"}, {"pic_id": "18557211070300023809", "x": 533, "y": 336, "w": 16, "h": 17, "type": "104", "sign_id": "sign_B_1"}, {"pic_id": "18557211070300023810", "x": 486, "y": 298, "w": 21, "h": 21, "type": "104", "sign_id": "sign_B_2"}, {"pic_id": "18557211070300023811", "x": 433, "y": 278, "w": 28, "h": 28, "type": "104", "sign_id": "sign_B_3"}, {"pic_id": "18557211070300023812", "x": 363, "y": 181, "w": 42, "h": 41, "type": "104", "sign_id": "sign_B_4"}], "match": [{"sign_id": "sign_A_1", "match_sign_id": "sign_B_3"}, {"sign_id": "sign_A_1", "match_sign_id": "sign_B_2"}, {"sign_id": "sign_A_1", "match_sign_id": "sign_B_1"}, {"sign_id": "sign_A_1", "match_sign_id": "sign_B_4"}, {"sign_id": "sign_A_2", "match_sign_id": "sign_B_3"}, {"sign_id": "sign_A_2", "match_sign_id": "sign_B_2"}, {"sign_id": "sign_A_2", "match_sign_id": "sign_B_1"}, {"sign_id": "sign_A_2", "match_sign_id": "sign_B_4"}, {"sign_id": "sign_A_3", "match_sign_id": "sign_B_3"}, {"sign_id": "sign_A_3", "match_sign_id": "sign_B_2"}, {"sign_id": "sign_A_3", "match_sign_id": "sign_B_1"}, {"sign_id": "sign_A_3", "match_sign_id": "sign_B_4"}, {"sign_id": "sign_A_4", "match_sign_id": "sign_B_3"}, {"sign_id": "sign_A_4", "match_sign_id": "sign_B_4"}, {"sign_id": "sign_A_4", "match_sign_id": "sign_B_2"}, {"sign_id": "sign_A_4", "match_sign_id": "sign_B_1"}, {"sign_id": "sign_A_5", "match_sign_id": "sign_B_3"}, {"sign_id": "sign_A_5", "match_sign_id": "sign_B_4"}, {"sign_id": "sign_A_5", "match_sign_id": "sign_B_2"}, {"sign_id": "sign_A_5", "match_sign_id": "sign_B_1"}]}