{"group": [{"pic_list": ["20599452031400004932", "20599452031400004933", "20599452031400004934", "20599452031400004935", "20599452031400004936", "20599452031400004937", "20599452031400004938"], "seq_id": "A"}, {"pic_list": ["18553507010900049423", "18553507010900049424", "18553507010900049450", "18553507010900049451", "18553507010900049452", "18553507010900049453"], "seq_id": "B"}], "signs": [{"pic_id": "20599452031400004932", "x": 805, "y": 677, "w": 24, "h": 24, "type": "104", "sign_id": "sign_A_1"}, {"pic_id": "20599452031400004932", "x": 1438, "y": 607, "w": 17, "h": 22, "type": "301", "sign_id": "sign_A_2"}, {"pic_id": "20599452031400004933", "x": 865, "y": 653, "w": 31, "h": 31, "type": "104", "sign_id": "sign_A_3"}, {"pic_id": "20599452031400004933", "x": 1849, "y": 500, "w": 20, "h": 29, "type": "301", "sign_id": "sign_A_4"}, {"pic_id": "20599452031400004934", "x": 909, "y": 634, "w": 38, "h": 37, "type": "104", "sign_id": "sign_A_5"}, {"pic_id": "20599452031400004935", "x": 948, "y": 610, "w": 46, "h": 45, "type": "104", "sign_id": "sign_A_6"}, {"pic_id": "20599452031400004936", "x": 1007, "y": 543, "w": 61, "h": 59, "type": "104", "sign_id": "sign_A_7"}, {"pic_id": "20599452031400004937", "x": 1125, "y": 428, "w": 89, "h": 90, "type": "104", "sign_id": "sign_A_8"}, {"pic_id": "20599452031400004938", "x": 1486, "y": 99, "w": 140, "h": 155, "type": "104", "sign_id": "sign_A_9"}, {"pic_id": "18553507010900049423", "x": 892, "y": 353, "w": 16, "h": 15, "type": "106", "sign_id": "sign_B_1"}, {"pic_id": "18553507010900049424", "x": 887, "y": 334, "w": 19, "h": 18, "type": "104", "sign_id": "sign_B_2"}, {"pic_id": "18553507010900049450", "x": 916, "y": 317, "w": 24, "h": 23, "type": "104", "sign_id": "sign_B_3"}, {"pic_id": "18553507010900049451", "x": 976, "y": 294, "w": 33, "h": 30, "type": "104", "sign_id": "sign_B_4"}, {"pic_id": "18553507010900049452", "x": 1103, "y": 236, "w": 47, "h": 44, "type": "104", "sign_id": "sign_B_5"}], "match": [{"sign_id": "sign_A_1", "match_sign_id": "sign_B_3"}, {"sign_id": "sign_A_1", "match_sign_id": "sign_B_2"}, {"sign_id": "sign_A_1", "match_sign_id": "sign_B_4"}, {"sign_id": "sign_A_1", "match_sign_id": "sign_B_5"}, {"sign_id": "sign_A_2", "match_sign_id": " "}, {"sign_id": "sign_A_3", "match_sign_id": "sign_B_3"}, {"sign_id": "sign_A_3", "match_sign_id": "sign_B_4"}, {"sign_id": "sign_A_3", "match_sign_id": "sign_B_2"}, {"sign_id": "sign_A_3", "match_sign_id": "sign_B_5"}, {"sign_id": "sign_A_4", "match_sign_id": " "}, {"sign_id": "sign_A_5", "match_sign_id": "sign_B_3"}, {"sign_id": "sign_A_5", "match_sign_id": "sign_B_4"}, {"sign_id": "sign_A_5", "match_sign_id": "sign_B_5"}, {"sign_id": "sign_A_5", "match_sign_id": "sign_B_2"}, {"sign_id": "sign_A_6", "match_sign_id": "sign_B_3"}, {"sign_id": "sign_A_6", "match_sign_id": "sign_B_4"}, {"sign_id": "sign_A_6", "match_sign_id": "sign_B_2"}, {"sign_id": "sign_A_6", "match_sign_id": "sign_B_5"}, {"sign_id": "sign_A_7", "match_sign_id": "sign_B_3"}, {"sign_id": "sign_A_7", "match_sign_id": "sign_B_4"}, {"sign_id": "sign_A_7", "match_sign_id": "sign_B_2"}, {"sign_id": "sign_A_7", "match_sign_id": "sign_B_5"}, {"sign_id": "sign_A_8", "match_sign_id": "sign_B_5"}, {"sign_id": "sign_A_8", "match_sign_id": "sign_B_3"}, {"sign_id": "sign_A_8", "match_sign_id": "sign_B_4"}, {"sign_id": "sign_A_8", "match_sign_id": "sign_B_2"}, {"sign_id": "sign_A_9", "match_sign_id": "sign_B_5"}, {"sign_id": "sign_A_9", "match_sign_id": "sign_B_4"}, {"sign_id": "sign_A_9", "match_sign_id": "sign_B_3"}, {"sign_id": "sign_A_9", "match_sign_id": "sign_B_2"}]}