{"group": [{"pic_list": ["18560064112700005485", "18560064112700007647", "18560064112700007648", "18560064112700007649", "18560064112700007650", "18560064112700007651"], "seq_id": "A"}, {"pic_list": ["18558378082200006919", "18558378082200006890", "18558378082200006891", "18558378082200006892", "18558378082200006893", "18558378082200006894", "18558378082200006895"], "seq_id": "B"}], "signs": [{"pic_id": "18560064112700007647", "x": 523, "y": 293, "w": 8, "h": 10, "type": "301", "sign_id": "sign_A_1"}, {"pic_id": "18560064112700007648", "x": 313, "y": 261, "w": 11, "h": 14, "type": "301", "sign_id": "sign_A_2"}, {"pic_id": "18560064112700007649", "x": 74, "y": 205, "w": 15, "h": 19, "type": "301", "sign_id": "sign_A_3"}, {"pic_id": "18558378082200006890", "x": 584, "y": 375, "w": 7, "h": 9, "type": "301", "sign_id": "sign_B_1"}, {"pic_id": "18558378082200006891", "x": 497, "y": 366, "w": 9, "h": 11, "type": "301", "sign_id": "sign_B_2"}, {"pic_id": "18558378082200006892", "x": 196, "y": 317, "w": 13, "h": 15, "type": "301", "sign_id": "sign_B_3"}, {"pic_id": "18558378082200006893", "x": 3, "y": 278, "w": 17, "h": 20, "type": "301", "sign_id": "sign_B_4"}], "match": [{"sign_id": "sign_A_1", "match_sign_id": "sign_B_4"}, {"sign_id": "sign_A_1", "match_sign_id": "sign_B_1"}, {"sign_id": "sign_A_1", "match_sign_id": "sign_B_2"}, {"sign_id": "sign_A_1", "match_sign_id": "sign_B_3"}, {"sign_id": "sign_A_2", "match_sign_id": "sign_B_3"}, {"sign_id": "sign_A_2", "match_sign_id": "sign_B_4"}, {"sign_id": "sign_A_2", "match_sign_id": "sign_B_2"}, {"sign_id": "sign_A_2", "match_sign_id": "sign_B_1"}, {"sign_id": "sign_A_3", "match_sign_id": "sign_B_3"}, {"sign_id": "sign_A_3", "match_sign_id": "sign_B_4"}, {"sign_id": "sign_A_3", "match_sign_id": "sign_B_2"}, {"sign_id": "sign_A_3", "match_sign_id": "sign_B_1"}]}