{"group": [{"pic_list": ["19595634122100017065", "19595634122100017066", "19595634122100017067", "19595634122100017068", "19595634122100017069", "19595634122100017070"], "seq_id": "A"}, {"pic_list": ["18558730091500024463", "18558730091500024464", "18558730091500024465", "18558730091500024466"], "seq_id": "B"}], "signs": [{"pic_id": "19595634122100017065", "x": 765, "y": 288, "w": 10, "h": 12, "type": "301", "sign_id": "sign_A_1"}, {"pic_id": "19595634122100017066", "x": 813, "y": 247, "w": 13, "h": 15, "type": "301", "sign_id": "sign_A_2"}, {"pic_id": "19595634122100017067", "x": 865, "y": 153, "w": 17, "h": 19, "type": "301", "sign_id": "sign_A_3"}, {"pic_id": "18558730091500024463", "x": 911, "y": 138, "w": 17, "h": 22, "type": "301", "sign_id": "sign_B_1"}, {"pic_id": "18558730091500024463", "x": 751, "y": 254, "w": 9, "h": 10, "type": "301", "sign_id": "sign_B_2"}, {"pic_id": "18558730091500024464", "x": 814, "y": 218, "w": 11, "h": 13, "type": "301", "sign_id": "sign_B_3"}, {"pic_id": "18558730091500024465", "x": 944, "y": 148, "w": 16, "h": 19, "type": "301", "sign_id": "sign_B_4"}], "match": [{"sign_id": "sign_A_1", "match_sign_id": "sign_B_1"}, {"sign_id": "sign_A_1", "match_sign_id": "sign_B_3"}, {"sign_id": "sign_A_2", "match_sign_id": "sign_B_1"}, {"sign_id": "sign_A_2", "match_sign_id": "sign_B_4"}, {"sign_id": "sign_A_2", "match_sign_id": "sign_B_3"}, {"sign_id": "sign_A_2", "match_sign_id": "sign_B_2"}, {"sign_id": "sign_A_3", "match_sign_id": "sign_B_1"}, {"sign_id": "sign_A_3", "match_sign_id": "sign_B_4"}, {"sign_id": "sign_A_3", "match_sign_id": "sign_B_3"}, {"sign_id": "sign_A_3", "match_sign_id": "sign_B_2"}]}