{"group": [{"pic_list": ["20597697010100001588", "20597697010100001589", "20597697010100001590"], "seq_id": "A"}, {"pic_list": ["18558509082800000547", "18558509082800000548"], "seq_id": "B"}], "signs": [{"pic_id": "20597697010100001588", "x": 699, "y": 254, "w": 7, "h": 10, "type": "301", "sign_id": "sign_A_1"}, {"pic_id": "20597697010100001589", "x": 761, "y": 201, "w": 12, "h": 16, "type": "301", "sign_id": "sign_A_2"}, {"pic_id": "20597697010100001590", "x": 909, "y": 76, "w": 22, "h": 29, "type": "301", "sign_id": "sign_A_3"}, {"pic_id": "18558509082800000547", "x": 894, "y": 256, "w": 9, "h": 12, "type": "301", "sign_id": "sign_B_1"}, {"pic_id": "18558509082800000548", "x": 1017, "y": 190, "w": 14, "h": 18, "type": "301", "sign_id": "sign_B_2"}], "match": [{"sign_id": "sign_A_1", "match_sign_id": "sign_B_1"}, {"sign_id": "sign_A_1", "match_sign_id": "sign_B_2"}, {"sign_id": "sign_A_2", "match_sign_id": "sign_B_1"}, {"sign_id": "sign_A_2", "match_sign_id": "sign_B_2"}, {"sign_id": "sign_A_3", "match_sign_id": "sign_B_2"}, {"sign_id": "sign_A_3", "match_sign_id": "sign_B_1"}]}