{"group": [{"pic_list": ["19581477080500019616", "19581477080500019617", "19581477080500019618", "19581477080500019619", "19581477080500019620"], "seq_id": "A"}, {"pic_list": ["18558310081700023383", "18558310081700023384", "18558310081700023385", "18558310081700023386", "18558310081700023387", "18558310081700023388", "18558310081700023389"], "seq_id": "B"}], "signs": [{"pic_id": "19581477080500019616", "x": 1052, "y": 549, "w": 18, "h": 25, "type": "301", "sign_id": "sign_A_1"}, {"pic_id": "19581477080500019617", "x": 1189, "y": 447, "w": 26, "h": 34, "type": "301", "sign_id": "sign_A_2"}, {"pic_id": "19581477080500019618", "x": 1535, "y": 194, "w": 43, "h": 60, "type": "301", "sign_id": "sign_A_3"}, {"pic_id": "19581477080500019619", "x": 737, "y": 606, "w": 8, "h": 9, "type": "301", "sign_id": "sign_A_4"}, {"pic_id": "19581477080500019620", "x": 733, "y": 594, "w": 10, "h": 12, "type": "301", "sign_id": "sign_A_5"}, {"pic_id": "18558310081700023383", "x": 818, "y": 328, "w": 19, "h": 18, "type": "104", "sign_id": "sign_B_1"}, {"pic_id": "18558310081700023384", "x": 814, "y": 324, "w": 20, "h": 19, "type": "104", "sign_id": "sign_B_2"}, {"pic_id": "18558310081700023385", "x": 808, "y": 305, "w": 24, "h": 23, "type": "104", "sign_id": "sign_B_3"}, {"pic_id": "18558310081700023386", "x": 933, "y": 255, "w": 35, "h": 34, "type": "104", "sign_id": "sign_B_4"}, {"pic_id": "18558310081700023387", "x": 1105, "y": 189, "w": 54, "h": 52, "type": "104", "sign_id": "sign_B_5"}, {"pic_id": "18558310081700023389", "x": 622, "y": 300, "w": 6, "h": 8, "type": "301", "sign_id": "sign_B_6"}], "match": [{"sign_id": "sign_A_1", "match_sign_id": " "}, {"sign_id": "sign_A_2", "match_sign_id": "sign_B_6"}, {"sign_id": "sign_A_3", "match_sign_id": "sign_B_6"}, {"sign_id": "sign_A_4", "match_sign_id": "sign_B_6"}, {"sign_id": "sign_A_5", "match_sign_id": "sign_B_6"}]}