{"group": [{"pic_list": ["19564260010300004457", "19564260010300001933", "19564260010300001934"], "seq_id": "A"}, {"pic_list": ["18558314080900036526", "18558314080900036527"], "seq_id": "B"}], "signs": [{"pic_id": "19564260010300004457", "x": 964, "y": 232, "w": 41, "h": 38, "type": "106", "sign_id": "sign_A_1"}, {"pic_id": "19564260010300004457", "x": 868, "y": 153, "w": 17, "h": 23, "type": "301", "sign_id": "sign_A_2"}, {"pic_id": "19564260010300004457", "x": 211, "y": 301, "w": 14, "h": 18, "type": "301", "sign_id": "sign_A_3"}, {"pic_id": "19564260010300001933", "x": 1027, "y": 59, "w": 80, "h": 73, "type": "106", "sign_id": "sign_A_4"}, {"pic_id": "18558314080900036526", "x": 945, "y": 204, "w": 40, "h": 41, "type": "106", "sign_id": "sign_B_1"}, {"pic_id": "18558314080900036527", "x": 1214, "y": 101, "w": 62, "h": 64, "type": "106", "sign_id": "sign_B_2"}], "match": [{"sign_id": "sign_A_1", "match_sign_id": "sign_B_2"}, {"sign_id": "sign_A_1", "match_sign_id": "sign_B_1"}, {"sign_id": "sign_A_2", "match_sign_id": " "}, {"sign_id": "sign_A_3", "match_sign_id": " "}, {"sign_id": "sign_A_4", "match_sign_id": "sign_B_2"}, {"sign_id": "sign_A_4", "match_sign_id": "sign_B_1"}]}