{"group": [{"pic_list": ["19582105081300000715", "19582105081300000716", "19582105081300000717", "19582105081300000718", "19582105081300000719", "19582105081300000720", "19582105081300000721"], "seq_id": "A"}, {"pic_list": ["18558869110200048923", "18558869110200048924", "18558869110200048925", "18558869110200048926", "18558869110200048927", "18558869110200048928", "18558869110200048929", "18558869110200048930"], "seq_id": "B"}], "signs": [{"pic_id": "19582105081300000715", "x": 641, "y": 291, "w": 6, "h": 6, "type": "301", "sign_id": "sign_A_1"}, {"pic_id": "19582105081300000716", "x": 660, "y": 279, "w": 6, "h": 7, "type": "301", "sign_id": "sign_A_2"}, {"pic_id": "19582105081300000717", "x": 681, "y": 261, "w": 6, "h": 7, "type": "301", "sign_id": "sign_A_3"}, {"pic_id": "19582105081300000718", "x": 704, "y": 231, "w": 7, "h": 8, "type": "301", "sign_id": "sign_A_4"}, {"pic_id": "19582105081300000718", "x": 750, "y": 306, "w": 6, "h": 7, "type": "301", "sign_id": "sign_A_5"}, {"pic_id": "19582105081300000719", "x": 803, "y": 290, "w": 7, "h": 9, "type": "301", "sign_id": "sign_A_6"}, {"pic_id": "19582105081300000719", "x": 746, "y": 179, "w": 9, "h": 10, "type": "301", "sign_id": "sign_A_7"}, {"pic_id": "19582105081300000720", "x": 860, "y": 36, "w": 15, "h": 19, "type": "301", "sign_id": "sign_A_8"}, {"pic_id": "19582105081300000720", "x": 919, "y": 253, "w": 10, "h": 11, "type": "301", "sign_id": "sign_A_9"}, {"pic_id": "19582105081300000721", "x": 1201, "y": 147, "w": 18, "h": 19, "type": "301", "sign_id": "sign_A_10"}, {"pic_id": "18558869110200048923", "x": 634, "y": 314, "w": 6, "h": 7, "type": "301", "sign_id": "sign_B_1"}, {"pic_id": "18558869110200048924", "x": 662, "y": 306, "w": 6, "h": 6, "type": "301", "sign_id": "sign_B_2"}, {"pic_id": "18558869110200048926", "x": 687, "y": 283, "w": 6, "h": 8, "type": "301", "sign_id": "sign_B_3"}, {"pic_id": "18558869110200048927", "x": 712, "y": 252, "w": 7, "h": 8, "type": "301", "sign_id": "sign_B_4"}, {"pic_id": "18558869110200048928", "x": 792, "y": 196, "w": 10, "h": 12, "type": "301", "sign_id": "sign_B_5"}, {"pic_id": "18558869110200048929", "x": 842, "y": 144, "w": 12, "h": 15, "type": "301", "sign_id": "sign_B_6"}], "match": [{"sign_id": "sign_A_1", "match_sign_id": "sign_B_1"}, {"sign_id": "sign_A_1", "match_sign_id": "sign_B_2"}, {"sign_id": "sign_A_1", "match_sign_id": "sign_B_4"}, {"sign_id": "sign_A_1", "match_sign_id": "sign_B_5"}, {"sign_id": "sign_A_1", "match_sign_id": "sign_B_3"}, {"sign_id": "sign_A_1", "match_sign_id": "sign_B_6"}, {"sign_id": "sign_A_2", "match_sign_id": "sign_B_2"}, {"sign_id": "sign_A_2", "match_sign_id": "sign_B_1"}, {"sign_id": "sign_A_2", "match_sign_id": "sign_B_3"}, {"sign_id": "sign_A_2", "match_sign_id": "sign_B_4"}, {"sign_id": "sign_A_3", "match_sign_id": "sign_B_4"}, {"sign_id": "sign_A_3", "match_sign_id": "sign_B_5"}, {"sign_id": "sign_A_3", "match_sign_id": "sign_B_6"}, {"sign_id": "sign_A_3", "match_sign_id": "sign_B_3"}, {"sign_id": "sign_A_4", "match_sign_id": "sign_B_4"}, {"sign_id": "sign_A_4", "match_sign_id": "sign_B_3"}, {"sign_id": "sign_A_4", "match_sign_id": "sign_B_5"}, {"sign_id": "sign_A_4", "match_sign_id": "sign_B_6"}, {"sign_id": "sign_A_5", "match_sign_id": "sign_B_1"}, {"sign_id": "sign_A_5", "match_sign_id": "sign_B_2"}, {"sign_id": "sign_A_6", "match_sign_id": "sign_B_1"}, {"sign_id": "sign_A_6", "match_sign_id": "sign_B_2"}, {"sign_id": "sign_A_7", "match_sign_id": "sign_B_6"}, {"sign_id": "sign_A_7", "match_sign_id": "sign_B_5"}, {"sign_id": "sign_A_7", "match_sign_id": "sign_B_4"}, {"sign_id": "sign_A_7", "match_sign_id": "sign_B_3"}, {"sign_id": "sign_A_8", "match_sign_id": "sign_B_6"}, {"sign_id": "sign_A_8", "match_sign_id": "sign_B_5"}, {"sign_id": "sign_A_8", "match_sign_id": "sign_B_4"}, {"sign_id": "sign_A_9", "match_sign_id": "sign_B_3"}, {"sign_id": "sign_A_9", "match_sign_id": "sign_B_4"}, {"sign_id": "sign_A_10", "match_sign_id": "sign_B_3"}, {"sign_id": "sign_A_10", "match_sign_id": "sign_B_6"}, {"sign_id": "sign_A_10", "match_sign_id": "sign_B_5"}, {"sign_id": "sign_A_10", "match_sign_id": "sign_B_4"}, {"sign_id": "sign_A_3", "match_sign_id": "sign_B_1"}, {"sign_id": "sign_A_4", "match_sign_id": "sign_B_1"}, {"sign_id": "sign_A_7", "match_sign_id": "sign_B_1"}, {"sign_id": "sign_A_3", "match_sign_id": "sign_B_2"}, {"sign_id": "sign_A_7", "match_sign_id": "sign_B_2"}]}