{"group": [{"pic_list": ["19581460080500004648", "19581460080500004649", "19581460080500004650", "19581460080500004651", "19581460080500004652", "19581460080500005610"], "seq_id": "A"}, {"pic_list": ["18558342081500000107", "18558342081500000076", "18558342081500000077", "18558342081500000078", "18558342081500000079"], "seq_id": "B"}], "signs": [{"pic_id": "19581460080500004648", "x": 420, "y": 431, "w": 20, "h": 19, "type": "203", "sign_id": "sign_A_1"}, {"pic_id": "19581460080500004648", "x": 113, "y": 354, "w": 12, "h": 15, "type": "301", "sign_id": "sign_A_2"}, {"pic_id": "19581460080500004648", "x": 628, "y": 382, "w": 9, "h": 11, "type": "301", "sign_id": "sign_A_3"}, {"pic_id": "19581460080500004648", "x": 818, "y": 370, "w": 6, "h": 7, "type": "301", "sign_id": "sign_A_4"}, {"pic_id": "19581460080500004649", "x": 390, "y": 417, "w": 24, "h": 23, "type": "203", "sign_id": "sign_A_5"}, {"pic_id": "19581460080500004649", "x": 639, "y": 363, "w": 9, "h": 12, "type": "301", "sign_id": "sign_A_6"}, {"pic_id": "19581460080500004649", "x": 839, "y": 359, "w": 7, "h": 7, "type": "301", "sign_id": "sign_A_7"}, {"pic_id": "19581460080500004650", "x": 322, "y": 395, "w": 30, "h": 30, "type": "203", "sign_id": "sign_A_8"}, {"pic_id": "19581460080500004650", "x": 638, "y": 332, "w": 11, "h": 14, "type": "301", "sign_id": "sign_A_9"}, {"pic_id": "19581460080500004650", "x": 549, "y": 389, "w": 8, "h": 8, "type": "301", "sign_id": "sign_A_10"}, {"pic_id": "19581460080500004650", "x": 750, "y": 408, "w": 7, "h": 8, "type": "301", "sign_id": "sign_A_11"}, {"pic_id": "19581460080500004651", "x": 219, "y": 363, "w": 40, "h": 39, "type": "203", "sign_id": "sign_A_12"}, {"pic_id": "19581460080500004651", "x": 641, "y": 285, "w": 14, "h": 18, "type": "301", "sign_id": "sign_A_13"}, {"pic_id": "19581460080500004651", "x": 529, "y": 369, "w": 9, "h": 10, "type": "301", "sign_id": "sign_A_14"}, {"pic_id": "19581460080500004652", "x": 1184, "y": 392, "w": 19, "h": 25, "type": "106", "sign_id": "sign_A_15"}, {"pic_id": "19581460080500004652", "x": 24, "y": 300, "w": 70, "h": 61, "type": "203", "sign_id": "sign_A_16"}, {"pic_id": "19581460080500004652", "x": 688, "y": 196, "w": 18, "h": 24, "type": "301", "sign_id": "sign_A_17"}, {"pic_id": "19581460080500004652", "x": 527, "y": 342, "w": 10, "h": 12, "type": "301", "sign_id": "sign_A_18"}, {"pic_id": "19581460080500005610", "x": 536, "y": 298, "w": 12, "h": 14, "type": "301", "sign_id": "sign_A_19"}, {"pic_id": "19581460080500005610", "x": 813, "y": 364, "w": 7, "h": 9, "type": "301", "sign_id": "sign_A_20"}, {"pic_id": "18558342081500000107", "x": 140, "y": 263, "w": 10, "h": 13, "type": "301", "sign_id": "sign_B_1"}, {"pic_id": "18558342081500000107", "x": 612, "y": 304, "w": 7, "h": 10, "type": "301", "sign_id": "sign_B_2"}, {"pic_id": "18558342081500000107", "x": 547, "y": 331, "w": 6, "h": 7, "type": "301", "sign_id": "sign_B_3"}, {"pic_id": "18558342081500000107", "x": 776, "y": 296, "w": 6, "h": 6, "type": "301", "sign_id": "sign_B_4"}, {"pic_id": "18558342081500000076", "x": 21, "y": 221, "w": 14, "h": 18, "type": "301", "sign_id": "sign_B_5"}, {"pic_id": "18558342081500000076", "x": 556, "y": 320, "w": 7, "h": 8, "type": "301", "sign_id": "sign_B_6"}, {"pic_id": "18558342081500000076", "x": 635, "y": 285, "w": 9, "h": 10, "type": "301", "sign_id": "sign_B_7"}, {"pic_id": "18558342081500000076", "x": 809, "y": 283, "w": 6, "h": 7, "type": "301", "sign_id": "sign_B_8"}, {"pic_id": "18558342081500000077", "x": 662, "y": 251, "w": 10, "h": 13, "type": "301", "sign_id": "sign_B_9"}, {"pic_id": "18558342081500000077", "x": 560, "y": 300, "w": 7, "h": 8, "type": "301", "sign_id": "sign_B_10"}, {"pic_id": "18558342081500000078", "x": 691, "y": 207, "w": 13, "h": 18, "type": "301", "sign_id": "sign_B_11"}, {"pic_id": "18558342081500000078", "x": 550, "y": 282, "w": 8, "h": 9, "type": "301", "sign_id": "sign_B_12"}, {"pic_id": "18558342081500000079", "x": 1111, "y": 325, "w": 18, "h": 21, "type": "106", "sign_id": "sign_B_13"}, {"pic_id": "18558342081500000079", "x": 712, "y": 126, "w": 18, "h": 24, "type": "301", "sign_id": "sign_B_14"}, {"pic_id": "18558342081500000079", "x": 509, "y": 254, "w": 10, "h": 12, "type": "301", "sign_id": "sign_B_15"}, {"pic_id": "18558342081500000079", "x": 728, "y": 300, "w": 6, "h": 7, "type": "301", "sign_id": "sign_B_16"}], "match": [{"sign_id": "sign_A_2", "match_sign_id": "sign_B_1"}, {"sign_id": "sign_A_2", "match_sign_id": "sign_B_5"}, {"sign_id": "sign_A_2", "match_sign_id": "sign_B_10"}, {"sign_id": "sign_A_2", "match_sign_id": "sign_B_12"}, {"sign_id": "sign_A_3", "match_sign_id": "sign_B_2"}, {"sign_id": "sign_A_3", "match_sign_id": "sign_B_10"}, {"sign_id": "sign_A_3", "match_sign_id": "sign_B_12"}, {"sign_id": "sign_A_4", "match_sign_id": "sign_B_4"}, {"sign_id": "sign_A_4", "match_sign_id": "sign_B_8"}, {"sign_id": "sign_A_4", "match_sign_id": "sign_B_16"}, {"sign_id": "sign_A_6", "match_sign_id": "sign_B_2"}, {"sign_id": "sign_A_6", "match_sign_id": "sign_B_1"}, {"sign_id": "sign_A_6", "match_sign_id": "sign_B_5"}, {"sign_id": "sign_A_6", "match_sign_id": "sign_B_10"}, {"sign_id": "sign_A_6", "match_sign_id": "sign_B_12"}, {"sign_id": "sign_A_7", "match_sign_id": "sign_B_4"}, {"sign_id": "sign_A_7", "match_sign_id": "sign_B_8"}, {"sign_id": "sign_A_7", "match_sign_id": "sign_B_16"}, {"sign_id": "sign_A_7", "match_sign_id": "sign_B_10"}, {"sign_id": "sign_A_7", "match_sign_id": "sign_B_12"}, {"sign_id": "sign_A_8", "match_sign_id": " "}, {"sign_id": "sign_A_9", "match_sign_id": "sign_B_11"}, {"sign_id": "sign_A_9", "match_sign_id": "sign_B_14"}, {"sign_id": "sign_A_9", "match_sign_id": "sign_B_7"}, {"sign_id": "sign_A_9", "match_sign_id": "sign_B_9"}, {"sign_id": "sign_A_10", "match_sign_id": "sign_B_12"}, {"sign_id": "sign_A_10", "match_sign_id": "sign_B_6"}, {"sign_id": "sign_A_10", "match_sign_id": "sign_B_15"}, {"sign_id": "sign_A_10", "match_sign_id": "sign_B_10"}, {"sign_id": "sign_A_10", "match_sign_id": "sign_B_1"}, {"sign_id": "sign_A_11", "match_sign_id": "sign_B_16"}, {"sign_id": "sign_A_11", "match_sign_id": "sign_B_2"}, {"sign_id": "sign_A_13", "match_sign_id": "sign_B_11"}, {"sign_id": "sign_A_13", "match_sign_id": "sign_B_14"}, {"sign_id": "sign_A_13", "match_sign_id": "sign_B_9"}, {"sign_id": "sign_A_14", "match_sign_id": "sign_B_15"}, {"sign_id": "sign_A_14", "match_sign_id": "sign_B_7"}, {"sign_id": "sign_A_14", "match_sign_id": "sign_B_12"}, {"sign_id": "sign_A_14", "match_sign_id": "sign_B_10"}, {"sign_id": "sign_A_14", "match_sign_id": "sign_B_9"}, {"sign_id": "sign_A_15", "match_sign_id": "sign_B_13"}, {"sign_id": "sign_A_17", "match_sign_id": "sign_B_14"}, {"sign_id": "sign_A_17", "match_sign_id": "sign_B_11"}, {"sign_id": "sign_A_17", "match_sign_id": "sign_B_9"}, {"sign_id": "sign_A_18", "match_sign_id": "sign_B_7"}, {"sign_id": "sign_A_18", "match_sign_id": "sign_B_9"}, {"sign_id": "sign_A_18", "match_sign_id": "sign_B_15"}, {"sign_id": "sign_A_19", "match_sign_id": "sign_B_7"}, {"sign_id": "sign_A_19", "match_sign_id": "sign_B_11"}, {"sign_id": "sign_A_19", "match_sign_id": "sign_B_14"}, {"sign_id": "sign_A_19", "match_sign_id": "sign_B_9"}, {"sign_id": "sign_A_20", "match_sign_id": "sign_B_16"}, {"sign_id": "sign_A_20", "match_sign_id": "sign_B_6"}, {"sign_id": "sign_A_20", "match_sign_id": "sign_B_2"}, {"sign_id": "sign_A_20", "match_sign_id": "sign_B_3"}, {"sign_id": "sign_A_20", "match_sign_id": "sign_B_10"}, {"sign_id": "sign_A_3", "match_sign_id": "sign_B_16"}]}