{"group": [{"pic_list": ["19596059122300000131", "19596059122300000132", "19596059122300000133"], "seq_id": "A"}, {"pic_list": ["18558584083100024439", "18558584083100024440"], "seq_id": "B"}], "signs": [{"pic_id": "19596059122300000131", "x": 964, "y": 273, "w": 19, "h": 25, "type": "301", "sign_id": "sign_A_1"}, {"pic_id": "19596059122300000133", "x": 1108, "y": 321, "w": 67, "h": 61, "type": "106", "sign_id": "sign_A_2"}, {"pic_id": "18558584083100024439", "x": 801, "y": 265, "w": 22, "h": 21, "type": "106", "sign_id": "sign_B_1"}, {"pic_id": "18558584083100024440", "x": 1173, "y": 151, "w": 72, "h": 63, "type": "106", "sign_id": "sign_B_2"}], "match": [{"sign_id": "sign_A_1", "match_sign_id": " "}, {"sign_id": "sign_A_2", "match_sign_id": "sign_B_2"}, {"sign_id": "sign_A_2", "match_sign_id": "sign_B_1"}]}