{"group": [{"pic_list": ["19582690082200016696", "19582690082200016697", "19582690082200016698", "19582690082200016699", "19582690082200016700", "19582690082200016701", "19582690082200016702"], "seq_id": "A"}, {"pic_list": ["18558423081700026423", "18558423081700026424", "18558423081700026425", "18558423081700026426", "18558423081700026427", "18558423081700026428", "18558423081700026429", "18558423081700026430", "18558423081700026431"], "seq_id": "B"}], "signs": [{"pic_id": "19582690082200016696", "x": 857, "y": 325, "w": 29, "h": 27, "type": "104", "sign_id": "sign_A_1"}, {"pic_id": "19582690082200016697", "x": 928, "y": 286, "w": 42, "h": 40, "type": "104", "sign_id": "sign_A_2"}, {"pic_id": "19582690082200016697", "x": 703, "y": 379, "w": 5, "h": 6, "type": "301", "sign_id": "sign_A_3"}, {"pic_id": "19582690082200016698", "x": 1126, "y": 181, "w": 76, "h": 68, "type": "104", "sign_id": "sign_A_4"}, {"pic_id": "19582690082200016699", "x": 1130, "y": 329, "w": 7, "h": 9, "type": "301", "sign_id": "sign_A_5"}, {"pic_id": "19582690082200016699", "x": 705, "y": 371, "w": 5, "h": 6, "type": "301", "sign_id": "sign_A_6"}, {"pic_id": "19582690082200016700", "x": 1238, "y": 308, "w": 9, "h": 11, "type": "301", "sign_id": "sign_A_7"}, {"pic_id": "19582690082200016700", "x": 708, "y": 365, "w": 6, "h": 7, "type": "301", "sign_id": "sign_A_8"}, {"pic_id": "19582690082200016701", "x": 726, "y": 360, "w": 7, "h": 7, "type": "301", "sign_id": "sign_A_9"}, {"pic_id": "19582690082200016702", "x": 745, "y": 351, "w": 7, "h": 8, "type": "301", "sign_id": "sign_A_10"}, {"pic_id": "18558423081700026423", "x": 817, "y": 262, "w": 97, "h": 90, "type": "104", "sign_id": "sign_B_1"}], "match": [{"sign_id": "sign_A_1", "match_sign_id": "sign_B_1"}, {"sign_id": "sign_A_2", "match_sign_id": "sign_B_1"}, {"sign_id": "sign_A_3", "match_sign_id": " "}, {"sign_id": "sign_A_4", "match_sign_id": "sign_B_1"}, {"sign_id": "sign_A_5", "match_sign_id": " "}, {"sign_id": "sign_A_6", "match_sign_id": " "}, {"sign_id": "sign_A_7", "match_sign_id": " "}, {"sign_id": "sign_A_8", "match_sign_id": " "}, {"sign_id": "sign_A_9", "match_sign_id": " "}, {"sign_id": "sign_A_10", "match_sign_id": " "}]}