{"group": [{"pic_list": ["19581720080800011302", "19581720080800011052", "19581720080800011053", "19581720080800011054", "19581720080800011055", "19581720080800011056"], "seq_id": "A"}, {"pic_list": ["18558543083100045533", "18558543083100045534", "18558543083100045535", "18558543083100045536", "18558543083100045537", "18558543083100045538", "18558543083100045539"], "seq_id": "B"}], "signs": [{"pic_id": "19581720080800011054", "x": 500, "y": 347, "w": 9, "h": 12, "type": "301", "sign_id": "sign_A_1"}, {"pic_id": "19581720080800011055", "x": 413, "y": 237, "w": 16, "h": 21, "type": "301", "sign_id": "sign_A_2"}, {"pic_id": "18558543083100045536", "x": 586, "y": 194, "w": 8, "h": 11, "type": "301", "sign_id": "sign_B_1"}, {"pic_id": "18558543083100045537", "x": 544, "y": 131, "w": 11, "h": 16, "type": "301", "sign_id": "sign_B_2"}, {"pic_id": "18558543083100045537", "x": 480, "y": 228, "w": 6, "h": 8, "type": "301", "sign_id": "sign_B_3"}], "match": [{"sign_id": "sign_A_1", "match_sign_id": "sign_B_1"}, {"sign_id": "sign_A_1", "match_sign_id": "sign_B_3"}, {"sign_id": "sign_A_1", "match_sign_id": "sign_B_2"}, {"sign_id": "sign_A_2", "match_sign_id": "sign_B_2"}, {"sign_id": "sign_A_2", "match_sign_id": "sign_B_3"}, {"sign_id": "sign_A_2", "match_sign_id": "sign_B_1"}]}