{"group": [{"pic_list": ["19595261121900003727", "19595261121900003145", "19595261121900003146"], "seq_id": "A"}, {"pic_list": ["18558543083100016221", "18558543083100016222", "18558543083100016223"], "seq_id": "B"}], "signs": [{"pic_id": "19595261121900003727", "x": 902, "y": 343, "w": 9, "h": 11, "type": "301", "sign_id": "sign_A_1"}, {"pic_id": "19595261121900003145", "x": 981, "y": 300, "w": 12, "h": 15, "type": "301", "sign_id": "sign_A_2"}, {"pic_id": "19595261121900003146", "x": 1139, "y": 242, "w": 17, "h": 22, "type": "301", "sign_id": "sign_A_3"}, {"pic_id": "18558543083100016221", "x": 1083, "y": 195, "w": 13, "h": 14, "type": "301", "sign_id": "sign_B_1"}, {"pic_id": "18558543083100016222", "x": 1266, "y": 153, "w": 13, "h": 18, "type": "301", "sign_id": "sign_B_2"}], "match": [{"sign_id": "sign_A_1", "match_sign_id": "sign_B_1"}, {"sign_id": "sign_A_1", "match_sign_id": "sign_B_2"}, {"sign_id": "sign_A_2", "match_sign_id": "sign_B_1"}, {"sign_id": "sign_A_2", "match_sign_id": "sign_B_2"}, {"sign_id": "sign_A_3", "match_sign_id": "sign_B_1"}, {"sign_id": "sign_A_3", "match_sign_id": "sign_B_2"}]}