{"group": [{"pic_list": ["19582690082200012537", "19582690082200012538", "19582690082200012539", "19582690082200012540", "19582690082200012541", "19582690082200012542", "19582690082200012543"], "seq_id": "A"}, {"pic_list": ["18558423081700032301", "18558423081700032302", "18558423081700032303", "18558423081700032304", "18558423081700032305", "18558423081700032306", "18558423081700032307", "18558423081700032308", "18558423081700032309"], "seq_id": "B"}], "signs": [{"pic_id": "19582690082200012542", "x": 839, "y": 297, "w": 11, "h": 12, "type": "301", "sign_id": "sign_A_1"}, {"pic_id": "19582690082200012543", "x": 905, "y": 243, "w": 17, "h": 21, "type": "301", "sign_id": "sign_A_2"}, {"pic_id": "18558423081700032304", "x": 655, "y": 393, "w": 8, "h": 9, "type": "301", "sign_id": "sign_B_1"}, {"pic_id": "18558423081700032305", "x": 677, "y": 375, "w": 10, "h": 12, "type": "301", "sign_id": "sign_B_2"}, {"pic_id": "18558423081700032305", "x": 746, "y": 366, "w": 11, "h": 14, "type": "301", "sign_id": "sign_B_3"}, {"pic_id": "18558423081700032306", "x": 724, "y": 353, "w": 12, "h": 15, "type": "301", "sign_id": "sign_B_4"}, {"pic_id": "18558423081700032307", "x": 812, "y": 317, "w": 15, "h": 19, "type": "301", "sign_id": "sign_B_5"}, {"pic_id": "18558423081700032307", "x": 977, "y": 278, "w": 19, "h": 25, "type": "301", "sign_id": "sign_B_6"}, {"pic_id": "18558423081700032308", "x": 961, "y": 249, "w": 21, "h": 27, "type": "301", "sign_id": "sign_B_7"}], "match": [{"sign_id": "sign_A_1", "match_sign_id": "sign_B_4"}, {"sign_id": "sign_A_1", "match_sign_id": "sign_B_7"}, {"sign_id": "sign_A_1", "match_sign_id": "sign_B_2"}, {"sign_id": "sign_A_1", "match_sign_id": "sign_B_1"}, {"sign_id": "sign_A_1", "match_sign_id": "sign_B_5"}, {"sign_id": "sign_A_1", "match_sign_id": "sign_B_6"}, {"sign_id": "sign_A_2", "match_sign_id": "sign_B_7"}, {"sign_id": "sign_A_2", "match_sign_id": "sign_B_5"}, {"sign_id": "sign_A_2", "match_sign_id": "sign_B_4"}, {"sign_id": "sign_A_2", "match_sign_id": "sign_B_2"}, {"sign_id": "sign_A_2", "match_sign_id": "sign_B_1"}]}