{"group": [{"pic_list": ["19595036121800001959", "19595036121800001588", "19595036121800001589", "19595036121800001590", "19595036121800001591", "19595036121800001592", "19595036121800001593"], "seq_id": "A"}, {"pic_list": ["18559449102900038894", "18559449102900038895", "18559449102900038896", "18559449102900038897", "18559449102900038898", "18559449102900038899"], "seq_id": "B"}], "signs": [{"pic_id": "19595036121800001959", "x": 508, "y": 427, "w": 7, "h": 9, "type": "301", "sign_id": "sign_A_1"}, {"pic_id": "19595036121800001588", "x": 505, "y": 421, "w": 7, "h": 9, "type": "301", "sign_id": "sign_A_2"}, {"pic_id": "19595036121800001589", "x": 499, "y": 413, "w": 8, "h": 10, "type": "301", "sign_id": "sign_A_3"}, {"pic_id": "19595036121800001590", "x": 862, "y": 444, "w": 27, "h": 27, "type": "104", "sign_id": "sign_A_4"}, {"pic_id": "19595036121800001590", "x": 483, "y": 403, "w": 8, "h": 11, "type": "301", "sign_id": "sign_A_5"}, {"pic_id": "19595036121800001591", "x": 914, "y": 428, "w": 35, "h": 35, "type": "104", "sign_id": "sign_A_6"}, {"pic_id": "19595036121800001591", "x": 981, "y": 225, "w": 20, "h": 26, "type": "301", "sign_id": "sign_A_7"}, {"pic_id": "19595036121800001591", "x": 459, "y": 388, "w": 11, "h": 13, "type": "301", "sign_id": "sign_A_8"}, {"pic_id": "19595036121800001592", "x": 1009, "y": 403, "w": 47, "h": 45, "type": "104", "sign_id": "sign_A_9"}, {"pic_id": "19595036121800001592", "x": 1210, "y": 55, "w": 34, "h": 40, "type": "301", "sign_id": "sign_A_10"}, {"pic_id": "19595036121800001592", "x": 437, "y": 366, "w": 11, "h": 14, "type": "301", "sign_id": "sign_A_11"}, {"pic_id": "19595036121800001593", "x": 291, "y": 281, "w": 17, "h": 22, "type": "301", "sign_id": "sign_A_12"}, {"pic_id": "18559449102900038894", "x": 505, "y": 370, "w": 7, "h": 10, "type": "301", "sign_id": "sign_B_1"}, {"pic_id": "18559449102900038895", "x": 472, "y": 354, "w": 8, "h": 10, "type": "301", "sign_id": "sign_B_2"}, {"pic_id": "18559449102900038896", "x": 413, "y": 335, "w": 9, "h": 12, "type": "301", "sign_id": "sign_B_3"}, {"pic_id": "18559449102900038897", "x": 848, "y": 338, "w": 45, "h": 48, "type": "104", "sign_id": "sign_B_4"}, {"pic_id": "18559449102900038897", "x": 312, "y": 306, "w": 11, "h": 15, "type": "301", "sign_id": "sign_B_5"}, {"pic_id": "18559449102900038898", "x": 802, "y": 294, "w": 65, "h": 66, "type": "104", "sign_id": "sign_B_6"}, {"pic_id": "18559449102900038898", "x": 98, "y": 265, "w": 15, "h": 19, "type": "301", "sign_id": "sign_B_7"}], "match": [{"sign_id": "sign_A_1", "match_sign_id": "sign_B_2"}, {"sign_id": "sign_A_1", "match_sign_id": "sign_B_1"}, {"sign_id": "sign_A_1", "match_sign_id": "sign_B_3"}, {"sign_id": "sign_A_1", "match_sign_id": "sign_B_5"}, {"sign_id": "sign_A_2", "match_sign_id": "sign_B_2"}, {"sign_id": "sign_A_2", "match_sign_id": "sign_B_1"}, {"sign_id": "sign_A_2", "match_sign_id": "sign_B_3"}, {"sign_id": "sign_A_2", "match_sign_id": "sign_B_5"}, {"sign_id": "sign_A_2", "match_sign_id": "sign_B_7"}, {"sign_id": "sign_A_3", "match_sign_id": "sign_B_1"}, {"sign_id": "sign_A_3", "match_sign_id": "sign_B_2"}, {"sign_id": "sign_A_3", "match_sign_id": "sign_B_3"}, {"sign_id": "sign_A_4", "match_sign_id": "sign_B_6"}, {"sign_id": "sign_A_4", "match_sign_id": "sign_B_4"}, {"sign_id": "sign_A_5", "match_sign_id": "sign_B_1"}, {"sign_id": "sign_A_5", "match_sign_id": "sign_B_2"}, {"sign_id": "sign_A_5", "match_sign_id": "sign_B_5"}, {"sign_id": "sign_A_5", "match_sign_id": "sign_B_3"}, {"sign_id": "sign_A_6", "match_sign_id": "sign_B_6"}, {"sign_id": "sign_A_6", "match_sign_id": "sign_B_4"}, {"sign_id": "sign_A_8", "match_sign_id": "sign_B_1"}, {"sign_id": "sign_A_8", "match_sign_id": "sign_B_2"}, {"sign_id": "sign_A_8", "match_sign_id": "sign_B_5"}, {"sign_id": "sign_A_8", "match_sign_id": "sign_B_3"}, {"sign_id": "sign_A_9", "match_sign_id": "sign_B_6"}, {"sign_id": "sign_A_9", "match_sign_id": "sign_B_4"}, {"sign_id": "sign_A_11", "match_sign_id": "sign_B_2"}, {"sign_id": "sign_A_11", "match_sign_id": "sign_B_1"}, {"sign_id": "sign_A_11", "match_sign_id": "sign_B_5"}, {"sign_id": "sign_A_11", "match_sign_id": "sign_B_3"}, {"sign_id": "sign_A_12", "match_sign_id": "sign_B_7"}, {"sign_id": "sign_A_12", "match_sign_id": "sign_B_5"}, {"sign_id": "sign_A_12", "match_sign_id": "sign_B_3"}, {"sign_id": "sign_A_12", "match_sign_id": "sign_B_2"}, {"sign_id": "sign_A_11", "match_sign_id": "sign_B_7"}, {"sign_id": "sign_A_3", "match_sign_id": "sign_B_7"}, {"sign_id": "sign_A_1", "match_sign_id": "sign_B_7"}, {"sign_id": "sign_A_10", "match_sign_id": "sign_B_7"}]}