{"group": [{"pic_list": ["19581544080600008226", "19581544080600008227", "19581544080600008228", "19581544080600008229", "19581544080600008230", "19581544080600008231"], "seq_id": "A"}, {"pic_list": ["18558024072600006747", "18558024072600006748", "18558024072600006749", "18558024072600006750", "18558024072600006751", "18558024072600006752", "18558024072600006753", "18558024072600006068", "18558024072600006069", "18558024072600006685"], "seq_id": "B"}], "signs": [{"pic_id": "19581544080600008226", "x": 757, "y": 274, "w": 14, "h": 19, "type": "301", "sign_id": "sign_A_1"}, {"pic_id": "19581544080600008226", "x": 177, "y": 434, "w": 8, "h": 8, "type": "301", "sign_id": "sign_A_2"}, {"pic_id": "19581544080600008227", "x": 846, "y": 169, "w": 20, "h": 28, "type": "301", "sign_id": "sign_A_3"}, {"pic_id": "18558024072600006747", "x": 769, "y": 310, "w": 8, "h": 10, "type": "301", "sign_id": "sign_B_1"}, {"pic_id": "18558024072600006748", "x": 747, "y": 286, "w": 9, "h": 12, "type": "301", "sign_id": "sign_B_2"}, {"pic_id": "18558024072600006749", "x": 739, "y": 259, "w": 11, "h": 15, "type": "301", "sign_id": "sign_B_3"}, {"pic_id": "18558024072600006750", "x": 715, "y": 221, "w": 14, "h": 19, "type": "301", "sign_id": "sign_B_4"}, {"pic_id": "18558024072600006751", "x": 709, "y": 138, "w": 19, "h": 27, "type": "301", "sign_id": "sign_B_5"}, {"pic_id": "18558024072600006752", "x": 773, "y": 348, "w": 12, "h": 12, "type": "103", "sign_id": "sign_B_6"}, {"pic_id": "18558024072600006068", "x": 695, "y": 358, "w": 17, "h": 17, "type": "105", "sign_id": "sign_B_7"}, {"pic_id": "18558024072600006069", "x": 591, "y": 357, "w": 19, "h": 20, "type": "105", "sign_id": "sign_B_8"}, {"pic_id": "18558024072600006685", "x": 538, "y": 318, "w": 22, "h": 23, "type": "105", "sign_id": "sign_B_9"}], "match": [{"sign_id": "sign_A_1", "match_sign_id": "sign_B_5"}, {"sign_id": "sign_A_1", "match_sign_id": "sign_B_3"}, {"sign_id": "sign_A_1", "match_sign_id": "sign_B_4"}, {"sign_id": "sign_A_1", "match_sign_id": "sign_B_2"}, {"sign_id": "sign_A_1", "match_sign_id": "sign_B_1"}, {"sign_id": "sign_A_3", "match_sign_id": "sign_B_5"}, {"sign_id": "sign_A_3", "match_sign_id": "sign_B_4"}, {"sign_id": "sign_A_3", "match_sign_id": "sign_B_3"}, {"sign_id": "sign_A_3", "match_sign_id": "sign_B_2"}, {"sign_id": "sign_A_3", "match_sign_id": "sign_B_1"}]}