{"group": [{"pic_list": ["19596830122700007118", "19596830122700007119", "19596830122700007120"], "seq_id": "A"}, {"pic_list": ["18558339081400002341", "18558339081400002342", "18558339081400002343"], "seq_id": "B"}], "signs": [{"pic_id": "19596830122700007118", "x": 611, "y": 412, "w": 8, "h": 9, "type": "301", "sign_id": "sign_A_1"}, {"pic_id": "19596830122700007119", "x": 488, "y": 399, "w": 9, "h": 11, "type": "301", "sign_id": "sign_A_2"}, {"pic_id": "19596830122700007120", "x": 1049, "y": 420, "w": 12, "h": 16, "type": "301", "sign_id": "sign_A_3"}, {"pic_id": "19596830122700007120", "x": 318, "y": 382, "w": 13, "h": 15, "type": "301", "sign_id": "sign_A_4"}, {"pic_id": "18558339081400002341", "x": 426, "y": 337, "w": 7, "h": 9, "type": "301", "sign_id": "sign_B_1"}, {"pic_id": "18558339081400002342", "x": 366, "y": 306, "w": 8, "h": 10, "type": "301", "sign_id": "sign_B_2"}, {"pic_id": "18558339081400002343", "x": 943, "y": 369, "w": 12, "h": 16, "type": "301", "sign_id": "sign_B_3"}, {"pic_id": "18558339081400002343", "x": 251, "y": 250, "w": 12, "h": 15, "type": "301", "sign_id": "sign_B_4"}], "match": [{"sign_id": "sign_A_1", "match_sign_id": "sign_B_4"}, {"sign_id": "sign_A_2", "match_sign_id": "sign_B_4"}, {"sign_id": "sign_A_3", "match_sign_id": "sign_B_4"}, {"sign_id": "sign_A_3", "match_sign_id": "sign_B_3"}, {"sign_id": "sign_A_3", "match_sign_id": "sign_B_1"}, {"sign_id": "sign_A_3", "match_sign_id": "sign_B_2"}, {"sign_id": "sign_A_4", "match_sign_id": "sign_B_4"}]}