{"group": [{"pic_list": ["19579582070800010902", "19579582070800010903", "19579582070800010904"], "seq_id": "A"}, {"pic_list": ["18558482082800000025", "18558482082800000026"], "seq_id": "B"}], "signs": [{"pic_id": "19579582070800010902", "x": 779, "y": 221, "w": 11, "h": 15, "type": "301", "sign_id": "sign_A_1"}, {"pic_id": "19579582070800010902", "x": 1197, "y": 216, "w": 11, "h": 14, "type": "301", "sign_id": "sign_A_2"}, {"pic_id": "19579582070800010903", "x": 590, "y": 303, "w": 18, "h": 17, "type": "106", "sign_id": "sign_A_3"}, {"pic_id": "19579582070800010903", "x": 914, "y": 170, "w": 14, "h": 19, "type": "301", "sign_id": "sign_A_4"}, {"pic_id": "19579582070800010904", "x": 623, "y": 291, "w": 21, "h": 20, "type": "106", "sign_id": "sign_A_5"}, {"pic_id": "19579582070800010904", "x": 1153, "y": 67, "w": 23, "h": 29, "type": "301", "sign_id": "sign_A_6"}, {"pic_id": "18558482082800000025", "x": 1006, "y": 231, "w": 12, "h": 16, "type": "301", "sign_id": "sign_B_1"}, {"pic_id": "18558482082800000026", "x": 770, "y": 306, "w": 19, "h": 20, "type": "106", "sign_id": "sign_B_2"}, {"pic_id": "18558482082800000026", "x": 1242, "y": 148, "w": 17, "h": 22, "type": "301", "sign_id": "sign_B_3"}, {"pic_id": "18558482082800000026", "x": 320, "y": 296, "w": 7, "h": 9, "type": "301", "sign_id": "sign_B_4"}], "match": [{"sign_id": "sign_A_1", "match_sign_id": "sign_B_1"}, {"sign_id": "sign_A_1", "match_sign_id": "sign_B_3"}, {"sign_id": "sign_A_2", "match_sign_id": "sign_B_1"}, {"sign_id": "sign_A_2", "match_sign_id": "sign_B_3"}, {"sign_id": "sign_A_3", "match_sign_id": "sign_B_2"}, {"sign_id": "sign_A_4", "match_sign_id": "sign_B_1"}, {"sign_id": "sign_A_4", "match_sign_id": "sign_B_3"}, {"sign_id": "sign_A_5", "match_sign_id": "sign_B_2"}, {"sign_id": "sign_A_6", "match_sign_id": "sign_B_1"}, {"sign_id": "sign_A_6", "match_sign_id": "sign_B_3"}]}