{"group": [{"pic_list": ["19595380122000000464", "19595380122000000465", "19595380122000000466", "19595380122000000467"], "seq_id": "A"}, {"pic_list": ["18558321081400010748", "18558321081400010749", "18558321081400010750", "18558321081400010751", "18558321081400010752"], "seq_id": "B"}], "signs": [{"pic_id": "19595380122000000464", "x": 736, "y": 299, "w": 9, "h": 10, "type": "301", "sign_id": "sign_A_1"}, {"pic_id": "19595380122000000465", "x": 817, "y": 248, "w": 12, "h": 14, "type": "301", "sign_id": "sign_A_2"}, {"pic_id": "19595380122000000466", "x": 989, "y": 142, "w": 17, "h": 22, "type": "301", "sign_id": "sign_A_3"}, {"pic_id": "19595380122000000467", "x": 696, "y": 394, "w": 11, "h": 11, "type": "104", "sign_id": "sign_A_4"}], "match": [{"sign_id": "sign_A_1", "match_sign_id": " "}, {"sign_id": "sign_A_2", "match_sign_id": " "}, {"sign_id": "sign_A_3", "match_sign_id": " "}, {"sign_id": "sign_A_4", "match_sign_id": " "}]}