{"group": [{"pic_list": ["19578111061800002081", "19578111061800002155", "19578111061800002156", "19578111061800002157", "19578111061800002158", "19578111061800002159"], "seq_id": "A"}, {"pic_list": ["18558275080800024183", "18558275080800024184", "18558275080800024185", "18558275080800024186", "18558275080800024187"], "seq_id": "B"}], "signs": [{"pic_id": "19578111061800002081", "x": 522, "y": 318, "w": 7, "h": 9, "type": "301", "sign_id": "sign_A_1"}, {"pic_id": "19578111061800002081", "x": 247, "y": 323, "w": 6, "h": 7, "type": "301", "sign_id": "sign_A_2"}, {"pic_id": "19578111061800002155", "x": 509, "y": 297, "w": 8, "h": 9, "type": "301", "sign_id": "sign_A_3"}, {"pic_id": "19578111061800002155", "x": 202, "y": 307, "w": 7, "h": 8, "type": "301", "sign_id": "sign_A_4"}, {"pic_id": "19578111061800002156", "x": 508, "y": 292, "w": 8, "h": 10, "type": "301", "sign_id": "sign_A_5"}, {"pic_id": "19578111061800002156", "x": 165, "y": 303, "w": 7, "h": 9, "type": "301", "sign_id": "sign_A_6"}, {"pic_id": "19578111061800002157", "x": 510, "y": 277, "w": 9, "h": 11, "type": "301", "sign_id": "sign_A_7"}, {"pic_id": "19578111061800002157", "x": 116, "y": 291, "w": 8, "h": 10, "type": "301", "sign_id": "sign_A_8"}, {"pic_id": "19578111061800002158", "x": 518, "y": 238, "w": 10, "h": 13, "type": "301", "sign_id": "sign_A_9"}, {"pic_id": "19578111061800002158", "x": 53, "y": 261, "w": 10, "h": 11, "type": "301", "sign_id": "sign_A_10"}, {"pic_id": "19578111061800002158", "x": 473, "y": 312, "w": 5, "h": 6, "type": "301", "sign_id": "sign_A_11"}, {"pic_id": "19578111061800002158", "x": 904, "y": 313, "w": 8, "h": 11, "type": "301", "sign_id": "sign_A_12"}, {"pic_id": "19578111061800002159", "x": 594, "y": 283, "w": 25, "h": 29, "type": "105", "sign_id": "sign_A_13"}, {"pic_id": "19578111061800002159", "x": 561, "y": 188, "w": 12, "h": 17, "type": "301", "sign_id": "sign_A_14"}, {"pic_id": "19578111061800002159", "x": 1077, "y": 284, "w": 12, "h": 15, "type": "301", "sign_id": "sign_A_15"}, {"pic_id": "19578111061800002159", "x": 508, "y": 295, "w": 5, "h": 7, "type": "301", "sign_id": "sign_A_16"}, {"pic_id": "18558275080800024183", "x": 689, "y": 338, "w": 6, "h": 8, "type": "301", "sign_id": "sign_B_1"}, {"pic_id": "18558275080800024183", "x": 447, "y": 351, "w": 6, "h": 7, "type": "301", "sign_id": "sign_B_2"}, {"pic_id": "18558275080800024184", "x": 711, "y": 364, "w": 13, "h": 13, "type": "105", "sign_id": "sign_B_3"}, {"pic_id": "18558275080800024184", "x": 698, "y": 328, "w": 7, "h": 8, "type": "301", "sign_id": "sign_B_4"}, {"pic_id": "18558275080800024184", "x": 428, "y": 342, "w": 6, "h": 7, "type": "301", "sign_id": "sign_B_5"}, {"pic_id": "18558275080800024185", "x": 728, "y": 362, "w": 15, "h": 15, "type": "105", "sign_id": "sign_B_6"}, {"pic_id": "18558275080800024185", "x": 716, "y": 320, "w": 7, "h": 9, "type": "301", "sign_id": "sign_B_7"}, {"pic_id": "18558275080800024185", "x": 409, "y": 336, "w": 7, "h": 8, "type": "301", "sign_id": "sign_B_8"}, {"pic_id": "18558275080800024186", "x": 748, "y": 355, "w": 16, "h": 17, "type": "105", "sign_id": "sign_B_9"}, {"pic_id": "18558275080800024186", "x": 737, "y": 304, "w": 8, "h": 10, "type": "301", "sign_id": "sign_B_10"}, {"pic_id": "18558275080800024186", "x": 381, "y": 325, "w": 7, "h": 9, "type": "301", "sign_id": "sign_B_11"}, {"pic_id": "18558275080800024187", "x": 773, "y": 342, "w": 20, "h": 21, "type": "105", "sign_id": "sign_B_12"}, {"pic_id": "18558275080800024187", "x": 767, "y": 279, "w": 9, "h": 12, "type": "301", "sign_id": "sign_B_13"}, {"pic_id": "18558275080800024187", "x": 339, "y": 310, "w": 8, "h": 10, "type": "301", "sign_id": "sign_B_14"}], "match": [{"sign_id": "sign_A_1", "match_sign_id": "sign_B_14"}, {"sign_id": "sign_A_1", "match_sign_id": "sign_B_11"}, {"sign_id": "sign_A_2", "match_sign_id": "sign_B_13"}, {"sign_id": "sign_A_3", "match_sign_id": "sign_B_14"}, {"sign_id": "sign_A_4", "match_sign_id": "sign_B_11"}, {"sign_id": "sign_A_4", "match_sign_id": "sign_B_14"}, {"sign_id": "sign_A_5", "match_sign_id": "sign_B_10"}, {"sign_id": "sign_A_5", "match_sign_id": "sign_B_7"}, {"sign_id": "sign_A_6", "match_sign_id": "sign_B_14"}, {"sign_id": "sign_A_6", "match_sign_id": "sign_B_10"}, {"sign_id": "sign_A_6", "match_sign_id": "sign_B_11"}, {"sign_id": "sign_A_7", "match_sign_id": "sign_B_10"}, {"sign_id": "sign_A_7", "match_sign_id": "sign_B_7"}, {"sign_id": "sign_A_8", "match_sign_id": "sign_B_13"}, {"sign_id": "sign_A_8", "match_sign_id": "sign_B_10"}, {"sign_id": "sign_A_8", "match_sign_id": "sign_B_7"}, {"sign_id": "sign_A_8", "match_sign_id": "sign_B_14"}, {"sign_id": "sign_A_9", "match_sign_id": " "}, {"sign_id": "sign_A_10", "match_sign_id": "sign_B_13"}, {"sign_id": "sign_A_10", "match_sign_id": "sign_B_11"}, {"sign_id": "sign_A_11", "match_sign_id": "sign_B_5"}, {"sign_id": "sign_A_11", "match_sign_id": "sign_B_8"}, {"sign_id": "sign_A_11", "match_sign_id": "sign_B_2"}, {"sign_id": "sign_A_11", "match_sign_id": "sign_B_1"}, {"sign_id": "sign_A_11", "match_sign_id": "sign_B_4"}, {"sign_id": "sign_A_11", "match_sign_id": "sign_B_7"}, {"sign_id": "sign_A_11", "match_sign_id": "sign_B_14"}, {"sign_id": "sign_A_12", "match_sign_id": " "}, {"sign_id": "sign_A_13", "match_sign_id": "sign_B_6"}, {"sign_id": "sign_A_13", "match_sign_id": "sign_B_12"}, {"sign_id": "sign_A_13", "match_sign_id": "sign_B_9"}, {"sign_id": "sign_A_13", "match_sign_id": "sign_B_3"}, {"sign_id": "sign_A_14", "match_sign_id": " "}, {"sign_id": "sign_A_15", "match_sign_id": " "}, {"sign_id": "sign_A_16", "match_sign_id": "sign_B_5"}, {"sign_id": "sign_A_16", "match_sign_id": "sign_B_2"}, {"sign_id": "sign_A_16", "match_sign_id": "sign_B_11"}, {"sign_id": "sign_A_16", "match_sign_id": "sign_B_8"}, {"sign_id": "sign_A_16", "match_sign_id": "sign_B_1"}, {"sign_id": "sign_A_16", "match_sign_id": "sign_B_4"}, {"sign_id": "sign_A_16", "match_sign_id": "sign_B_7"}, {"sign_id": "sign_A_16", "match_sign_id": "sign_B_14"}, {"sign_id": "sign_A_16", "match_sign_id": "sign_B_10"}, {"sign_id": "sign_A_5", "match_sign_id": "sign_B_1"}, {"sign_id": "sign_A_6", "match_sign_id": "sign_B_2"}, {"sign_id": "sign_A_4", "match_sign_id": "sign_B_2"}, {"sign_id": "sign_A_6", "match_sign_id": "sign_B_4"}, {"sign_id": "sign_A_6", "match_sign_id": "sign_B_5"}, {"sign_id": "sign_A_4", "match_sign_id": "sign_B_5"}, {"sign_id": "sign_A_6", "match_sign_id": "sign_B_8"}, {"sign_id": "sign_A_6", "match_sign_id": "sign_B_13"}]}