{"group": [{"pic_list": ["19569680040300008978", "19569680040300008979", "19569680040300008980", "19569680040300008981", "19569680040300008982", "19569680040300008983", "19569680040300008984", "19569680040300008985"], "seq_id": "A"}, {"pic_list": ["18559672111000007001", "18559672111000007002", "18559672111000007003", "18559672111000007004", "18559672111000007005", "18559672111000007006", "18559672111000007007", "18559672111000007008"], "seq_id": "B"}], "signs": [{"pic_id": "19569680040300008980", "x": 694, "y": 413, "w": 6, "h": 7, "type": "301", "sign_id": "sign_A_1"}, {"pic_id": "19569680040300008982", "x": 554, "y": 434, "w": 12, "h": 13, "type": "207", "sign_id": "sign_A_2"}, {"pic_id": "19569680040300008982", "x": 740, "y": 374, "w": 8, "h": 10, "type": "301", "sign_id": "sign_A_3"}, {"pic_id": "19569680040300008983", "x": 543, "y": 423, "w": 15, "h": 15, "type": "207", "sign_id": "sign_A_4"}, {"pic_id": "19569680040300008983", "x": 810, "y": 319, "w": 12, "h": 14, "type": "301", "sign_id": "sign_A_5"}, {"pic_id": "19569680040300008984", "x": 525, "y": 407, "w": 20, "h": 19, "type": "207", "sign_id": "sign_A_6"}, {"pic_id": "19569680040300008984", "x": 1034, "y": 144, "w": 24, "h": 30, "type": "301", "sign_id": "sign_A_7"}, {"pic_id": "19569680040300008985", "x": 472, "y": 358, "w": 32, "h": 32, "type": "207", "sign_id": "sign_A_8"}, {"pic_id": "18559672111000007006", "x": 558, "y": 343, "w": 14, "h": 14, "type": "207", "sign_id": "sign_B_1"}, {"pic_id": "18559672111000007006", "x": 743, "y": 256, "w": 10, "h": 12, "type": "301", "sign_id": "sign_B_2"}, {"pic_id": "18559672111000007007", "x": 536, "y": 335, "w": 17, "h": 16, "type": "207", "sign_id": "sign_B_3"}, {"pic_id": "18559672111000007007", "x": 798, "y": 180, "w": 14, "h": 19, "type": "301", "sign_id": "sign_B_4"}, {"pic_id": "18559672111000007008", "x": 494, "y": 313, "w": 22, "h": 21, "type": "207", "sign_id": "sign_B_5"}], "match": [{"sign_id": "sign_A_1", "match_sign_id": "sign_B_4"}, {"sign_id": "sign_A_1", "match_sign_id": "sign_B_2"}, {"sign_id": "sign_A_2", "match_sign_id": "sign_B_1"}, {"sign_id": "sign_A_2", "match_sign_id": "sign_B_3"}, {"sign_id": "sign_A_2", "match_sign_id": "sign_B_5"}, {"sign_id": "sign_A_3", "match_sign_id": "sign_B_4"}, {"sign_id": "sign_A_3", "match_sign_id": "sign_B_2"}, {"sign_id": "sign_A_4", "match_sign_id": "sign_B_1"}, {"sign_id": "sign_A_4", "match_sign_id": "sign_B_3"}, {"sign_id": "sign_A_4", "match_sign_id": "sign_B_5"}, {"sign_id": "sign_A_5", "match_sign_id": "sign_B_4"}, {"sign_id": "sign_A_5", "match_sign_id": "sign_B_2"}, {"sign_id": "sign_A_6", "match_sign_id": "sign_B_1"}, {"sign_id": "sign_A_6", "match_sign_id": "sign_B_3"}, {"sign_id": "sign_A_6", "match_sign_id": "sign_B_5"}, {"sign_id": "sign_A_7", "match_sign_id": "sign_B_4"}, {"sign_id": "sign_A_7", "match_sign_id": "sign_B_2"}, {"sign_id": "sign_A_8", "match_sign_id": "sign_B_1"}, {"sign_id": "sign_A_8", "match_sign_id": "sign_B_3"}, {"sign_id": "sign_A_8", "match_sign_id": "sign_B_5"}]}