{"group": [{"pic_list": ["19597316122900004268", "19597316122900004275", "19597316122900004276", "19597316122900004277", "19597316122900004278", "19597316122900004279"], "seq_id": "A"}, {"pic_list": ["18561214112800016453", "18561214112800016454", "18561214112800016455"], "seq_id": "B"}], "signs": [{"pic_id": "19597316122900004268", "x": 975, "y": 53, "w": 23, "h": 32, "type": "301", "sign_id": "sign_A_1"}, {"pic_id": "19597316122900004268", "x": 748, "y": 243, "w": 12, "h": 14, "type": "301", "sign_id": "sign_A_2"}, {"pic_id": "19597316122900004275", "x": 796, "y": 231, "w": 13, "h": 16, "type": "301", "sign_id": "sign_A_3"}, {"pic_id": "19597316122900004276", "x": 834, "y": 174, "w": 16, "h": 21, "type": "301", "sign_id": "sign_A_4"}, {"pic_id": "18561214112800016453", "x": 792, "y": 164, "w": 14, "h": 18, "type": "301", "sign_id": "sign_B_1"}, {"pic_id": "18561214112800016454", "x": 255, "y": 292, "w": 11, "h": 12, "type": "301", "sign_id": "sign_B_2"}, {"pic_id": "18561214112800016455", "x": 54, "y": 262, "w": 13, "h": 17, "type": "301", "sign_id": "sign_B_3"}], "match": [{"sign_id": "sign_A_1", "match_sign_id": "sign_B_3"}, {"sign_id": "sign_A_2", "match_sign_id": "sign_B_1"}, {"sign_id": "sign_A_2", "match_sign_id": "sign_B_2"}, {"sign_id": "sign_A_2", "match_sign_id": "sign_B_3"}, {"sign_id": "sign_A_3", "match_sign_id": "sign_B_1"}, {"sign_id": "sign_A_3", "match_sign_id": "sign_B_2"}, {"sign_id": "sign_A_3", "match_sign_id": "sign_B_3"}, {"sign_id": "sign_A_4", "match_sign_id": "sign_B_1"}, {"sign_id": "sign_A_4", "match_sign_id": "sign_B_2"}, {"sign_id": "sign_A_4", "match_sign_id": "sign_B_3"}]}