{"group": [{"pic_list": ["20597711010200000140", "20597711010200000141", "20597711010200000142", "20597711010200000143", "20597711010200000144"], "seq_id": "A"}, {"pic_list": ["18558618083100022340", "18558618083100022341", "18558618083100022342", "18558618083100022343"], "seq_id": "B"}], "signs": [{"pic_id": "20597711010200000140", "x": 642, "y": 489, "w": 18, "h": 17, "type": "104", "sign_id": "sign_A_1"}, {"pic_id": "20597711010200000140", "x": 1073, "y": 208, "w": 26, "h": 32, "type": "301", "sign_id": "sign_A_2"}, {"pic_id": "20597711010200000141", "x": 724, "y": 486, "w": 22, "h": 22, "type": "104", "sign_id": "sign_A_3"}, {"pic_id": "20597711010200000142", "x": 840, "y": 469, "w": 31, "h": 30, "type": "104", "sign_id": "sign_A_4"}, {"pic_id": "20597711010200000143", "x": 1083, "y": 436, "w": 49, "h": 48, "type": "104", "sign_id": "sign_A_5"}, {"pic_id": "18558618083100022340", "x": 740, "y": 321, "w": 17, "h": 16, "type": "104", "sign_id": "sign_B_1"}, {"pic_id": "18558618083100022341", "x": 788, "y": 311, "w": 20, "h": 19, "type": "104", "sign_id": "sign_B_2"}, {"pic_id": "18558618083100022342", "x": 915, "y": 289, "w": 29, "h": 28, "type": "104", "sign_id": "sign_B_3"}, {"pic_id": "18558618083100022343", "x": 1216, "y": 245, "w": 52, "h": 50, "type": "104", "sign_id": "sign_B_4"}], "match": [{"sign_id": "sign_A_1", "match_sign_id": "sign_B_1"}, {"sign_id": "sign_A_1", "match_sign_id": "sign_B_4"}, {"sign_id": "sign_A_1", "match_sign_id": "sign_B_2"}, {"sign_id": "sign_A_1", "match_sign_id": "sign_B_3"}, {"sign_id": "sign_A_2", "match_sign_id": " "}, {"sign_id": "sign_A_3", "match_sign_id": "sign_B_1"}, {"sign_id": "sign_A_3", "match_sign_id": "sign_B_4"}, {"sign_id": "sign_A_3", "match_sign_id": "sign_B_3"}, {"sign_id": "sign_A_3", "match_sign_id": "sign_B_2"}, {"sign_id": "sign_A_4", "match_sign_id": "sign_B_4"}, {"sign_id": "sign_A_4", "match_sign_id": "sign_B_2"}, {"sign_id": "sign_A_4", "match_sign_id": "sign_B_3"}, {"sign_id": "sign_A_4", "match_sign_id": "sign_B_1"}, {"sign_id": "sign_A_5", "match_sign_id": "sign_B_4"}, {"sign_id": "sign_A_5", "match_sign_id": "sign_B_3"}, {"sign_id": "sign_A_5", "match_sign_id": "sign_B_2"}, {"sign_id": "sign_A_5", "match_sign_id": "sign_B_1"}]}