{"group": [{"pic_list": ["19588911102700003383", "19588911102700003976", "19588911102700003977", "19588911102700003978", "19588911102700003979"], "seq_id": "A"}, {"pic_list": ["18557795071800021826", "18557795071800021827", "18557795071800021828", "18557795071800021829", "18557795071800021830", "18557795071800021831"], "seq_id": "B"}], "signs": [{"pic_id": "19588911102700003383", "x": 625, "y": 322, "w": 6, "h": 8, "type": "301", "sign_id": "sign_A_1"}, {"pic_id": "19588911102700003976", "x": 543, "y": 305, "w": 6, "h": 8, "type": "301", "sign_id": "sign_A_2"}, {"pic_id": "19588911102700003977", "x": 515, "y": 287, "w": 7, "h": 10, "type": "301", "sign_id": "sign_A_3"}, {"pic_id": "19588911102700003978", "x": 531, "y": 249, "w": 10, "h": 13, "type": "301", "sign_id": "sign_A_4"}, {"pic_id": "19588911102700003979", "x": 534, "y": 228, "w": 11, "h": 15, "type": "301", "sign_id": "sign_A_5"}, {"pic_id": "18557795071800021826", "x": 596, "y": 342, "w": 6, "h": 8, "type": "301", "sign_id": "sign_B_1"}, {"pic_id": "18557795071800021827", "x": 581, "y": 333, "w": 6, "h": 8, "type": "301", "sign_id": "sign_B_2"}, {"pic_id": "18557795071800021828", "x": 574, "y": 301, "w": 9, "h": 11, "type": "301", "sign_id": "sign_B_3"}, {"pic_id": "18557795071800021829", "x": 575, "y": 282, "w": 9, "h": 12, "type": "301", "sign_id": "sign_B_4"}, {"pic_id": "18557795071800021830", "x": 575, "y": 259, "w": 11, "h": 15, "type": "301", "sign_id": "sign_B_5"}, {"pic_id": "18557795071800021831", "x": 572, "y": 230, "w": 14, "h": 18, "type": "301", "sign_id": "sign_B_6"}], "match": [{"sign_id": "sign_A_1", "match_sign_id": "sign_B_1"}, {"sign_id": "sign_A_1", "match_sign_id": "sign_B_2"}, {"sign_id": "sign_A_1", "match_sign_id": "sign_B_3"}, {"sign_id": "sign_A_1", "match_sign_id": "sign_B_4"}, {"sign_id": "sign_A_1", "match_sign_id": "sign_B_5"}, {"sign_id": "sign_A_1", "match_sign_id": "sign_B_6"}, {"sign_id": "sign_A_2", "match_sign_id": "sign_B_1"}, {"sign_id": "sign_A_2", "match_sign_id": "sign_B_2"}, {"sign_id": "sign_A_2", "match_sign_id": "sign_B_3"}, {"sign_id": "sign_A_2", "match_sign_id": "sign_B_4"}, {"sign_id": "sign_A_2", "match_sign_id": "sign_B_5"}, {"sign_id": "sign_A_2", "match_sign_id": "sign_B_6"}, {"sign_id": "sign_A_3", "match_sign_id": "sign_B_1"}, {"sign_id": "sign_A_3", "match_sign_id": "sign_B_2"}, {"sign_id": "sign_A_3", "match_sign_id": "sign_B_4"}, {"sign_id": "sign_A_3", "match_sign_id": "sign_B_3"}, {"sign_id": "sign_A_3", "match_sign_id": "sign_B_5"}, {"sign_id": "sign_A_3", "match_sign_id": "sign_B_6"}, {"sign_id": "sign_A_4", "match_sign_id": "sign_B_4"}, {"sign_id": "sign_A_4", "match_sign_id": "sign_B_3"}, {"sign_id": "sign_A_4", "match_sign_id": "sign_B_2"}, {"sign_id": "sign_A_4", "match_sign_id": "sign_B_5"}, {"sign_id": "sign_A_4", "match_sign_id": "sign_B_6"}, {"sign_id": "sign_A_4", "match_sign_id": "sign_B_1"}, {"sign_id": "sign_A_5", "match_sign_id": "sign_B_4"}, {"sign_id": "sign_A_5", "match_sign_id": "sign_B_6"}, {"sign_id": "sign_A_5", "match_sign_id": "sign_B_5"}, {"sign_id": "sign_A_5", "match_sign_id": "sign_B_3"}, {"sign_id": "sign_A_5", "match_sign_id": "sign_B_2"}, {"sign_id": "sign_A_5", "match_sign_id": "sign_B_1"}]}