{"group": [{"pic_list": ["19595459122000001304", "19595459122000001305", "19595459122000001306", "19595459122000001307", "19595459122000001308", "19595459122000001429", "19595459122000001390", "19595459122000001391"], "seq_id": "A"}, {"pic_list": ["18553618011200040883", "18553618011200040884", "18553618011200040885", "18553618011200040886", "18553618011200036993", "18553618011200036994", "18553618011200036995", "18553618011200036996"], "seq_id": "B"}], "signs": [{"pic_id": "19595459122000001429", "x": 422, "y": 231, "w": 9, "h": 9, "type": "301", "sign_id": "sign_A_1"}, {"pic_id": "19595459122000001429", "x": 434, "y": 232, "w": 8, "h": 10, "type": "301", "sign_id": "sign_A_2"}, {"pic_id": "19595459122000001390", "x": 341, "y": 183, "w": 11, "h": 13, "type": "301", "sign_id": "sign_A_3"}, {"pic_id": "19595459122000001390", "x": 363, "y": 188, "w": 11, "h": 13, "type": "301", "sign_id": "sign_A_4"}, {"pic_id": "19595459122000001391", "x": 112, "y": 50, "w": 25, "h": 28, "type": "301", "sign_id": "sign_A_5"}, {"pic_id": "19595459122000001391", "x": 17, "y": 13, "w": 30, "h": 32, "type": "301", "sign_id": "sign_A_6"}, {"pic_id": "18553618011200036993", "x": 403, "y": 193, "w": 9, "h": 10, "type": "301", "sign_id": "sign_B_1"}, {"pic_id": "18553618011200036993", "x": 413, "y": 195, "w": 7, "h": 8, "type": "301", "sign_id": "sign_B_2"}, {"pic_id": "18553618011200036994", "x": 371, "y": 186, "w": 10, "h": 12, "type": "301", "sign_id": "sign_B_3"}, {"pic_id": "18553618011200036994", "x": 384, "y": 190, "w": 8, "h": 10, "type": "301", "sign_id": "sign_B_4"}, {"pic_id": "18553618011200036995", "x": 302, "y": 148, "w": 13, "h": 15, "type": "301", "sign_id": "sign_B_5"}, {"pic_id": "18553618011200036995", "x": 279, "y": 141, "w": 13, "h": 15, "type": "301", "sign_id": "sign_B_6"}, {"pic_id": "18553618011200036996", "x": 144, "y": 62, "w": 21, "h": 23, "type": "301", "sign_id": "sign_B_7"}, {"pic_id": "18553618011200036996", "x": 81, "y": 41, "w": 24, "h": 25, "type": "301", "sign_id": "sign_B_8"}], "match": [{"sign_id": "sign_A_1", "match_sign_id": "sign_B_1"}, {"sign_id": "sign_A_1", "match_sign_id": "sign_B_3"}, {"sign_id": "sign_A_1", "match_sign_id": "sign_B_7"}, {"sign_id": "sign_A_1", "match_sign_id": "sign_B_5"}, {"sign_id": "sign_A_1", "match_sign_id": "sign_B_8"}, {"sign_id": "sign_A_2", "match_sign_id": "sign_B_2"}, {"sign_id": "sign_A_2", "match_sign_id": "sign_B_4"}, {"sign_id": "sign_A_2", "match_sign_id": "sign_B_5"}, {"sign_id": "sign_A_3", "match_sign_id": "sign_B_1"}, {"sign_id": "sign_A_3", "match_sign_id": "sign_B_3"}, {"sign_id": "sign_A_3", "match_sign_id": "sign_B_5"}, {"sign_id": "sign_A_3", "match_sign_id": "sign_B_4"}, {"sign_id": "sign_A_4", "match_sign_id": "sign_B_7"}, {"sign_id": "sign_A_4", "match_sign_id": "sign_B_5"}, {"sign_id": "sign_A_4", "match_sign_id": "sign_B_4"}, {"sign_id": "sign_A_5", "match_sign_id": "sign_B_7"}, {"sign_id": "sign_A_5", "match_sign_id": "sign_B_5"}, {"sign_id": "sign_A_5", "match_sign_id": "sign_B_4"}, {"sign_id": "sign_A_5", "match_sign_id": "sign_B_3"}, {"sign_id": "sign_A_6", "match_sign_id": "sign_B_8"}, {"sign_id": "sign_A_6", "match_sign_id": "sign_B_6"}, {"sign_id": "sign_A_6", "match_sign_id": "sign_B_5"}, {"sign_id": "sign_A_6", "match_sign_id": "sign_B_3"}, {"sign_id": "sign_A_6", "match_sign_id": "sign_B_1"}, {"sign_id": "sign_A_5", "match_sign_id": "sign_B_2"}, {"sign_id": "sign_A_4", "match_sign_id": "sign_B_2"}, {"sign_id": "sign_A_1", "match_sign_id": "sign_B_6"}, {"sign_id": "sign_A_3", "match_sign_id": "sign_B_8"}]}