{"group": [{"pic_list": ["20598920020500002064", "20598920020500002065", "20598920020500002066", "20598920020500002067", "20598920020500002068", "20598920020500002069"], "seq_id": "A"}, {"pic_list": ["18558685091100032847", "18558685091100029521", "18558685091100029522", "18558685091100029523", "18558685091100029524", "18558685091100029525", "18558685091100029526", "18558685091100029527"], "seq_id": "B"}], "signs": [{"pic_id": "20598920020500002066", "x": 480, "y": 452, "w": 10, "h": 12, "type": "301", "sign_id": "sign_A_1"}, {"pic_id": "20598920020500002066", "x": 867, "y": 355, "w": 13, "h": 15, "type": "301", "sign_id": "sign_A_2"}, {"pic_id": "20598920020500002066", "x": 858, "y": 350, "w": 12, "h": 16, "type": "301", "sign_id": "sign_A_3"}, {"pic_id": "20598920020500002067", "x": 977, "y": 178, "w": 20, "h": 25, "type": "301", "sign_id": "sign_A_4"}, {"pic_id": "20598920020500002067", "x": 998, "y": 182, "w": 21, "h": 26, "type": "301", "sign_id": "sign_A_5"}, {"pic_id": "20598920020500002067", "x": 353, "y": 396, "w": 14, "h": 18, "type": "301", "sign_id": "sign_A_6"}, {"pic_id": "20598920020500002068", "x": 74, "y": 273, "w": 26, "h": 31, "type": "301", "sign_id": "sign_A_7"}, {"pic_id": "20598920020500002069", "x": 753, "y": 495, "w": 10, "h": 11, "type": "301", "sign_id": "sign_A_8"}, {"pic_id": "18558685091100029522", "x": 359, "y": 376, "w": 9, "h": 11, "type": "301", "sign_id": "sign_B_1"}, {"pic_id": "18558685091100029523", "x": 302, "y": 354, "w": 11, "h": 12, "type": "301", "sign_id": "sign_B_2"}, {"pic_id": "18558685091100029523", "x": 651, "y": 286, "w": 11, "h": 13, "type": "301", "sign_id": "sign_B_3"}, {"pic_id": "18558685091100029523", "x": 643, "y": 284, "w": 10, "h": 13, "type": "301", "sign_id": "sign_B_4"}, {"pic_id": "18558685091100029524", "x": 685, "y": 239, "w": 12, "h": 16, "type": "301", "sign_id": "sign_B_5"}, {"pic_id": "18558685091100029524", "x": 675, "y": 235, "w": 12, "h": 15, "type": "301", "sign_id": "sign_B_6"}, {"pic_id": "18558685091100029524", "x": 265, "y": 327, "w": 12, "h": 14, "type": "301", "sign_id": "sign_B_7"}, {"pic_id": "18558685091100029525", "x": 1038, "y": 277, "w": 30, "h": 42, "type": "201", "sign_id": "sign_B_8"}, {"pic_id": "18558685091100029525", "x": 831, "y": 32, "w": 20, "h": 29, "type": "301", "sign_id": "sign_B_9"}, {"pic_id": "18558685091100029525", "x": 109, "y": 246, "w": 21, "h": 23, "type": "301", "sign_id": "sign_B_10"}], "match": [{"sign_id": "sign_A_1", "match_sign_id": "sign_B_10"}, {"sign_id": "sign_A_1", "match_sign_id": "sign_B_7"}, {"sign_id": "sign_A_1", "match_sign_id": "sign_B_2"}, {"sign_id": "sign_A_1", "match_sign_id": "sign_B_1"}, {"sign_id": "sign_A_2", "match_sign_id": "sign_B_3"}, {"sign_id": "sign_A_2", "match_sign_id": "sign_B_5"}, {"sign_id": "sign_A_2", "match_sign_id": "sign_B_9"}, {"sign_id": "sign_A_3", "match_sign_id": "sign_B_4"}, {"sign_id": "sign_A_3", "match_sign_id": "sign_B_6"}, {"sign_id": "sign_A_3", "match_sign_id": "sign_B_9"}, {"sign_id": "sign_A_4", "match_sign_id": "sign_B_9"}, {"sign_id": "sign_A_4", "match_sign_id": "sign_B_6"}, {"sign_id": "sign_A_4", "match_sign_id": "sign_B_4"}, {"sign_id": "sign_A_5", "match_sign_id": "sign_B_1"}, {"sign_id": "sign_A_6", "match_sign_id": "sign_B_10"}, {"sign_id": "sign_A_6", "match_sign_id": "sign_B_2"}, {"sign_id": "sign_A_6", "match_sign_id": "sign_B_7"}, {"sign_id": "sign_A_6", "match_sign_id": "sign_B_1"}, {"sign_id": "sign_A_7", "match_sign_id": "sign_B_2"}, {"sign_id": "sign_A_7", "match_sign_id": "sign_B_1"}, {"sign_id": "sign_A_7", "match_sign_id": "sign_B_7"}, {"sign_id": "sign_A_7", "match_sign_id": "sign_B_10"}, {"sign_id": "sign_A_8", "match_sign_id": "sign_B_1"}, {"sign_id": "sign_A_8", "match_sign_id": "sign_B_7"}, {"sign_id": "sign_A_8", "match_sign_id": "sign_B_9"}, {"sign_id": "sign_A_8", "match_sign_id": "sign_B_10"}, {"sign_id": "sign_A_8", "match_sign_id": "sign_B_2"}, {"sign_id": "sign_A_5", "match_sign_id": "sign_B_2"}, {"sign_id": "sign_A_5", "match_sign_id": "sign_B_5"}]}