{"group": [{"pic_list": ["19582310081600018789", "19582310081600018790", "19582310081600018791"], "seq_id": "A"}, {"pic_list": ["18558071072600040092", "18558071072600040093"], "seq_id": "B"}], "signs": [{"pic_id": "19582310081600018789", "x": 600, "y": 648, "w": 9, "h": 11, "type": "301", "sign_id": "sign_A_1"}, {"pic_id": "19582310081600018790", "x": 592, "y": 622, "w": 10, "h": 12, "type": "301", "sign_id": "sign_A_2"}, {"pic_id": "19582310081600018791", "x": 565, "y": 598, "w": 10, "h": 14, "type": "301", "sign_id": "sign_A_3"}, {"pic_id": "18558071072600040092", "x": 634, "y": 238, "w": 6, "h": 7, "type": "301", "sign_id": "sign_B_1"}, {"pic_id": "18558071072600040093", "x": 619, "y": 217, "w": 7, "h": 8, "type": "301", "sign_id": "sign_B_2"}], "match": [{"sign_id": "sign_A_1", "match_sign_id": "sign_B_2"}, {"sign_id": "sign_A_1", "match_sign_id": "sign_B_1"}, {"sign_id": "sign_A_2", "match_sign_id": "sign_B_2"}, {"sign_id": "sign_A_2", "match_sign_id": "sign_B_1"}, {"sign_id": "sign_A_3", "match_sign_id": "sign_B_2"}, {"sign_id": "sign_A_3", "match_sign_id": "sign_B_1"}]}