{"group": [{"pic_list": ["20599470031900001339", "20599470031900001169", "20599470031900001170"], "seq_id": "A"}, {"pic_list": ["18558075073000021279", "18558075073000021280", "18558075073000021281"], "seq_id": "B"}], "signs": [{"pic_id": "20599470031900001339", "x": 1116, "y": 132, "w": 37, "h": 38, "type": "106", "sign_id": "sign_A_1"}, {"pic_id": "20599470031900001339", "x": 1041, "y": 316, "w": 9, "h": 10, "type": "301", "sign_id": "sign_A_2"}, {"pic_id": "20599470031900001169", "x": 1220, "y": 280, "w": 11, "h": 15, "type": "301", "sign_id": "sign_A_3"}, {"pic_id": "18558075073000021280", "x": 996, "y": 237, "w": 12, "h": 15, "type": "301", "sign_id": "sign_B_1"}], "match": [{"sign_id": "sign_A_1", "match_sign_id": " "}, {"sign_id": "sign_A_2", "match_sign_id": "sign_B_1"}, {"sign_id": "sign_A_3", "match_sign_id": "sign_B_1"}]}