{"group": [{"pic_list": ["20597746010200001588", "20597746010200001589", "20597746010200001590", "20597746010200001591", "20597746010200001621"], "seq_id": "A"}, {"pic_list": ["18558681091000013332", "18558681091000002593", "18558681091000002594", "18558681091000002595", "18558681091000002596", "18558681091000002597"], "seq_id": "B"}], "signs": [{"pic_id": "20597746010200001589", "x": 588, "y": 299, "w": 7, "h": 9, "type": "301", "sign_id": "sign_A_1"}, {"pic_id": "20597746010200001590", "x": 599, "y": 258, "w": 18, "h": 19, "type": "106", "sign_id": "sign_A_2"}, {"pic_id": "20597746010200001590", "x": 639, "y": 275, "w": 8, "h": 10, "type": "301", "sign_id": "sign_A_3"}, {"pic_id": "20597746010200001591", "x": 677, "y": 211, "w": 24, "h": 26, "type": "106", "sign_id": "sign_A_4"}, {"pic_id": "20597746010200001591", "x": 732, "y": 235, "w": 10, "h": 12, "type": "301", "sign_id": "sign_A_5"}, {"pic_id": "20597746010200001621", "x": 856, "y": 108, "w": 39, "h": 42, "type": "106", "sign_id": "sign_A_6"}, {"pic_id": "20597746010200001621", "x": 943, "y": 151, "w": 15, "h": 19, "type": "301", "sign_id": "sign_A_7"}, {"pic_id": "18558681091000013332", "x": 427, "y": 296, "w": 28, "h": 27, "type": "103", "sign_id": "sign_B_1"}, {"pic_id": "18558681091000013332", "x": 676, "y": 276, "w": 14, "h": 14, "type": "106", "sign_id": "sign_B_2"}, {"pic_id": "18558681091000013332", "x": 707, "y": 286, "w": 7, "h": 8, "type": "301", "sign_id": "sign_B_3"}, {"pic_id": "18558681091000002593", "x": 413, "y": 275, "w": 39, "h": 36, "type": "103", "sign_id": "sign_B_4"}, {"pic_id": "18558681091000002593", "x": 736, "y": 262, "w": 15, "h": 17, "type": "106", "sign_id": "sign_B_5"}, {"pic_id": "18558681091000002593", "x": 773, "y": 274, "w": 7, "h": 9, "type": "301", "sign_id": "sign_B_6"}, {"pic_id": "18558681091000002594", "x": 231, "y": 207, "w": 59, "h": 58, "type": "103", "sign_id": "sign_B_7"}, {"pic_id": "18558681091000002594", "x": 693, "y": 248, "w": 19, "h": 19, "type": "106", "sign_id": "sign_B_8"}, {"pic_id": "18558681091000002594", "x": 735, "y": 263, "w": 9, "h": 10, "type": "301", "sign_id": "sign_B_9"}, {"pic_id": "18558681091000002594", "x": 412, "y": 300, "w": 9, "h": 11, "type": "301", "sign_id": "sign_B_10"}, {"pic_id": "18558681091000002595", "x": 639, "y": 216, "w": 21, "h": 22, "type": "106", "sign_id": "sign_B_11"}, {"pic_id": "18558681091000002595", "x": 687, "y": 234, "w": 9, "h": 11, "type": "301", "sign_id": "sign_B_12"}, {"pic_id": "18558681091000002595", "x": 314, "y": 265, "w": 7, "h": 8, "type": "301", "sign_id": "sign_B_13"}, {"pic_id": "18558681091000002596", "x": 616, "y": 162, "w": 26, "h": 28, "type": "106", "sign_id": "sign_B_14"}, {"pic_id": "18558681091000002596", "x": 679, "y": 185, "w": 11, "h": 13, "type": "301", "sign_id": "sign_B_15"}, {"pic_id": "18558681091000002596", "x": 229, "y": 232, "w": 8, "h": 10, "type": "301", "sign_id": "sign_B_16"}, {"pic_id": "18558681091000002597", "x": 589, "y": 94, "w": 36, "h": 37, "type": "106", "sign_id": "sign_B_17"}, {"pic_id": "18558681091000002597", "x": 675, "y": 126, "w": 15, "h": 18, "type": "301", "sign_id": "sign_B_18"}, {"pic_id": "18558681091000002597", "x": 115, "y": 210, "w": 9, "h": 12, "type": "301", "sign_id": "sign_B_19"}], "match": [{"sign_id": "sign_A_1", "match_sign_id": "sign_B_3"}, {"sign_id": "sign_A_1", "match_sign_id": "sign_B_6"}, {"sign_id": "sign_A_1", "match_sign_id": "sign_B_9"}, {"sign_id": "sign_A_1", "match_sign_id": "sign_B_12"}, {"sign_id": "sign_A_1", "match_sign_id": "sign_B_15"}, {"sign_id": "sign_A_1", "match_sign_id": "sign_B_18"}, {"sign_id": "sign_A_1", "match_sign_id": "sign_B_16"}, {"sign_id": "sign_A_2", "match_sign_id": "sign_B_5"}, {"sign_id": "sign_A_2", "match_sign_id": "sign_B_8"}, {"sign_id": "sign_A_2", "match_sign_id": "sign_B_2"}, {"sign_id": "sign_A_2", "match_sign_id": "sign_B_11"}, {"sign_id": "sign_A_2", "match_sign_id": "sign_B_14"}, {"sign_id": "sign_A_2", "match_sign_id": "sign_B_17"}, {"sign_id": "sign_A_3", "match_sign_id": "sign_B_12"}, {"sign_id": "sign_A_3", "match_sign_id": "sign_B_9"}, {"sign_id": "sign_A_3", "match_sign_id": "sign_B_18"}, {"sign_id": "sign_A_3", "match_sign_id": "sign_B_3"}, {"sign_id": "sign_A_3", "match_sign_id": "sign_B_6"}, {"sign_id": "sign_A_3", "match_sign_id": "sign_B_15"}, {"sign_id": "sign_A_4", "match_sign_id": "sign_B_5"}, {"sign_id": "sign_A_4", "match_sign_id": "sign_B_8"}, {"sign_id": "sign_A_4", "match_sign_id": "sign_B_11"}, {"sign_id": "sign_A_4", "match_sign_id": "sign_B_2"}, {"sign_id": "sign_A_4", "match_sign_id": "sign_B_14"}, {"sign_id": "sign_A_4", "match_sign_id": "sign_B_17"}, {"sign_id": "sign_A_5", "match_sign_id": "sign_B_18"}, {"sign_id": "sign_A_5", "match_sign_id": "sign_B_9"}, {"sign_id": "sign_A_5", "match_sign_id": "sign_B_12"}, {"sign_id": "sign_A_5", "match_sign_id": "sign_B_15"}, {"sign_id": "sign_A_5", "match_sign_id": "sign_B_6"}, {"sign_id": "sign_A_5", "match_sign_id": "sign_B_3"}, {"sign_id": "sign_A_6", "match_sign_id": "sign_B_11"}, {"sign_id": "sign_A_6", "match_sign_id": "sign_B_5"}, {"sign_id": "sign_A_6", "match_sign_id": "sign_B_8"}, {"sign_id": "sign_A_6", "match_sign_id": "sign_B_17"}, {"sign_id": "sign_A_6", "match_sign_id": "sign_B_14"}, {"sign_id": "sign_A_6", "match_sign_id": "sign_B_2"}, {"sign_id": "sign_A_7", "match_sign_id": "sign_B_9"}, {"sign_id": "sign_A_7", "match_sign_id": "sign_B_18"}, {"sign_id": "sign_A_7", "match_sign_id": "sign_B_12"}, {"sign_id": "sign_A_7", "match_sign_id": "sign_B_15"}, {"sign_id": "sign_A_7", "match_sign_id": "sign_B_6"}, {"sign_id": "sign_A_7", "match_sign_id": "sign_B_3"}, {"sign_id": "sign_A_1", "match_sign_id": "sign_B_19"}]}