{"group": [{"pic_list": ["20599255030200020712", "20599255030200020713", "20599255030200020714", "20599255030200020715"], "seq_id": "A"}, {"pic_list": ["18559018092800004629", "18559018092800004630", "18559018092800004631", "18559018092800004632", "18559018092800004633", "18559018092800004634"], "seq_id": "B"}], "signs": [{"pic_id": "20599255030200020712", "x": 1247, "y": 578, "w": 36, "h": 37, "type": "104", "sign_id": "sign_A_1"}, {"pic_id": "20599255030200020712", "x": 665, "y": 466, "w": 18, "h": 24, "type": "301", "sign_id": "sign_A_2"}, {"pic_id": "20599255030200020713", "x": 1056, "y": 485, "w": 59, "h": 58, "type": "104", "sign_id": "sign_A_3"}, {"pic_id": "20599255030200020713", "x": 100, "y": 253, "w": 30, "h": 40, "type": "301", "sign_id": "sign_A_4"}, {"pic_id": "20599255030200020714", "x": 1209, "y": 310, "w": 95, "h": 97, "type": "104", "sign_id": "sign_A_5"}, {"pic_id": "18559018092800004629", "x": 939, "y": 268, "w": 10, "h": 12, "type": "301", "sign_id": "sign_B_1"}, {"pic_id": "18559018092800004630", "x": 652, "y": 245, "w": 10, "h": 14, "type": "301", "sign_id": "sign_B_2"}, {"pic_id": "18559018092800004631", "x": 796, "y": 286, "w": 27, "h": 24, "type": "104", "sign_id": "sign_B_3"}, {"pic_id": "18559018092800004631", "x": 422, "y": 193, "w": 13, "h": 17, "type": "301", "sign_id": "sign_B_4"}, {"pic_id": "18559018092800004632", "x": 776, "y": 245, "w": 33, "h": 30, "type": "104", "sign_id": "sign_B_5"}, {"pic_id": "18559018092800004632", "x": 266, "y": 110, "w": 17, "h": 23, "type": "301", "sign_id": "sign_B_6"}, {"pic_id": "18559018092800004633", "x": 810, "y": 177, "w": 48, "h": 46, "type": "104", "sign_id": "sign_B_7"}, {"pic_id": "18559018092800004634", "x": 976, "y": 1, "w": 96, "h": 81, "type": "104", "sign_id": "sign_B_8"}], "match": [{"sign_id": "sign_A_1", "match_sign_id": "sign_B_7"}, {"sign_id": "sign_A_1", "match_sign_id": "sign_B_3"}, {"sign_id": "sign_A_1", "match_sign_id": "sign_B_5"}, {"sign_id": "sign_A_1", "match_sign_id": "sign_B_8"}, {"sign_id": "sign_A_2", "match_sign_id": "sign_B_4"}, {"sign_id": "sign_A_2", "match_sign_id": "sign_B_6"}, {"sign_id": "sign_A_2", "match_sign_id": "sign_B_1"}, {"sign_id": "sign_A_2", "match_sign_id": "sign_B_2"}, {"sign_id": "sign_A_3", "match_sign_id": "sign_B_7"}, {"sign_id": "sign_A_3", "match_sign_id": "sign_B_8"}, {"sign_id": "sign_A_3", "match_sign_id": "sign_B_5"}, {"sign_id": "sign_A_3", "match_sign_id": "sign_B_3"}, {"sign_id": "sign_A_4", "match_sign_id": "sign_B_6"}, {"sign_id": "sign_A_4", "match_sign_id": "sign_B_4"}, {"sign_id": "sign_A_4", "match_sign_id": "sign_B_1"}, {"sign_id": "sign_A_4", "match_sign_id": "sign_B_2"}, {"sign_id": "sign_A_5", "match_sign_id": "sign_B_5"}, {"sign_id": "sign_A_5", "match_sign_id": "sign_B_7"}, {"sign_id": "sign_A_5", "match_sign_id": "sign_B_8"}, {"sign_id": "sign_A_5", "match_sign_id": "sign_B_3"}]}