{"group": [{"pic_list": ["19582552081900015878", "19582552081900015879", "19582552081900014605", "19582552081900014606", "19582552081900014607"], "seq_id": "A"}, {"pic_list": ["18556366061200014877", "18556366061200014878", "18556366061200014879", "18556366061200014880"], "seq_id": "B"}], "signs": [{"pic_id": "19582552081900015878", "x": 369, "y": 308, "w": 6, "h": 7, "type": "301", "sign_id": "sign_A_1"}, {"pic_id": "19582552081900015879", "x": 262, "y": 325, "w": 7, "h": 9, "type": "301", "sign_id": "sign_A_2"}, {"pic_id": "19582552081900014605", "x": 174, "y": 314, "w": 7, "h": 9, "type": "301", "sign_id": "sign_A_3"}, {"pic_id": "19582552081900014606", "x": 140, "y": 298, "w": 9, "h": 10, "type": "301", "sign_id": "sign_A_4"}, {"pic_id": "19582552081900014607", "x": 133, "y": 281, "w": 9, "h": 12, "type": "301", "sign_id": "sign_A_5"}, {"pic_id": "18556366061200014877", "x": 301, "y": 350, "w": 7, "h": 7, "type": "301", "sign_id": "sign_B_1"}, {"pic_id": "18556366061200014878", "x": 294, "y": 353, "w": 7, "h": 7, "type": "301", "sign_id": "sign_B_2"}, {"pic_id": "18556366061200014879", "x": 1204, "y": 120, "w": 11, "h": 13, "type": "301", "sign_id": "sign_B_3"}, {"pic_id": "18556366061200014879", "x": 262, "y": 347, "w": 7, "h": 8, "type": "301", "sign_id": "sign_B_4"}, {"pic_id": "18556366061200014879", "x": 438, "y": 332, "w": 7, "h": 8, "type": "301", "sign_id": "sign_B_5"}, {"pic_id": "18556366061200014880", "x": 223, "y": 331, "w": 8, "h": 9, "type": "301", "sign_id": "sign_B_6"}], "match": [{"sign_id": "sign_A_1", "match_sign_id": "sign_B_2"}, {"sign_id": "sign_A_1", "match_sign_id": "sign_B_1"}, {"sign_id": "sign_A_1", "match_sign_id": "sign_B_4"}, {"sign_id": "sign_A_1", "match_sign_id": "sign_B_6"}, {"sign_id": "sign_A_2", "match_sign_id": "sign_B_2"}, {"sign_id": "sign_A_2", "match_sign_id": "sign_B_1"}, {"sign_id": "sign_A_2", "match_sign_id": "sign_B_4"}, {"sign_id": "sign_A_2", "match_sign_id": "sign_B_6"}, {"sign_id": "sign_A_3", "match_sign_id": "sign_B_1"}, {"sign_id": "sign_A_3", "match_sign_id": "sign_B_2"}, {"sign_id": "sign_A_3", "match_sign_id": "sign_B_4"}, {"sign_id": "sign_A_3", "match_sign_id": "sign_B_6"}, {"sign_id": "sign_A_4", "match_sign_id": "sign_B_2"}, {"sign_id": "sign_A_4", "match_sign_id": "sign_B_1"}, {"sign_id": "sign_A_4", "match_sign_id": "sign_B_4"}, {"sign_id": "sign_A_4", "match_sign_id": "sign_B_6"}, {"sign_id": "sign_A_5", "match_sign_id": "sign_B_2"}, {"sign_id": "sign_A_5", "match_sign_id": "sign_B_4"}, {"sign_id": "sign_A_5", "match_sign_id": "sign_B_1"}, {"sign_id": "sign_A_5", "match_sign_id": "sign_B_6"}]}