{"group": [{"pic_list": ["19582522082000002005", "19582522082000002006", "19582522082000002007", "19582522082000002008"], "seq_id": "A"}, {"pic_list": ["18557863072100027322", "18557863072100027323", "18557863072100027324", "18557863072100027325"], "seq_id": "B"}], "signs": [{"pic_id": "19582522082000002005", "x": 236, "y": 230, "w": 8, "h": 11, "type": "301", "sign_id": "sign_A_1"}, {"pic_id": "19582522082000002006", "x": 158, "y": 199, "w": 9, "h": 12, "type": "301", "sign_id": "sign_A_2"}, {"pic_id": "19582522082000002007", "x": 20, "y": 148, "w": 11, "h": 15, "type": "301", "sign_id": "sign_A_3"}, {"pic_id": "18557863072100027323", "x": 160, "y": 283, "w": 10, "h": 13, "type": "301", "sign_id": "sign_B_1"}, {"pic_id": "18557863072100027324", "x": 46, "y": 249, "w": 12, "h": 15, "type": "301", "sign_id": "sign_B_2"}], "match": [{"sign_id": "sign_A_1", "match_sign_id": "sign_B_2"}, {"sign_id": "sign_A_1", "match_sign_id": "sign_B_1"}, {"sign_id": "sign_A_2", "match_sign_id": "sign_B_1"}, {"sign_id": "sign_A_2", "match_sign_id": "sign_B_2"}, {"sign_id": "sign_A_3", "match_sign_id": "sign_B_2"}, {"sign_id": "sign_A_3", "match_sign_id": "sign_B_1"}]}