{"group": [{"pic_list": ["20598830012800001961", "20598830012800001897", "20598830012800001898", "20598830012800001899", "20598830012800001900", "20598830012800001901"], "seq_id": "A"}, {"pic_list": ["18558678091000037743", "18558678091000037744", "18558678091000037745", "18558678091000037746"], "seq_id": "B"}], "signs": [{"pic_id": "20598830012800001961", "x": 19, "y": 310, "w": 16, "h": 19, "type": "301", "sign_id": "sign_A_1"}, {"pic_id": "20598830012800001961", "x": 958, "y": 389, "w": 11, "h": 12, "type": "301", "sign_id": "sign_A_2"}, {"pic_id": "20598830012800001897", "x": 1066, "y": 366, "w": 12, "h": 14, "type": "301", "sign_id": "sign_A_3"}, {"pic_id": "20598830012800001898", "x": 1226, "y": 320, "w": 16, "h": 17, "type": "301", "sign_id": "sign_A_4"}, {"pic_id": "18558678091000037743", "x": 1155, "y": 204, "w": 14, "h": 15, "type": "301", "sign_id": "sign_B_1"}], "match": [{"sign_id": "sign_A_1", "match_sign_id": " "}, {"sign_id": "sign_A_2", "match_sign_id": "sign_B_1"}, {"sign_id": "sign_A_3", "match_sign_id": "sign_B_1"}, {"sign_id": "sign_A_4", "match_sign_id": "sign_B_1"}]}