{"group": [{"pic_list": ["19593609121100001741", "19593609121100001742", "19593609121100001743", "19593609121100001744", "19593609121100001745", "19593609121100001746"], "seq_id": "A"}, {"pic_list": ["18558356082200012392", "18558356082200012335", "18558356082200012336", "18558356082200012337", "18558356082200012338", "18558356082200012339", "18558356082200012340", "18558356082200012341"], "seq_id": "B"}], "signs": [{"pic_id": "19593609121100001741", "x": 640, "y": 108, "w": 14, "h": 18, "type": "301", "sign_id": "sign_A_1"}, {"pic_id": "19593609121100001742", "x": 571, "y": 291, "w": 5, "h": 6, "type": "301", "sign_id": "sign_A_2"}, {"pic_id": "19593609121100001743", "x": 561, "y": 286, "w": 6, "h": 7, "type": "301", "sign_id": "sign_A_3"}, {"pic_id": "19593609121100001744", "x": 549, "y": 276, "w": 6, "h": 8, "type": "301", "sign_id": "sign_A_4"}, {"pic_id": "19593609121100001745", "x": 517, "y": 258, "w": 7, "h": 10, "type": "301", "sign_id": "sign_A_5"}, {"pic_id": "19593609121100001746", "x": 480, "y": 232, "w": 8, "h": 11, "type": "301", "sign_id": "sign_A_6"}, {"pic_id": "18558356082200012392", "x": 392, "y": 310, "w": 11, "h": 15, "type": "301", "sign_id": "sign_B_1"}, {"pic_id": "18558356082200012335", "x": 465, "y": 223, "w": 16, "h": 19, "type": "301", "sign_id": "sign_B_2"}, {"pic_id": "18558356082200012336", "x": 345, "y": 42, "w": 27, "h": 33, "type": "301", "sign_id": "sign_B_3"}, {"pic_id": "18558356082200012338", "x": 524, "y": 431, "w": 6, "h": 7, "type": "301", "sign_id": "sign_B_4"}, {"pic_id": "18558356082200012339", "x": 509, "y": 423, "w": 6, "h": 7, "type": "301", "sign_id": "sign_B_5"}, {"pic_id": "18558356082200012339", "x": 723, "y": 405, "w": 7, "h": 9, "type": "301", "sign_id": "sign_B_6"}, {"pic_id": "18558356082200012340", "x": 498, "y": 414, "w": 6, "h": 8, "type": "301", "sign_id": "sign_B_7"}, {"pic_id": "18558356082200012341", "x": 464, "y": 395, "w": 7, "h": 9, "type": "301", "sign_id": "sign_B_8"}], "match": [{"sign_id": "sign_A_1", "match_sign_id": "sign_B_2"}, {"sign_id": "sign_A_1", "match_sign_id": "sign_B_3"}, {"sign_id": "sign_A_1", "match_sign_id": "sign_B_1"}, {"sign_id": "sign_A_1", "match_sign_id": "sign_B_5"}, {"sign_id": "sign_A_1", "match_sign_id": "sign_B_8"}, {"sign_id": "sign_A_1", "match_sign_id": "sign_B_4"}, {"sign_id": "sign_A_1", "match_sign_id": "sign_B_7"}, {"sign_id": "sign_A_1", "match_sign_id": "sign_B_6"}, {"sign_id": "sign_A_2", "match_sign_id": "sign_B_5"}, {"sign_id": "sign_A_2", "match_sign_id": "sign_B_7"}, {"sign_id": "sign_A_2", "match_sign_id": "sign_B_6"}, {"sign_id": "sign_A_2", "match_sign_id": "sign_B_8"}, {"sign_id": "sign_A_2", "match_sign_id": "sign_B_1"}, {"sign_id": "sign_A_3", "match_sign_id": "sign_B_7"}, {"sign_id": "sign_A_3", "match_sign_id": "sign_B_5"}, {"sign_id": "sign_A_3", "match_sign_id": "sign_B_4"}, {"sign_id": "sign_A_3", "match_sign_id": "sign_B_8"}, {"sign_id": "sign_A_3", "match_sign_id": "sign_B_6"}, {"sign_id": "sign_A_3", "match_sign_id": "sign_B_3"}, {"sign_id": "sign_A_4", "match_sign_id": "sign_B_7"}, {"sign_id": "sign_A_4", "match_sign_id": "sign_B_4"}, {"sign_id": "sign_A_4", "match_sign_id": "sign_B_8"}, {"sign_id": "sign_A_4", "match_sign_id": "sign_B_6"}, {"sign_id": "sign_A_4", "match_sign_id": "sign_B_5"}, {"sign_id": "sign_A_4", "match_sign_id": "sign_B_1"}, {"sign_id": "sign_A_5", "match_sign_id": "sign_B_8"}, {"sign_id": "sign_A_5", "match_sign_id": "sign_B_7"}, {"sign_id": "sign_A_5", "match_sign_id": "sign_B_5"}, {"sign_id": "sign_A_5", "match_sign_id": "sign_B_4"}, {"sign_id": "sign_A_5", "match_sign_id": "sign_B_1"}, {"sign_id": "sign_A_6", "match_sign_id": "sign_B_8"}, {"sign_id": "sign_A_6", "match_sign_id": "sign_B_7"}, {"sign_id": "sign_A_6", "match_sign_id": "sign_B_6"}, {"sign_id": "sign_A_6", "match_sign_id": "sign_B_5"}, {"sign_id": "sign_A_6", "match_sign_id": "sign_B_4"}, {"sign_id": "sign_A_6", "match_sign_id": "sign_B_1"}, {"sign_id": "sign_A_2", "match_sign_id": "sign_B_2"}, {"sign_id": "sign_A_4", "match_sign_id": "sign_B_2"}, {"sign_id": "sign_A_2", "match_sign_id": "sign_B_3"}, {"sign_id": "sign_A_2", "match_sign_id": "sign_B_4"}]}