{"group": [{"pic_list": ["19595351122000003283", "19595351122000003284", "19595351122000003285", "19595351122000003286", "19595351122000003287", "19595351122000003288", "19595351122000003289"], "seq_id": "A"}, {"pic_list": ["18556366061200038504", "18556366061200038505", "18556366061200038506", "18556366061200038507", "18556366061200038508"], "seq_id": "B"}], "signs": [{"pic_id": "19595351122000003283", "x": 558, "y": 301, "w": 21, "h": 21, "type": "207", "sign_id": "sign_A_1"}, {"pic_id": "19595351122000003283", "x": 372, "y": 191, "w": 11, "h": 12, "type": "301", "sign_id": "sign_A_2"}, {"pic_id": "19595351122000003283", "x": 190, "y": 240, "w": 8, "h": 12, "type": "301", "sign_id": "sign_A_3"}, {"pic_id": "19595351122000003284", "x": 534, "y": 288, "w": 26, "h": 25, "type": "207", "sign_id": "sign_A_4"}, {"pic_id": "19595351122000003284", "x": 1106, "y": 219, "w": 11, "h": 15, "type": "301", "sign_id": "sign_A_5"}, {"pic_id": "19595351122000003284", "x": 340, "y": 173, "w": 11, "h": 13, "type": "301", "sign_id": "sign_A_6"}, {"pic_id": "19595351122000003284", "x": 137, "y": 229, "w": 8, "h": 9, "type": "301", "sign_id": "sign_A_7"}, {"pic_id": "19595351122000003285", "x": 460, "y": 256, "w": 36, "h": 36, "type": "207", "sign_id": "sign_A_8"}, {"pic_id": "19595351122000003285", "x": 1173, "y": 192, "w": 13, "h": 18, "type": "301", "sign_id": "sign_A_9"}, {"pic_id": "19595351122000003285", "x": 264, "y": 140, "w": 14, "h": 17, "type": "301", "sign_id": "sign_A_10"}, {"pic_id": "19595351122000003286", "x": 170, "y": 104, "w": 93, "h": 89, "type": "207", "sign_id": "sign_A_11"}, {"pic_id": "19595351122000003286", "x": 141, "y": 78, "w": 16, "h": 20, "type": "301", "sign_id": "sign_A_12"}, {"pic_id": "19595351122000003286", "x": 590, "y": 283, "w": 6, "h": 7, "type": "301", "sign_id": "sign_A_13"}, {"pic_id": "19595351122000003287", "x": 349, "y": 290, "w": 10, "h": 12, "type": "301", "sign_id": "sign_A_14"}, {"pic_id": "19595351122000003288", "x": 98, "y": 255, "w": 14, "h": 17, "type": "301", "sign_id": "sign_A_15"}, {"pic_id": "18556366061200038504", "x": 414, "y": 337, "w": 30, "h": 29, "type": "207", "sign_id": "sign_B_1"}, {"pic_id": "18556366061200038504", "x": 1002, "y": 297, "w": 12, "h": 16, "type": "301", "sign_id": "sign_B_2"}, {"pic_id": "18556366061200038505", "x": 202, "y": 207, "w": 72, "h": 66, "type": "207", "sign_id": "sign_B_3"}, {"pic_id": "18556366061200038505", "x": 1178, "y": 233, "w": 16, "h": 21, "type": "301", "sign_id": "sign_B_4"}, {"pic_id": "18556366061200038506", "x": 186, "y": 323, "w": 11, "h": 13, "type": "301", "sign_id": "sign_B_5"}], "match": [{"sign_id": "sign_A_1", "match_sign_id": "sign_B_1"}, {"sign_id": "sign_A_1", "match_sign_id": "sign_B_3"}, {"sign_id": "sign_A_2", "match_sign_id": "sign_B_2"}, {"sign_id": "sign_A_2", "match_sign_id": "sign_B_5"}, {"sign_id": "sign_A_2", "match_sign_id": "sign_B_4"}, {"sign_id": "sign_A_3", "match_sign_id": "sign_B_5"}, {"sign_id": "sign_A_4", "match_sign_id": "sign_B_1"}, {"sign_id": "sign_A_4", "match_sign_id": "sign_B_3"}, {"sign_id": "sign_A_5", "match_sign_id": "sign_B_4"}, {"sign_id": "sign_A_5", "match_sign_id": "sign_B_2"}, {"sign_id": "sign_A_6", "match_sign_id": "sign_B_2"}, {"sign_id": "sign_A_6", "match_sign_id": "sign_B_5"}, {"sign_id": "sign_A_7", "match_sign_id": " "}, {"sign_id": "sign_A_8", "match_sign_id": "sign_B_1"}, {"sign_id": "sign_A_8", "match_sign_id": "sign_B_3"}, {"sign_id": "sign_A_9", "match_sign_id": "sign_B_4"}, {"sign_id": "sign_A_9", "match_sign_id": "sign_B_2"}, {"sign_id": "sign_A_10", "match_sign_id": "sign_B_2"}, {"sign_id": "sign_A_10", "match_sign_id": "sign_B_5"}, {"sign_id": "sign_A_11", "match_sign_id": "sign_B_1"}, {"sign_id": "sign_A_11", "match_sign_id": "sign_B_3"}, {"sign_id": "sign_A_12", "match_sign_id": "sign_B_2"}, {"sign_id": "sign_A_12", "match_sign_id": "sign_B_4"}, {"sign_id": "sign_A_13", "match_sign_id": "sign_B_5"}, {"sign_id": "sign_A_13", "match_sign_id": "sign_B_2"}, {"sign_id": "sign_A_14", "match_sign_id": "sign_B_5"}, {"sign_id": "sign_A_15", "match_sign_id": "sign_B_5"}, {"sign_id": "sign_A_14", "match_sign_id": "sign_B_2"}, {"sign_id": "sign_A_9", "match_sign_id": "sign_B_5"}]}