{"group": [{"pic_list": ["19582998082900018118", "19582998082900018119", "19582998082900018120", "19582998082900018121"], "seq_id": "A"}, {"pic_list": ["18559472110200032335", "18559472110200032336", "18559472110200032337", "18559472110200032338", "18559472110200032339", "18559472110200032340", "18559472110200032341"], "seq_id": "B"}], "signs": [{"pic_id": "19582998082900018118", "x": 565, "y": 336, "w": 6, "h": 8, "type": "301", "sign_id": "sign_A_1"}, {"pic_id": "19582998082900018118", "x": 793, "y": 344, "w": 7, "h": 7, "type": "301", "sign_id": "sign_A_2"}, {"pic_id": "19582998082900018118", "x": 605, "y": 332, "w": 6, "h": 7, "type": "301", "sign_id": "sign_A_3"}, {"pic_id": "19582998082900018119", "x": 529, "y": 319, "w": 8, "h": 10, "type": "301", "sign_id": "sign_A_4"}, {"pic_id": "19582998082900018119", "x": 817, "y": 331, "w": 8, "h": 9, "type": "301", "sign_id": "sign_A_5"}, {"pic_id": "19582998082900018120", "x": 687, "y": 380, "w": 11, "h": 13, "type": "207", "sign_id": "sign_A_6"}, {"pic_id": "19582998082900018120", "x": 454, "y": 282, "w": 11, "h": 14, "type": "301", "sign_id": "sign_A_7"}, {"pic_id": "19582998082900018120", "x": 847, "y": 309, "w": 9, "h": 11, "type": "301", "sign_id": "sign_A_8"}, {"pic_id": "19582998082900018121", "x": 669, "y": 366, "w": 13, "h": 19, "type": "207", "sign_id": "sign_A_9"}, {"pic_id": "19582998082900018121", "x": 251, "y": 182, "w": 18, "h": 24, "type": "301", "sign_id": "sign_A_10"}, {"pic_id": "19582998082900018121", "x": 900, "y": 263, "w": 12, "h": 15, "type": "301", "sign_id": "sign_A_11"}, {"pic_id": "18559472110200032335", "x": 1062, "y": 367, "w": 9, "h": 10, "type": "301", "sign_id": "sign_B_1"}, {"pic_id": "18559472110200032335", "x": 758, "y": 343, "w": 8, "h": 10, "type": "301", "sign_id": "sign_B_2"}, {"pic_id": "18559472110200032336", "x": 478, "y": 319, "w": 9, "h": 12, "type": "301", "sign_id": "sign_B_3"}, {"pic_id": "18559472110200032336", "x": 780, "y": 350, "w": 7, "h": 9, "type": "301", "sign_id": "sign_B_4"}, {"pic_id": "18559472110200032337", "x": 375, "y": 297, "w": 10, "h": 13, "type": "301", "sign_id": "sign_B_5"}, {"pic_id": "18559472110200032337", "x": 719, "y": 341, "w": 7, "h": 9, "type": "301", "sign_id": "sign_B_6"}, {"pic_id": "18559472110200032338", "x": 289, "y": 270, "w": 12, "h": 15, "type": "301", "sign_id": "sign_B_7"}, {"pic_id": "18559472110200032338", "x": 703, "y": 325, "w": 8, "h": 11, "type": "301", "sign_id": "sign_B_8"}, {"pic_id": "18559472110200032339", "x": 171, "y": 232, "w": 15, "h": 19, "type": "301", "sign_id": "sign_B_9"}, {"pic_id": "18559472110200032339", "x": 696, "y": 308, "w": 9, "h": 12, "type": "301", "sign_id": "sign_B_10"}, {"pic_id": "18559472110200032340", "x": 491, "y": 370, "w": 16, "h": 20, "type": "207", "sign_id": "sign_B_11"}, {"pic_id": "18559472110200032340", "x": 692, "y": 281, "w": 11, "h": 15, "type": "301", "sign_id": "sign_B_12"}, {"pic_id": "18559472110200032341", "x": 457, "y": 357, "w": 21, "h": 26, "type": "207", "sign_id": "sign_B_13"}, {"pic_id": "18559472110200032341", "x": 714, "y": 234, "w": 15, "h": 20, "type": "301", "sign_id": "sign_B_14"}], "match": [{"sign_id": "sign_A_1", "match_sign_id": "sign_B_2"}, {"sign_id": "sign_A_1", "match_sign_id": "sign_B_8"}, {"sign_id": "sign_A_1", "match_sign_id": "sign_B_6"}, {"sign_id": "sign_A_1", "match_sign_id": "sign_B_10"}, {"sign_id": "sign_A_1", "match_sign_id": "sign_B_5"}, {"sign_id": "sign_A_1", "match_sign_id": "sign_B_3"}, {"sign_id": "sign_A_1", "match_sign_id": "sign_B_12"}, {"sign_id": "sign_A_2", "match_sign_id": "sign_B_1"}, {"sign_id": "sign_A_4", "match_sign_id": "sign_B_3"}, {"sign_id": "sign_A_4", "match_sign_id": "sign_B_5"}, {"sign_id": "sign_A_4", "match_sign_id": "sign_B_2"}, {"sign_id": "sign_A_4", "match_sign_id": "sign_B_7"}, {"sign_id": "sign_A_4", "match_sign_id": "sign_B_9"}, {"sign_id": "sign_A_4", "match_sign_id": "sign_B_14"}, {"sign_id": "sign_A_4", "match_sign_id": "sign_B_10"}, {"sign_id": "sign_A_5", "match_sign_id": "sign_B_1"}, {"sign_id": "sign_A_5", "match_sign_id": "sign_B_4"}, {"sign_id": "sign_A_5", "match_sign_id": "sign_B_8"}, {"sign_id": "sign_A_6", "match_sign_id": "sign_B_11"}, {"sign_id": "sign_A_6", "match_sign_id": "sign_B_13"}, {"sign_id": "sign_A_7", "match_sign_id": "sign_B_9"}, {"sign_id": "sign_A_7", "match_sign_id": "sign_B_7"}, {"sign_id": "sign_A_7", "match_sign_id": "sign_B_5"}, {"sign_id": "sign_A_7", "match_sign_id": "sign_B_14"}, {"sign_id": "sign_A_7", "match_sign_id": "sign_B_3"}, {"sign_id": "sign_A_7", "match_sign_id": "sign_B_12"}, {"sign_id": "sign_A_7", "match_sign_id": "sign_B_2"}, {"sign_id": "sign_A_8", "match_sign_id": "sign_B_1"}, {"sign_id": "sign_A_8", "match_sign_id": "sign_B_4"}, {"sign_id": "sign_A_8", "match_sign_id": "sign_B_6"}, {"sign_id": "sign_A_9", "match_sign_id": "sign_B_11"}, {"sign_id": "sign_A_9", "match_sign_id": "sign_B_13"}, {"sign_id": "sign_A_10", "match_sign_id": "sign_B_9"}, {"sign_id": "sign_A_10", "match_sign_id": "sign_B_7"}, {"sign_id": "sign_A_10", "match_sign_id": "sign_B_5"}, {"sign_id": "sign_A_10", "match_sign_id": "sign_B_14"}, {"sign_id": "sign_A_10", "match_sign_id": "sign_B_3"}, {"sign_id": "sign_A_10", "match_sign_id": "sign_B_12"}, {"sign_id": "sign_A_10", "match_sign_id": "sign_B_2"}, {"sign_id": "sign_A_11", "match_sign_id": "sign_B_12"}, {"sign_id": "sign_A_11", "match_sign_id": "sign_B_8"}, {"sign_id": "sign_A_11", "match_sign_id": "sign_B_6"}, {"sign_id": "sign_A_11", "match_sign_id": "sign_B_10"}, {"sign_id": "sign_A_11", "match_sign_id": "sign_B_4"}, {"sign_id": "sign_A_4", "match_sign_id": "sign_B_12"}]}