{"group": [{"pic_list": ["19581837081000011544", "19581837081000011545", "19581837081000011546", "19581837081000011547", "19581837081000011548", "19581837081000011549", "19581837081000011550"], "seq_id": "A"}, {"pic_list": ["18557962072300022805", "18557962072300022806", "18557962072300022807", "18557962072300022808", "18557962072300022809", "18557962072300022810", "18557962072300022811", "18557962072300022812", "18557962072300022813", "18557962072300022814"], "seq_id": "B"}], "signs": [{"pic_id": "19581837081000011544", "x": 646, "y": 313, "w": 6, "h": 8, "type": "301", "sign_id": "sign_A_1"}, {"pic_id": "19581837081000011544", "x": 473, "y": 295, "w": 6, "h": 7, "type": "301", "sign_id": "sign_A_2"}, {"pic_id": "19581837081000011545", "x": 663, "y": 292, "w": 8, "h": 10, "type": "301", "sign_id": "sign_A_3"}, {"pic_id": "19581837081000011545", "x": 450, "y": 273, "w": 7, "h": 8, "type": "301", "sign_id": "sign_A_4"}, {"pic_id": "19581837081000011546", "x": 688, "y": 249, "w": 11, "h": 14, "type": "301", "sign_id": "sign_A_5"}, {"pic_id": "19581837081000011546", "x": 403, "y": 238, "w": 8, "h": 10, "type": "301", "sign_id": "sign_A_6"}, {"pic_id": "19581837081000011546", "x": 317, "y": 210, "w": 8, "h": 11, "type": "301", "sign_id": "sign_A_7"}, {"pic_id": "19581837081000011547", "x": 748, "y": 147, "w": 18, "h": 24, "type": "301", "sign_id": "sign_A_8"}, {"pic_id": "19581837081000011547", "x": 316, "y": 180, "w": 12, "h": 15, "type": "301", "sign_id": "sign_A_9"}, {"pic_id": "19581837081000011547", "x": 139, "y": 109, "w": 12, "h": 14, "type": "301", "sign_id": "sign_A_10"}, {"pic_id": "19581837081000011548", "x": 137, "y": 47, "w": 17, "h": 22, "type": "301", "sign_id": "sign_A_11"}, {"pic_id": "18557962072300022805", "x": 440, "y": 378, "w": 6, "h": 7, "type": "301", "sign_id": "sign_B_1"}, {"pic_id": "18557962072300022806", "x": 420, "y": 374, "w": 8, "h": 8, "type": "301", "sign_id": "sign_B_2"}, {"pic_id": "18557962072300022807", "x": 578, "y": 384, "w": 7, "h": 9, "type": "301", "sign_id": "sign_B_3"}, {"pic_id": "18557962072300022807", "x": 395, "y": 365, "w": 8, "h": 9, "type": "301", "sign_id": "sign_B_4"}, {"pic_id": "18557962072300022808", "x": 583, "y": 358, "w": 8, "h": 10, "type": "301", "sign_id": "sign_B_5"}, {"pic_id": "18557962072300022808", "x": 372, "y": 341, "w": 8, "h": 9, "type": "301", "sign_id": "sign_B_6"}, {"pic_id": "18557962072300022809", "x": 586, "y": 301, "w": 12, "h": 16, "type": "301", "sign_id": "sign_B_7"}, {"pic_id": "18557962072300022809", "x": 169, "y": 261, "w": 10, "h": 11, "type": "301", "sign_id": "sign_B_8"}, {"pic_id": "18557962072300022809", "x": 306, "y": 302, "w": 10, "h": 11, "type": "301", "sign_id": "sign_B_9"}, {"pic_id": "18557962072300022810", "x": 1100, "y": 404, "w": 13, "h": 20, "type": "201", "sign_id": "sign_B_10"}, {"pic_id": "18557962072300022810", "x": 582, "y": 232, "w": 16, "h": 23, "type": "301", "sign_id": "sign_B_11"}, {"pic_id": "18557962072300022810", "x": 241, "y": 266, "w": 12, "h": 15, "type": "301", "sign_id": "sign_B_12"}], "match": [{"sign_id": "sign_A_1", "match_sign_id": "sign_B_3"}, {"sign_id": "sign_A_1", "match_sign_id": "sign_B_5"}, {"sign_id": "sign_A_1", "match_sign_id": "sign_B_7"}, {"sign_id": "sign_A_2", "match_sign_id": "sign_B_12"}, {"sign_id": "sign_A_2", "match_sign_id": "sign_B_4"}, {"sign_id": "sign_A_2", "match_sign_id": "sign_B_6"}, {"sign_id": "sign_A_2", "match_sign_id": "sign_B_2"}, {"sign_id": "sign_A_2", "match_sign_id": "sign_B_9"}, {"sign_id": "sign_A_3", "match_sign_id": "sign_B_1"}, {"sign_id": "sign_A_4", "match_sign_id": "sign_B_12"}, {"sign_id": "sign_A_4", "match_sign_id": "sign_B_6"}, {"sign_id": "sign_A_4", "match_sign_id": "sign_B_4"}, {"sign_id": "sign_A_4", "match_sign_id": "sign_B_9"}, {"sign_id": "sign_A_4", "match_sign_id": "sign_B_2"}, {"sign_id": "sign_A_5", "match_sign_id": "sign_B_11"}, {"sign_id": "sign_A_5", "match_sign_id": "sign_B_7"}, {"sign_id": "sign_A_5", "match_sign_id": "sign_B_5"}, {"sign_id": "sign_A_6", "match_sign_id": "sign_B_9"}, {"sign_id": "sign_A_6", "match_sign_id": "sign_B_6"}, {"sign_id": "sign_A_6", "match_sign_id": "sign_B_4"}, {"sign_id": "sign_A_6", "match_sign_id": "sign_B_12"}, {"sign_id": "sign_A_6", "match_sign_id": "sign_B_2"}, {"sign_id": "sign_A_6", "match_sign_id": "sign_B_1"}, {"sign_id": "sign_A_7", "match_sign_id": "sign_B_8"}, {"sign_id": "sign_A_8", "match_sign_id": "sign_B_11"}, {"sign_id": "sign_A_8", "match_sign_id": "sign_B_7"}, {"sign_id": "sign_A_8", "match_sign_id": "sign_B_5"}, {"sign_id": "sign_A_9", "match_sign_id": "sign_B_9"}, {"sign_id": "sign_A_9", "match_sign_id": "sign_B_6"}, {"sign_id": "sign_A_9", "match_sign_id": "sign_B_4"}, {"sign_id": "sign_A_9", "match_sign_id": "sign_B_12"}, {"sign_id": "sign_A_9", "match_sign_id": "sign_B_2"}, {"sign_id": "sign_A_10", "match_sign_id": "sign_B_8"}, {"sign_id": "sign_A_11", "match_sign_id": "sign_B_12"}, {"sign_id": "sign_A_11", "match_sign_id": "sign_B_9"}, {"sign_id": "sign_A_11", "match_sign_id": "sign_B_6"}, {"sign_id": "sign_A_2", "match_sign_id": "sign_B_1"}, {"sign_id": "sign_A_4", "match_sign_id": "sign_B_1"}, {"sign_id": "sign_A_9", "match_sign_id": "sign_B_1"}, {"sign_id": "sign_A_5", "match_sign_id": "sign_B_3"}, {"sign_id": "sign_A_8", "match_sign_id": "sign_B_3"}, {"sign_id": "sign_A_3", "match_sign_id": "sign_B_3"}, {"sign_id": "sign_A_10", "match_sign_id": "sign_B_3"}, {"sign_id": "sign_A_3", "match_sign_id": "sign_B_5"}, {"sign_id": "sign_A_3", "match_sign_id": "sign_B_7"}, {"sign_id": "sign_A_1", "match_sign_id": "sign_B_8"}, {"sign_id": "sign_A_11", "match_sign_id": "sign_B_8"}, {"sign_id": "sign_A_3", "match_sign_id": "sign_B_11"}]}