{"group": [{"pic_list": ["19582214081600012171", "19582214081600012172", "19582214081600012173", "19582214081600012174", "19582214081600012175", "19582214081600012176", "19582214081600012177"], "seq_id": "A"}, {"pic_list": ["19579940071100004706", "19579940071100004707", "19579940071100004708", "19579940071100004709", "19579940071100004710", "19579940071100004711", "19579940071100004712", "19579940071100004713"], "seq_id": "B"}], "signs": [{"pic_id": "19582214081600012171", "x": 431, "y": 324, "w": 9, "h": 12, "type": "301", "sign_id": "sign_A_1"}, {"pic_id": "19582214081600012172", "x": 299, "y": 308, "w": 11, "h": 15, "type": "301", "sign_id": "sign_A_2"}, {"pic_id": "19582214081600012173", "x": 388, "y": 290, "w": 16, "h": 20, "type": "301", "sign_id": "sign_A_3"}, {"pic_id": "19582214081600012174", "x": 89, "y": 201, "w": 22, "h": 28, "type": "301", "sign_id": "sign_A_4"}, {"pic_id": "19579940071100004706", "x": 353, "y": 430, "w": 18, "h": 23, "type": "301", "sign_id": "sign_B_1"}, {"pic_id": "19579940071100004707", "x": 228, "y": 353, "w": 24, "h": 29, "type": "301", "sign_id": "sign_B_2"}, {"pic_id": "19579940071100004708", "x": 24, "y": 248, "w": 30, "h": 41, "type": "301", "sign_id": "sign_B_3"}, {"pic_id": "19579940071100004708", "x": 770, "y": 564, "w": 8, "h": 10, "type": "301", "sign_id": "sign_B_4"}, {"pic_id": "19579940071100004709", "x": 763, "y": 571, "w": 8, "h": 10, "type": "301", "sign_id": "sign_B_5"}, {"pic_id": "19579940071100004710", "x": 1841, "y": 309, "w": 19, "h": 28, "type": "301", "sign_id": "sign_B_6"}, {"pic_id": "19579940071100004710", "x": 794, "y": 564, "w": 9, "h": 11, "type": "301", "sign_id": "sign_B_7"}, {"pic_id": "19579940071100004711", "x": 892, "y": 552, "w": 10, "h": 12, "type": "301", "sign_id": "sign_B_8"}, {"pic_id": "19579940071100004712", "x": 985, "y": 537, "w": 11, "h": 14, "type": "301", "sign_id": "sign_B_9"}, {"pic_id": "19579940071100004713", "x": 1507, "y": 510, "w": 12, "h": 18, "type": "301", "sign_id": "sign_B_10"}], "match": [{"sign_id": "sign_A_1", "match_sign_id": "sign_B_1"}, {"sign_id": "sign_A_1", "match_sign_id": "sign_B_2"}, {"sign_id": "sign_A_1", "match_sign_id": "sign_B_9"}, {"sign_id": "sign_A_1", "match_sign_id": "sign_B_8"}, {"sign_id": "sign_A_1", "match_sign_id": "sign_B_7"}, {"sign_id": "sign_A_1", "match_sign_id": "sign_B_10"}, {"sign_id": "sign_A_1", "match_sign_id": "sign_B_5"}, {"sign_id": "sign_A_2", "match_sign_id": "sign_B_9"}, {"sign_id": "sign_A_2", "match_sign_id": "sign_B_1"}, {"sign_id": "sign_A_2", "match_sign_id": "sign_B_8"}, {"sign_id": "sign_A_2", "match_sign_id": "sign_B_7"}, {"sign_id": "sign_A_2", "match_sign_id": "sign_B_10"}, {"sign_id": "sign_A_2", "match_sign_id": "sign_B_4"}, {"sign_id": "sign_A_2", "match_sign_id": "sign_B_5"}, {"sign_id": "sign_A_3", "match_sign_id": "sign_B_2"}, {"sign_id": "sign_A_3", "match_sign_id": "sign_B_3"}, {"sign_id": "sign_A_3", "match_sign_id": "sign_B_1"}, {"sign_id": "sign_A_3", "match_sign_id": "sign_B_9"}, {"sign_id": "sign_A_3", "match_sign_id": "sign_B_5"}, {"sign_id": "sign_A_3", "match_sign_id": "sign_B_10"}, {"sign_id": "sign_A_3", "match_sign_id": "sign_B_8"}, {"sign_id": "sign_A_3", "match_sign_id": "sign_B_7"}, {"sign_id": "sign_A_4", "match_sign_id": "sign_B_3"}, {"sign_id": "sign_A_4", "match_sign_id": "sign_B_2"}, {"sign_id": "sign_A_4", "match_sign_id": "sign_B_1"}, {"sign_id": "sign_A_4", "match_sign_id": "sign_B_9"}, {"sign_id": "sign_A_4", "match_sign_id": "sign_B_5"}, {"sign_id": "sign_A_4", "match_sign_id": "sign_B_6"}, {"sign_id": "sign_A_4", "match_sign_id": "sign_B_10"}, {"sign_id": "sign_A_2", "match_sign_id": "sign_B_2"}, {"sign_id": "sign_A_1", "match_sign_id": "sign_B_3"}, {"sign_id": "sign_A_1", "match_sign_id": "sign_B_4"}, {"sign_id": "sign_A_3", "match_sign_id": "sign_B_6"}]}