{"group": [{"pic_list": ["19595684122100003778", "19595684122100003925", "19595684122100003926", "19595684122100003927", "19595684122100003928"], "seq_id": "A"}, {"pic_list": ["18558620090300039009", "18558620090300039010", "18558620090300039011"], "seq_id": "B"}], "signs": [{"pic_id": "19595684122100003778", "x": 587, "y": 240, "w": 15, "h": 14, "type": "105", "sign_id": "sign_A_1"}, {"pic_id": "19595684122100003925", "x": 598, "y": 217, "w": 18, "h": 18, "type": "105", "sign_id": "sign_A_2"}, {"pic_id": "19595684122100003925", "x": 649, "y": 127, "w": 10, "h": 12, "type": "301", "sign_id": "sign_A_3"}, {"pic_id": "19595684122100003926", "x": 583, "y": 171, "w": 24, "h": 24, "type": "105", "sign_id": "sign_A_4"}, {"pic_id": "19595684122100003926", "x": 659, "y": 15, "w": 13, "h": 18, "type": "301", "sign_id": "sign_A_5"}, {"pic_id": "19595684122100003927", "x": 600, "y": 73, "w": 38, "h": 38, "type": "105", "sign_id": "sign_A_6"}, {"pic_id": "19595684122100003927", "x": 539, "y": 224, "w": 15, "h": 16, "type": "105", "sign_id": "sign_A_7"}, {"pic_id": "19595684122100003928", "x": 555, "y": 192, "w": 19, "h": 19, "type": "105", "sign_id": "sign_A_8"}, {"pic_id": "18558620090300039010", "x": 707, "y": 146, "w": 11, "h": 14, "type": "301", "sign_id": "sign_B_1"}, {"pic_id": "18558620090300039011", "x": 579, "y": 266, "w": 17, "h": 17, "type": "105", "sign_id": "sign_B_2"}], "match": [{"sign_id": "sign_A_1", "match_sign_id": "sign_B_2"}, {"sign_id": "sign_A_2", "match_sign_id": "sign_B_2"}, {"sign_id": "sign_A_3", "match_sign_id": "sign_B_1"}, {"sign_id": "sign_A_4", "match_sign_id": "sign_B_2"}, {"sign_id": "sign_A_5", "match_sign_id": "sign_B_1"}, {"sign_id": "sign_A_6", "match_sign_id": "sign_B_2"}, {"sign_id": "sign_A_7", "match_sign_id": "sign_B_2"}, {"sign_id": "sign_A_8", "match_sign_id": "sign_B_2"}]}