{"group": [{"pic_list": ["19593561121200002989", "19593561121200002990", "19593561121200002991", "19593561121200002992", "19593561121200002993"], "seq_id": "A"}, {"pic_list": ["18558600090300037735", "18558600090300037736", "18558600090300037737", "18558600090300037738", "18558600090300045473"], "seq_id": "B"}], "signs": [{"pic_id": "19593561121200002989", "x": 603, "y": 272, "w": 17, "h": 18, "type": "105", "sign_id": "sign_A_1"}, {"pic_id": "19593561121200002990", "x": 607, "y": 249, "w": 21, "h": 22, "type": "105", "sign_id": "sign_A_2"}, {"pic_id": "19593561121200002990", "x": 580, "y": 283, "w": 6, "h": 8, "type": "301", "sign_id": "sign_A_3"}, {"pic_id": "19593561121200002991", "x": 623, "y": 192, "w": 29, "h": 30, "type": "105", "sign_id": "sign_A_4"}, {"pic_id": "19593561121200002991", "x": 585, "y": 253, "w": 6, "h": 9, "type": "301", "sign_id": "sign_A_5"}, {"pic_id": "19593561121200002992", "x": 674, "y": 15, "w": 56, "h": 57, "type": "105", "sign_id": "sign_A_6"}, {"pic_id": "19593561121200002992", "x": 595, "y": 194, "w": 8, "h": 11, "type": "301", "sign_id": "sign_A_7"}, {"pic_id": "19593561121200002993", "x": 609, "y": 123, "w": 12, "h": 17, "type": "301", "sign_id": "sign_A_8"}, {"pic_id": "18558600090300037735", "x": 612, "y": 283, "w": 18, "h": 19, "type": "105", "sign_id": "sign_B_1"}, {"pic_id": "18558600090300037736", "x": 624, "y": 236, "w": 25, "h": 26, "type": "105", "sign_id": "sign_B_2"}, {"pic_id": "18558600090300037736", "x": 591, "y": 280, "w": 7, "h": 9, "type": "301", "sign_id": "sign_B_3"}, {"pic_id": "18558600090300037737", "x": 644, "y": 154, "w": 37, "h": 37, "type": "105", "sign_id": "sign_B_4"}, {"pic_id": "18558600090300037737", "x": 594, "y": 242, "w": 8, "h": 11, "type": "301", "sign_id": "sign_B_5"}, {"pic_id": "18558600090300037738", "x": 581, "y": 163, "w": 11, "h": 15, "type": "301", "sign_id": "sign_B_6"}, {"pic_id": "18558600090300045473", "x": 588, "y": 101, "w": 12, "h": 18, "type": "301", "sign_id": "sign_B_7"}], "match": [{"sign_id": "sign_A_1", "match_sign_id": "sign_B_1"}, {"sign_id": "sign_A_1", "match_sign_id": "sign_B_2"}, {"sign_id": "sign_A_1", "match_sign_id": "sign_B_4"}, {"sign_id": "sign_A_2", "match_sign_id": "sign_B_2"}, {"sign_id": "sign_A_2", "match_sign_id": "sign_B_1"}, {"sign_id": "sign_A_2", "match_sign_id": "sign_B_4"}, {"sign_id": "sign_A_3", "match_sign_id": "sign_B_5"}, {"sign_id": "sign_A_3", "match_sign_id": "sign_B_3"}, {"sign_id": "sign_A_3", "match_sign_id": "sign_B_6"}, {"sign_id": "sign_A_3", "match_sign_id": "sign_B_7"}, {"sign_id": "sign_A_4", "match_sign_id": "sign_B_4"}, {"sign_id": "sign_A_4", "match_sign_id": "sign_B_2"}, {"sign_id": "sign_A_4", "match_sign_id": "sign_B_1"}, {"sign_id": "sign_A_5", "match_sign_id": "sign_B_5"}, {"sign_id": "sign_A_5", "match_sign_id": "sign_B_3"}, {"sign_id": "sign_A_5", "match_sign_id": "sign_B_6"}, {"sign_id": "sign_A_5", "match_sign_id": "sign_B_7"}, {"sign_id": "sign_A_6", "match_sign_id": "sign_B_4"}, {"sign_id": "sign_A_6", "match_sign_id": "sign_B_2"}, {"sign_id": "sign_A_6", "match_sign_id": "sign_B_1"}, {"sign_id": "sign_A_7", "match_sign_id": "sign_B_6"}, {"sign_id": "sign_A_7", "match_sign_id": "sign_B_7"}, {"sign_id": "sign_A_7", "match_sign_id": "sign_B_5"}, {"sign_id": "sign_A_7", "match_sign_id": "sign_B_3"}, {"sign_id": "sign_A_8", "match_sign_id": "sign_B_5"}, {"sign_id": "sign_A_8", "match_sign_id": "sign_B_3"}, {"sign_id": "sign_A_8", "match_sign_id": "sign_B_7"}, {"sign_id": "sign_A_8", "match_sign_id": "sign_B_6"}]}