{"group": [{"pic_list": ["19590993111700009893", "19590993111700009925", "19590993111700009926", "19590993111700009927", "19590993111700009928"], "seq_id": "A"}, {"pic_list": ["18558444082000042286", "18558444082000042287", "18558444082000042288", "18558444082000042289", "18558444082000042290"], "seq_id": "B"}], "signs": [{"pic_id": "19590993111700009925", "x": 1153, "y": 115, "w": 15, "h": 18, "type": "301", "sign_id": "sign_A_1"}, {"pic_id": "19590993111700009927", "x": 831, "y": 236, "w": 16, "h": 17, "type": "106", "sign_id": "sign_A_2"}, {"pic_id": "19590993111700009928", "x": 843, "y": 219, "w": 21, "h": 23, "type": "106", "sign_id": "sign_A_3"}, {"pic_id": "18558444082000042288", "x": 693, "y": 343, "w": 14, "h": 13, "type": "106", "sign_id": "sign_B_1"}, {"pic_id": "18558444082000042288", "x": 1026, "y": 85, "w": 21, "h": 26, "type": "301", "sign_id": "sign_B_2"}, {"pic_id": "18558444082000042289", "x": 578, "y": 335, "w": 15, "h": 15, "type": "106", "sign_id": "sign_B_3"}], "match": [{"sign_id": "sign_A_1", "match_sign_id": "sign_B_2"}, {"sign_id": "sign_A_2", "match_sign_id": "sign_B_3"}, {"sign_id": "sign_A_2", "match_sign_id": "sign_B_1"}, {"sign_id": "sign_A_3", "match_sign_id": "sign_B_3"}, {"sign_id": "sign_A_3", "match_sign_id": "sign_B_1"}]}