{"group": [{"pic_list": ["20599450031300012572", "20599450031300012463", "20599450031300012464", "20599450031300012465"], "seq_id": "A"}, {"pic_list": ["18553507010900017674", "18553507010900017675", "18553507010900017676", "18553507010900017677"], "seq_id": "B"}], "signs": [{"pic_id": "20599450031300012463", "x": 470, "y": 618, "w": 10, "h": 14, "type": "301", "sign_id": "sign_A_1"}, {"pic_id": "20599450031300012463", "x": 719, "y": 629, "w": 11, "h": 14, "type": "301", "sign_id": "sign_A_2"}, {"pic_id": "20599450031300012464", "x": 775, "y": 596, "w": 13, "h": 16, "type": "301", "sign_id": "sign_A_3"}, {"pic_id": "20599450031300012464", "x": 460, "y": 585, "w": 13, "h": 16, "type": "301", "sign_id": "sign_A_4"}, {"pic_id": "20599450031300012465", "x": 837, "y": 549, "w": 16, "h": 20, "type": "301", "sign_id": "sign_A_5"}, {"pic_id": "20599450031300012465", "x": 444, "y": 540, "w": 15, "h": 19, "type": "301", "sign_id": "sign_A_6"}], "match": [{"sign_id": "sign_A_1", "match_sign_id": " "}, {"sign_id": "sign_A_2", "match_sign_id": " "}, {"sign_id": "sign_A_3", "match_sign_id": " "}, {"sign_id": "sign_A_4", "match_sign_id": " "}, {"sign_id": "sign_A_5", "match_sign_id": " "}, {"sign_id": "sign_A_6", "match_sign_id": " "}]}