{"group": [{"pic_list": ["19586570100200001706", "19586570100200001707", "19586570100200001708", "19586570100200001709"], "seq_id": "A"}, {"pic_list": ["18559186101000026262", "18559186101000026263", "18559186101000026264"], "seq_id": "B"}], "signs": [{"pic_id": "19586570100200001706", "x": 893, "y": 238, "w": 10, "h": 13, "type": "301", "sign_id": "sign_A_1"}, {"pic_id": "19586570100200001707", "x": 998, "y": 197, "w": 15, "h": 19, "type": "301", "sign_id": "sign_A_2"}, {"pic_id": "19586570100200001708", "x": 1060, "y": 155, "w": 17, "h": 22, "type": "301", "sign_id": "sign_A_3"}], "match": [{"sign_id": "sign_A_1", "match_sign_id": " "}, {"sign_id": "sign_A_2", "match_sign_id": " "}, {"sign_id": "sign_A_3", "match_sign_id": " "}]}