{"group": [{"pic_list": ["19581460080500001230", "19581460080500001231", "19581460080500001232"], "seq_id": "A"}, {"pic_list": ["18558331080900024646", "18558331080900024647", "18558331080900024648", "18558331080900024649"], "seq_id": "B"}], "signs": [{"pic_id": "19581460080500001230", "x": 764, "y": 362, "w": 8, "h": 9, "type": "301", "sign_id": "sign_A_1"}, {"pic_id": "19581460080500001230", "x": 345, "y": 268, "w": 11, "h": 14, "type": "301", "sign_id": "sign_A_2"}, {"pic_id": "19581460080500001231", "x": 175, "y": 136, "w": 17, "h": 21, "type": "301", "sign_id": "sign_A_3"}, {"pic_id": "19581460080500001231", "x": 838, "y": 315, "w": 11, "h": 13, "type": "301", "sign_id": "sign_A_4"}, {"pic_id": "19581460080500001232", "x": 1008, "y": 219, "w": 17, "h": 22, "type": "301", "sign_id": "sign_A_5"}, {"pic_id": "18558331080900024646", "x": 648, "y": 292, "w": 8, "h": 9, "type": "301", "sign_id": "sign_B_1"}, {"pic_id": "18558331080900024647", "x": 671, "y": 268, "w": 9, "h": 10, "type": "301", "sign_id": "sign_B_2"}, {"pic_id": "18558331080900024648", "x": 673, "y": 249, "w": 11, "h": 14, "type": "301", "sign_id": "sign_B_3"}, {"pic_id": "18558331080900024649", "x": 531, "y": 198, "w": 13, "h": 16, "type": "301", "sign_id": "sign_B_4"}], "match": [{"sign_id": "sign_A_1", "match_sign_id": "sign_B_1"}, {"sign_id": "sign_A_1", "match_sign_id": "sign_B_2"}, {"sign_id": "sign_A_1", "match_sign_id": "sign_B_3"}, {"sign_id": "sign_A_1", "match_sign_id": "sign_B_4"}, {"sign_id": "sign_A_4", "match_sign_id": "sign_B_3"}, {"sign_id": "sign_A_4", "match_sign_id": "sign_B_4"}, {"sign_id": "sign_A_4", "match_sign_id": "sign_B_1"}, {"sign_id": "sign_A_4", "match_sign_id": "sign_B_2"}, {"sign_id": "sign_A_5", "match_sign_id": "sign_B_4"}, {"sign_id": "sign_A_5", "match_sign_id": "sign_B_3"}, {"sign_id": "sign_A_5", "match_sign_id": "sign_B_1"}, {"sign_id": "sign_A_5", "match_sign_id": "sign_B_2"}]}