{"group": [{"pic_list": ["20599515032400011703", "20599515032400011704", "20599515032400011705", "20599515032400011706"], "seq_id": "A"}, {"pic_list": ["18557217070300009956", "18557217070300009957", "18557217070300009958"], "seq_id": "B"}], "signs": [{"pic_id": "20599515032400011703", "x": 734, "y": 296, "w": 18, "h": 18, "type": "104", "sign_id": "sign_A_1"}, {"pic_id": "20599515032400011704", "x": 775, "y": 285, "w": 23, "h": 23, "type": "104", "sign_id": "sign_A_2"}, {"pic_id": "20599515032400011705", "x": 877, "y": 135, "w": 41, "h": 43, "type": "104", "sign_id": "sign_A_3"}, {"pic_id": "18557217070300009956", "x": 753, "y": 237, "w": 22, "h": 23, "type": "104", "sign_id": "sign_B_1"}, {"pic_id": "18557217070300009956", "x": 779, "y": 361, "w": 17, "h": 17, "type": "106", "sign_id": "sign_B_2"}, {"pic_id": "18557217070300009957", "x": 873, "y": 33, "w": 53, "h": 55, "type": "104", "sign_id": "sign_B_3"}, {"pic_id": "18557217070300009957", "x": 871, "y": 329, "w": 32, "h": 32, "type": "106", "sign_id": "sign_B_4"}, {"pic_id": "18557217070300009958", "x": 1063, "y": 274, "w": 60, "h": 56, "type": "106", "sign_id": "sign_B_5"}], "match": [{"sign_id": "sign_A_1", "match_sign_id": "sign_B_1"}, {"sign_id": "sign_A_1", "match_sign_id": "sign_B_3"}, {"sign_id": "sign_A_2", "match_sign_id": "sign_B_1"}, {"sign_id": "sign_A_2", "match_sign_id": "sign_B_3"}, {"sign_id": "sign_A_3", "match_sign_id": "sign_B_3"}, {"sign_id": "sign_A_3", "match_sign_id": "sign_B_1"}]}