{"group": [{"pic_list": ["19591882112900012119", "19591882112900012120", "19591882112900012121"], "seq_id": "A"}, {"pic_list": ["18558891091700035934", "18558891091700035935", "18558891091700035936", "18558891091700035937", "18558891091700023756"], "seq_id": "B"}], "signs": [{"pic_id": "19591882112900012119", "x": 695, "y": 355, "w": 22, "h": 21, "type": "103", "sign_id": "sign_A_1"}, {"pic_id": "19591882112900012119", "x": 468, "y": 231, "w": 11, "h": 14, "type": "301", "sign_id": "sign_A_2"}, {"pic_id": "19591882112900012120", "x": 697, "y": 336, "w": 32, "h": 31, "type": "103", "sign_id": "sign_A_3"}, {"pic_id": "19591882112900012120", "x": 315, "y": 119, "w": 16, "h": 22, "type": "301", "sign_id": "sign_A_4"}, {"pic_id": "19591882112900012121", "x": 1099, "y": 323, "w": 55, "h": 46, "type": "102", "sign_id": "sign_A_5"}, {"pic_id": "19591882112900012121", "x": 539, "y": 3, "w": 26, "h": 29, "type": "301", "sign_id": "sign_A_6"}, {"pic_id": "18558891091700035934", "x": 678, "y": 364, "w": 22, "h": 21, "type": "103", "sign_id": "sign_B_1"}, {"pic_id": "18558891091700035934", "x": 465, "y": 259, "w": 13, "h": 15, "type": "301", "sign_id": "sign_B_2"}, {"pic_id": "18558891091700035935", "x": 680, "y": 352, "w": 24, "h": 24, "type": "103", "sign_id": "sign_B_3"}, {"pic_id": "18558891091700035935", "x": 413, "y": 217, "w": 12, "h": 14, "type": "301", "sign_id": "sign_B_4"}, {"pic_id": "18558891091700035936", "x": 695, "y": 344, "w": 30, "h": 30, "type": "103", "sign_id": "sign_B_5"}, {"pic_id": "18558891091700035936", "x": 335, "y": 154, "w": 15, "h": 22, "type": "301", "sign_id": "sign_B_6"}, {"pic_id": "18558891091700035937", "x": 735, "y": 331, "w": 40, "h": 40, "type": "103", "sign_id": "sign_B_7"}, {"pic_id": "18558891091700035937", "x": 187, "y": 24, "w": 24, "h": 32, "type": "301", "sign_id": "sign_B_8"}, {"pic_id": "18558891091700023756", "x": 818, "y": 284, "w": 64, "h": 64, "type": "103", "sign_id": "sign_B_9"}], "match": [{"sign_id": "sign_A_1", "match_sign_id": "sign_B_3"}, {"sign_id": "sign_A_1", "match_sign_id": "sign_B_1"}, {"sign_id": "sign_A_1", "match_sign_id": "sign_B_5"}, {"sign_id": "sign_A_1", "match_sign_id": "sign_B_7"}, {"sign_id": "sign_A_1", "match_sign_id": "sign_B_9"}, {"sign_id": "sign_A_2", "match_sign_id": "sign_B_4"}, {"sign_id": "sign_A_2", "match_sign_id": "sign_B_2"}, {"sign_id": "sign_A_2", "match_sign_id": "sign_B_6"}, {"sign_id": "sign_A_2", "match_sign_id": "sign_B_8"}, {"sign_id": "sign_A_3", "match_sign_id": "sign_B_1"}, {"sign_id": "sign_A_3", "match_sign_id": "sign_B_3"}, {"sign_id": "sign_A_3", "match_sign_id": "sign_B_5"}, {"sign_id": "sign_A_3", "match_sign_id": "sign_B_9"}, {"sign_id": "sign_A_3", "match_sign_id": "sign_B_7"}, {"sign_id": "sign_A_4", "match_sign_id": "sign_B_6"}, {"sign_id": "sign_A_4", "match_sign_id": "sign_B_8"}, {"sign_id": "sign_A_4", "match_sign_id": "sign_B_4"}, {"sign_id": "sign_A_4", "match_sign_id": "sign_B_2"}, {"sign_id": "sign_A_6", "match_sign_id": "sign_B_8"}, {"sign_id": "sign_A_6", "match_sign_id": "sign_B_6"}, {"sign_id": "sign_A_6", "match_sign_id": "sign_B_4"}, {"sign_id": "sign_A_6", "match_sign_id": "sign_B_2"}]}