{"group": [{"pic_list": ["19592318120300004576", "19592318120300004577", "19592318120300004578", "19592318120300004579", "19592318120300004580", "19592318120300004581"], "seq_id": "A"}, {"pic_list": ["18558740091100040387", "18558740091100040388", "18558740091100040389", "18558740091100040390", "18558740091100040391"], "seq_id": "B"}], "signs": [{"pic_id": "19592318120300004576", "x": 681, "y": 382, "w": 23, "h": 21, "type": "104", "sign_id": "sign_A_1"}, {"pic_id": "19592318120300004576", "x": 625, "y": 181, "w": 17, "h": 23, "type": "301", "sign_id": "sign_A_2"}, {"pic_id": "19592318120300004577", "x": 716, "y": 373, "w": 27, "h": 26, "type": "104", "sign_id": "sign_A_3"}, {"pic_id": "19592318120300004577", "x": 667, "y": 7, "w": 27, "h": 37, "type": "301", "sign_id": "sign_A_4"}, {"pic_id": "19592318120300004578", "x": 735, "y": 338, "w": 34, "h": 33, "type": "104", "sign_id": "sign_A_5"}, {"pic_id": "19592318120300004579", "x": 772, "y": 316, "w": 45, "h": 43, "type": "104", "sign_id": "sign_A_6"}, {"pic_id": "19592318120300004580", "x": 851, "y": 233, "w": 70, "h": 66, "type": "104", "sign_id": "sign_A_7"}, {"pic_id": "19592318120300004581", "x": 1141, "y": 0, "w": 138, "h": 98, "type": "104", "sign_id": "sign_A_8"}, {"pic_id": "18558740091100040387", "x": 709, "y": 330, "w": 24, "h": 24, "type": "104", "sign_id": "sign_B_1"}, {"pic_id": "18558740091100040388", "x": 726, "y": 291, "w": 33, "h": 31, "type": "104", "sign_id": "sign_B_2"}, {"pic_id": "18558740091100040389", "x": 765, "y": 247, "w": 49, "h": 47, "type": "104", "sign_id": "sign_B_3"}, {"pic_id": "18558740091100040390", "x": 877, "y": 109, "w": 94, "h": 90, "type": "104", "sign_id": "sign_B_4"}], "match": [{"sign_id": "sign_A_1", "match_sign_id": "sign_B_1"}, {"sign_id": "sign_A_1", "match_sign_id": "sign_B_2"}, {"sign_id": "sign_A_1", "match_sign_id": "sign_B_3"}, {"sign_id": "sign_A_1", "match_sign_id": "sign_B_4"}, {"sign_id": "sign_A_2", "match_sign_id": " "}, {"sign_id": "sign_A_3", "match_sign_id": "sign_B_2"}, {"sign_id": "sign_A_3", "match_sign_id": "sign_B_1"}, {"sign_id": "sign_A_3", "match_sign_id": "sign_B_3"}, {"sign_id": "sign_A_3", "match_sign_id": "sign_B_4"}, {"sign_id": "sign_A_4", "match_sign_id": " "}, {"sign_id": "sign_A_5", "match_sign_id": "sign_B_4"}, {"sign_id": "sign_A_5", "match_sign_id": "sign_B_3"}, {"sign_id": "sign_A_5", "match_sign_id": "sign_B_2"}, {"sign_id": "sign_A_5", "match_sign_id": "sign_B_1"}, {"sign_id": "sign_A_6", "match_sign_id": "sign_B_4"}, {"sign_id": "sign_A_6", "match_sign_id": "sign_B_3"}, {"sign_id": "sign_A_6", "match_sign_id": "sign_B_2"}, {"sign_id": "sign_A_6", "match_sign_id": "sign_B_1"}, {"sign_id": "sign_A_7", "match_sign_id": "sign_B_4"}, {"sign_id": "sign_A_7", "match_sign_id": "sign_B_3"}, {"sign_id": "sign_A_7", "match_sign_id": "sign_B_2"}, {"sign_id": "sign_A_7", "match_sign_id": "sign_B_1"}, {"sign_id": "sign_A_8", "match_sign_id": "sign_B_3"}, {"sign_id": "sign_A_8", "match_sign_id": "sign_B_4"}, {"sign_id": "sign_A_8", "match_sign_id": "sign_B_2"}, {"sign_id": "sign_A_8", "match_sign_id": "sign_B_1"}]}