{"group": [{"pic_list": ["19582126081400001429", "19582126081400001430", "19582126081400001431", "19582126081400001432", "19582126081400001433", "19582126081400001434", "19582126081400001435", "19582126081400001436"], "seq_id": "A"}, {"pic_list": ["18558664090600015699", "18558664090600015700", "18558664090600015701", "18558664090600015702", "18558664090600015703"], "seq_id": "B"}], "signs": [{"pic_id": "19582126081400001429", "x": 254, "y": 290, "w": 51, "h": 48, "type": "108", "sign_id": "sign_A_1"}, {"pic_id": "19582126081400001429", "x": 673, "y": 428, "w": 6, "h": 7, "type": "301", "sign_id": "sign_A_2"}, {"pic_id": "19582126081400001430", "x": 675, "y": 427, "w": 7, "h": 8, "type": "301", "sign_id": "sign_A_3"}, {"pic_id": "19582126081400001431", "x": 676, "y": 405, "w": 7, "h": 8, "type": "301", "sign_id": "sign_A_4"}, {"pic_id": "19582126081400001432", "x": 702, "y": 419, "w": 8, "h": 9, "type": "301", "sign_id": "sign_A_5"}, {"pic_id": "19582126081400001433", "x": 777, "y": 378, "w": 16, "h": 15, "type": "106", "sign_id": "sign_A_6"}, {"pic_id": "19582126081400001433", "x": 757, "y": 396, "w": 9, "h": 11, "type": "301", "sign_id": "sign_A_7"}, {"pic_id": "19582126081400001434", "x": 837, "y": 362, "w": 21, "h": 20, "type": "108", "sign_id": "sign_A_8"}, {"pic_id": "19582126081400001434", "x": 813, "y": 385, "w": 10, "h": 13, "type": "301", "sign_id": "sign_A_9"}, {"pic_id": "19582126081400001435", "x": 929, "y": 329, "w": 31, "h": 29, "type": "108", "sign_id": "sign_A_10"}, {"pic_id": "19582126081400001435", "x": 898, "y": 362, "w": 13, "h": 17, "type": "301", "sign_id": "sign_A_11"}, {"pic_id": "18558664090600015699", "x": 225, "y": 292, "w": 42, "h": 40, "type": "108", "sign_id": "sign_B_1"}, {"pic_id": "18558664090600015699", "x": 693, "y": 413, "w": 7, "h": 7, "type": "301", "sign_id": "sign_B_2"}, {"pic_id": "18558664090600015700", "x": 722, "y": 396, "w": 8, "h": 8, "type": "301", "sign_id": "sign_B_3"}, {"pic_id": "18558664090600015701", "x": 766, "y": 375, "w": 9, "h": 9, "type": "301", "sign_id": "sign_B_4"}, {"pic_id": "18558664090600015702", "x": 868, "y": 343, "w": 22, "h": 22, "type": "108", "sign_id": "sign_B_5"}, {"pic_id": "18558664090600015702", "x": 842, "y": 368, "w": 11, "h": 12, "type": "301", "sign_id": "sign_B_6"}, {"pic_id": "18558664090600015703", "x": 996, "y": 315, "w": 18, "h": 20, "type": "301", "sign_id": "sign_B_7"}], "match": [{"sign_id": "sign_A_1", "match_sign_id": "sign_B_1"}, {"sign_id": "sign_A_1", "match_sign_id": "sign_B_5"}, {"sign_id": "sign_A_2", "match_sign_id": "sign_B_2"}, {"sign_id": "sign_A_2", "match_sign_id": "sign_B_4"}, {"sign_id": "sign_A_2", "match_sign_id": "sign_B_3"}, {"sign_id": "sign_A_2", "match_sign_id": "sign_B_7"}, {"sign_id": "sign_A_3", "match_sign_id": "sign_B_2"}, {"sign_id": "sign_A_3", "match_sign_id": "sign_B_4"}, {"sign_id": "sign_A_3", "match_sign_id": "sign_B_3"}, {"sign_id": "sign_A_3", "match_sign_id": "sign_B_7"}, {"sign_id": "sign_A_4", "match_sign_id": "sign_B_4"}, {"sign_id": "sign_A_4", "match_sign_id": "sign_B_2"}, {"sign_id": "sign_A_4", "match_sign_id": "sign_B_7"}, {"sign_id": "sign_A_4", "match_sign_id": "sign_B_3"}, {"sign_id": "sign_A_5", "match_sign_id": "sign_B_2"}, {"sign_id": "sign_A_5", "match_sign_id": "sign_B_4"}, {"sign_id": "sign_A_5", "match_sign_id": "sign_B_3"}, {"sign_id": "sign_A_5", "match_sign_id": "sign_B_7"}, {"sign_id": "sign_A_7", "match_sign_id": "sign_B_2"}, {"sign_id": "sign_A_7", "match_sign_id": "sign_B_4"}, {"sign_id": "sign_A_7", "match_sign_id": "sign_B_7"}, {"sign_id": "sign_A_7", "match_sign_id": "sign_B_3"}, {"sign_id": "sign_A_8", "match_sign_id": "sign_B_5"}, {"sign_id": "sign_A_8", "match_sign_id": "sign_B_1"}, {"sign_id": "sign_A_9", "match_sign_id": "sign_B_2"}, {"sign_id": "sign_A_9", "match_sign_id": "sign_B_4"}, {"sign_id": "sign_A_9", "match_sign_id": "sign_B_7"}, {"sign_id": "sign_A_9", "match_sign_id": "sign_B_3"}, {"sign_id": "sign_A_10", "match_sign_id": "sign_B_5"}, {"sign_id": "sign_A_10", "match_sign_id": "sign_B_1"}, {"sign_id": "sign_A_11", "match_sign_id": "sign_B_7"}, {"sign_id": "sign_A_11", "match_sign_id": "sign_B_2"}, {"sign_id": "sign_A_11", "match_sign_id": "sign_B_4"}, {"sign_id": "sign_A_11", "match_sign_id": "sign_B_6"}, {"sign_id": "sign_A_4", "match_sign_id": "sign_B_6"}, {"sign_id": "sign_A_5", "match_sign_id": "sign_B_6"}, {"sign_id": "sign_A_3", "match_sign_id": "sign_B_6"}, {"sign_id": "sign_A_2", "match_sign_id": "sign_B_6"}, {"sign_id": "sign_A_7", "match_sign_id": "sign_B_6"}]}