{"group": [{"pic_list": ["19590040110800004437", "19590040110800004438", "19590040110800004439", "19590040110800004440", "19590040110800004441", "19590040110800004442", "19590040110800004443"], "seq_id": "A"}, {"pic_list": ["19583413090700009965", "19583413090700009966", "19583413090700009967", "19583413090700009968", "19583413090700009969", "19583413090700009970", "19583413090700009971", "19583413090700009972"], "seq_id": "B"}], "signs": [{"pic_id": "19590040110800004437", "x": 510, "y": 367, "w": 6, "h": 7, "type": "301", "sign_id": "sign_A_1"}, {"pic_id": "19590040110800004438", "x": 527, "y": 364, "w": 7, "h": 9, "type": "301", "sign_id": "sign_A_2"}, {"pic_id": "19590040110800004439", "x": 557, "y": 357, "w": 7, "h": 9, "type": "301", "sign_id": "sign_A_3"}, {"pic_id": "19590040110800004440", "x": 598, "y": 350, "w": 9, "h": 11, "type": "301", "sign_id": "sign_A_4"}, {"pic_id": "19590040110800004441", "x": 663, "y": 331, "w": 10, "h": 14, "type": "301", "sign_id": "sign_A_5"}, {"pic_id": "19590040110800004442", "x": 759, "y": 302, "w": 13, "h": 18, "type": "301", "sign_id": "sign_A_6"}, {"pic_id": "19590040110800004443", "x": 909, "y": 227, "w": 20, "h": 28, "type": "301", "sign_id": "sign_A_7"}, {"pic_id": "19583413090700009966", "x": 368, "y": 301, "w": 6, "h": 8, "type": "301", "sign_id": "sign_B_1"}, {"pic_id": "19583413090700009967", "x": 400, "y": 294, "w": 6, "h": 8, "type": "301", "sign_id": "sign_B_2"}, {"pic_id": "19583413090700009968", "x": 430, "y": 284, "w": 7, "h": 9, "type": "301", "sign_id": "sign_B_3"}, {"pic_id": "19583413090700009969", "x": 465, "y": 275, "w": 9, "h": 11, "type": "301", "sign_id": "sign_B_4"}, {"pic_id": "19583413090700009970", "x": 515, "y": 262, "w": 11, "h": 14, "type": "301", "sign_id": "sign_B_5"}, {"pic_id": "19583413090700009971", "x": 592, "y": 231, "w": 14, "h": 18, "type": "301", "sign_id": "sign_B_6"}, {"pic_id": "19583413090700009972", "x": 778, "y": 138, "w": 23, "h": 31, "type": "301", "sign_id": "sign_B_7"}], "match": [{"sign_id": "sign_A_1", "match_sign_id": "sign_B_1"}, {"sign_id": "sign_A_1", "match_sign_id": "sign_B_2"}, {"sign_id": "sign_A_1", "match_sign_id": "sign_B_4"}, {"sign_id": "sign_A_1", "match_sign_id": "sign_B_3"}, {"sign_id": "sign_A_1", "match_sign_id": "sign_B_5"}, {"sign_id": "sign_A_2", "match_sign_id": "sign_B_1"}, {"sign_id": "sign_A_2", "match_sign_id": "sign_B_4"}, {"sign_id": "sign_A_2", "match_sign_id": "sign_B_2"}, {"sign_id": "sign_A_2", "match_sign_id": "sign_B_3"}, {"sign_id": "sign_A_2", "match_sign_id": "sign_B_5"}, {"sign_id": "sign_A_3", "match_sign_id": "sign_B_4"}, {"sign_id": "sign_A_3", "match_sign_id": "sign_B_5"}, {"sign_id": "sign_A_3", "match_sign_id": "sign_B_1"}, {"sign_id": "sign_A_3", "match_sign_id": "sign_B_2"}, {"sign_id": "sign_A_3", "match_sign_id": "sign_B_6"}, {"sign_id": "sign_A_4", "match_sign_id": "sign_B_5"}, {"sign_id": "sign_A_4", "match_sign_id": "sign_B_4"}, {"sign_id": "sign_A_4", "match_sign_id": "sign_B_7"}, {"sign_id": "sign_A_4", "match_sign_id": "sign_B_6"}, {"sign_id": "sign_A_5", "match_sign_id": "sign_B_4"}, {"sign_id": "sign_A_5", "match_sign_id": "sign_B_7"}, {"sign_id": "sign_A_5", "match_sign_id": "sign_B_5"}, {"sign_id": "sign_A_5", "match_sign_id": "sign_B_6"}, {"sign_id": "sign_A_6", "match_sign_id": "sign_B_7"}, {"sign_id": "sign_A_6", "match_sign_id": "sign_B_6"}, {"sign_id": "sign_A_6", "match_sign_id": "sign_B_5"}, {"sign_id": "sign_A_6", "match_sign_id": "sign_B_4"}, {"sign_id": "sign_A_6", "match_sign_id": "sign_B_2"}, {"sign_id": "sign_A_7", "match_sign_id": "sign_B_7"}, {"sign_id": "sign_A_7", "match_sign_id": "sign_B_6"}, {"sign_id": "sign_A_7", "match_sign_id": "sign_B_5"}, {"sign_id": "sign_A_7", "match_sign_id": "sign_B_4"}, {"sign_id": "sign_A_7", "match_sign_id": "sign_B_2"}, {"sign_id": "sign_A_4", "match_sign_id": "sign_B_1"}, {"sign_id": "sign_A_4", "match_sign_id": "sign_B_2"}, {"sign_id": "sign_A_4", "match_sign_id": "sign_B_3"}, {"sign_id": "sign_A_3", "match_sign_id": "sign_B_3"}]}