{"group": [{"pic_list": ["19596330122400000466", "19596330122400000467", "19596330122400000468", "19596330122400000469"], "seq_id": "A"}, {"pic_list": ["18558624091000000631", "18558624091000000025", "18558624091000000026", "18558624091000000027", "18558624091000000028"], "seq_id": "B"}], "signs": [{"pic_id": "19596330122400000466", "x": 548, "y": 298, "w": 8, "h": 9, "type": "301", "sign_id": "sign_A_1"}, {"pic_id": "19596330122400000467", "x": 290, "y": 264, "w": 12, "h": 13, "type": "301", "sign_id": "sign_A_2"}, {"pic_id": "19596330122400000468", "x": 798, "y": 293, "w": 26, "h": 44, "type": "102", "sign_id": "sign_A_3"}, {"pic_id": "19596330122400000468", "x": 19, "y": 175, "w": 20, "h": 21, "type": "301", "sign_id": "sign_A_4"}, {"pic_id": "18558624091000000631", "x": 588, "y": 372, "w": 7, "h": 9, "type": "301", "sign_id": "sign_B_1"}, {"pic_id": "18558624091000000025", "x": 919, "y": 386, "w": 23, "h": 24, "type": "102", "sign_id": "sign_B_2"}, {"pic_id": "18558624091000000025", "x": 475, "y": 349, "w": 10, "h": 12, "type": "301", "sign_id": "sign_B_3"}, {"pic_id": "18558624091000000026", "x": 916, "y": 379, "w": 29, "h": 29, "type": "102", "sign_id": "sign_B_4"}, {"pic_id": "18558624091000000026", "x": 384, "y": 327, "w": 11, "h": 13, "type": "301", "sign_id": "sign_B_5"}, {"pic_id": "18558624091000000027", "x": 853, "y": 362, "w": 41, "h": 41, "type": "102", "sign_id": "sign_B_6"}, {"pic_id": "18558624091000000027", "x": 36, "y": 263, "w": 21, "h": 21, "type": "301", "sign_id": "sign_B_7"}, {"pic_id": "18558624091000000028", "x": 1116, "y": 276, "w": 90, "h": 80, "type": "102", "sign_id": "sign_B_8"}], "match": [{"sign_id": "sign_A_1", "match_sign_id": "sign_B_3"}, {"sign_id": "sign_A_1", "match_sign_id": "sign_B_5"}, {"sign_id": "sign_A_1", "match_sign_id": "sign_B_1"}, {"sign_id": "sign_A_1", "match_sign_id": "sign_B_7"}, {"sign_id": "sign_A_2", "match_sign_id": "sign_B_7"}, {"sign_id": "sign_A_2", "match_sign_id": "sign_B_5"}, {"sign_id": "sign_A_2", "match_sign_id": "sign_B_3"}, {"sign_id": "sign_A_2", "match_sign_id": "sign_B_1"}, {"sign_id": "sign_A_3", "match_sign_id": "sign_B_8"}, {"sign_id": "sign_A_3", "match_sign_id": "sign_B_6"}, {"sign_id": "sign_A_3", "match_sign_id": "sign_B_4"}, {"sign_id": "sign_A_3", "match_sign_id": "sign_B_2"}, {"sign_id": "sign_A_4", "match_sign_id": "sign_B_7"}, {"sign_id": "sign_A_4", "match_sign_id": "sign_B_5"}, {"sign_id": "sign_A_4", "match_sign_id": "sign_B_3"}, {"sign_id": "sign_A_4", "match_sign_id": "sign_B_1"}]}