{"group": [{"pic_list": ["20598279011000000513", "20598279011000000514", "20598279011000000515", "20598279011000000516", "20598279011000000517", "20598279011000000518", "20598279011000000519"], "seq_id": "A"}, {"pic_list": ["18558601090300019671", "18558601090300019672", "18558601090300019673", "18558601090300019674", "18558601090300019675", "18558601090300019676", "18558601090300017091"], "seq_id": "B"}], "signs": [{"pic_id": "20598279011000000513", "x": 42, "y": 336, "w": 7, "h": 8, "type": "301", "sign_id": "sign_A_1"}, {"pic_id": "20598279011000000515", "x": 661, "y": 275, "w": 8, "h": 8, "type": "301", "sign_id": "sign_A_2"}, {"pic_id": "20598279011000000516", "x": 593, "y": 260, "w": 9, "h": 11, "type": "301", "sign_id": "sign_A_3"}, {"pic_id": "20598279011000000517", "x": 529, "y": 220, "w": 11, "h": 14, "type": "301", "sign_id": "sign_A_4"}, {"pic_id": "20598279011000000518", "x": 502, "y": 141, "w": 14, "h": 18, "type": "301", "sign_id": "sign_A_5"}, {"pic_id": "18558601090300019672", "x": 156, "y": 292, "w": 8, "h": 8, "type": "301", "sign_id": "sign_B_1"}, {"pic_id": "18558601090300019673", "x": 78, "y": 275, "w": 8, "h": 8, "type": "301", "sign_id": "sign_B_2"}, {"pic_id": "18558601090300019675", "x": 800, "y": 214, "w": 10, "h": 12, "type": "301", "sign_id": "sign_B_3"}, {"pic_id": "18558601090300019676", "x": 821, "y": 173, "w": 11, "h": 15, "type": "301", "sign_id": "sign_B_4"}, {"pic_id": "18558601090300017091", "x": 867, "y": 101, "w": 16, "h": 19, "type": "301", "sign_id": "sign_B_5"}], "match": [{"sign_id": "sign_A_1", "match_sign_id": "sign_B_1"}, {"sign_id": "sign_A_1", "match_sign_id": "sign_B_2"}, {"sign_id": "sign_A_1", "match_sign_id": "sign_B_3"}, {"sign_id": "sign_A_2", "match_sign_id": "sign_B_3"}, {"sign_id": "sign_A_2", "match_sign_id": "sign_B_4"}, {"sign_id": "sign_A_2", "match_sign_id": "sign_B_5"}, {"sign_id": "sign_A_2", "match_sign_id": "sign_B_2"}, {"sign_id": "sign_A_2", "match_sign_id": "sign_B_1"}, {"sign_id": "sign_A_3", "match_sign_id": "sign_B_3"}, {"sign_id": "sign_A_3", "match_sign_id": "sign_B_4"}, {"sign_id": "sign_A_3", "match_sign_id": "sign_B_5"}, {"sign_id": "sign_A_3", "match_sign_id": "sign_B_2"}, {"sign_id": "sign_A_3", "match_sign_id": "sign_B_1"}, {"sign_id": "sign_A_4", "match_sign_id": "sign_B_5"}, {"sign_id": "sign_A_4", "match_sign_id": "sign_B_3"}, {"sign_id": "sign_A_4", "match_sign_id": "sign_B_4"}, {"sign_id": "sign_A_5", "match_sign_id": "sign_B_5"}, {"sign_id": "sign_A_5", "match_sign_id": "sign_B_3"}, {"sign_id": "sign_A_5", "match_sign_id": "sign_B_4"}]}