{"group": [{"pic_list": ["20599538032700021777", "20599538032700021778", "20599538032700021779", "20599538032700021780", "20599538032700021781", "20599538032700021782"], "seq_id": "A"}, {"pic_list": ["18553504011000042869", "18553504011000042870", "18553504011000042871", "18553504011000042872", "18553504011000042873", "18553504011000042874", "18553504011000042875", "18553504011000042876", "18553504011000042877"], "seq_id": "B"}], "signs": [{"pic_id": "20599538032700021777", "x": 745, "y": 572, "w": 9, "h": 12, "type": "301", "sign_id": "sign_A_1"}, {"pic_id": "20599538032700021778", "x": 598, "y": 546, "w": 11, "h": 14, "type": "301", "sign_id": "sign_A_2"}, {"pic_id": "20599538032700021779", "x": 460, "y": 499, "w": 15, "h": 19, "type": "301", "sign_id": "sign_A_3"}, {"pic_id": "20599538032700021780", "x": 34, "y": 408, "w": 20, "h": 27, "type": "301", "sign_id": "sign_A_4"}, {"pic_id": "18553504011000042869", "x": 440, "y": 314, "w": 7, "h": 9, "type": "301", "sign_id": "sign_B_1"}, {"pic_id": "18553504011000042870", "x": 369, "y": 293, "w": 7, "h": 10, "type": "301", "sign_id": "sign_B_2"}, {"pic_id": "18553504011000042871", "x": 295, "y": 283, "w": 9, "h": 12, "type": "301", "sign_id": "sign_B_3"}, {"pic_id": "18553504011000042872", "x": 178, "y": 222, "w": 11, "h": 14, "type": "301", "sign_id": "sign_B_4"}, {"pic_id": "18553504011000042873", "x": 146, "y": 227, "w": 13, "h": 16, "type": "301", "sign_id": "sign_B_5"}], "match": [{"sign_id": "sign_A_1", "match_sign_id": "sign_B_1"}, {"sign_id": "sign_A_1", "match_sign_id": "sign_B_3"}, {"sign_id": "sign_A_1", "match_sign_id": "sign_B_2"}, {"sign_id": "sign_A_1", "match_sign_id": "sign_B_4"}, {"sign_id": "sign_A_1", "match_sign_id": "sign_B_5"}, {"sign_id": "sign_A_2", "match_sign_id": "sign_B_3"}, {"sign_id": "sign_A_2", "match_sign_id": "sign_B_1"}, {"sign_id": "sign_A_2", "match_sign_id": "sign_B_4"}, {"sign_id": "sign_A_2", "match_sign_id": "sign_B_2"}, {"sign_id": "sign_A_2", "match_sign_id": "sign_B_5"}, {"sign_id": "sign_A_3", "match_sign_id": "sign_B_3"}, {"sign_id": "sign_A_3", "match_sign_id": "sign_B_1"}, {"sign_id": "sign_A_3", "match_sign_id": "sign_B_4"}, {"sign_id": "sign_A_3", "match_sign_id": "sign_B_5"}, {"sign_id": "sign_A_3", "match_sign_id": "sign_B_2"}, {"sign_id": "sign_A_4", "match_sign_id": "sign_B_3"}, {"sign_id": "sign_A_4", "match_sign_id": "sign_B_4"}, {"sign_id": "sign_A_4", "match_sign_id": "sign_B_1"}, {"sign_id": "sign_A_4", "match_sign_id": "sign_B_2"}, {"sign_id": "sign_A_4", "match_sign_id": "sign_B_5"}]}