{"group": [{"pic_list": ["19583228090300004059", "19583228090300003422", "19583228090300003423"], "seq_id": "A"}, {"pic_list": ["18558877091700007885", "18558877091700007886", "18558877091700007887"], "seq_id": "B"}], "signs": [{"pic_id": "19583228090300004059", "x": 772, "y": 280, "w": 33, "h": 34, "type": "104", "sign_id": "sign_A_1"}, {"pic_id": "19583228090300004059", "x": 497, "y": 314, "w": 9, "h": 13, "type": "301", "sign_id": "sign_A_2"}, {"pic_id": "19583228090300003422", "x": 817, "y": 263, "w": 44, "h": 43, "type": "104", "sign_id": "sign_A_3"}, {"pic_id": "19583228090300003422", "x": 473, "y": 312, "w": 11, "h": 15, "type": "301", "sign_id": "sign_A_4"}, {"pic_id": "19583228090300003423", "x": 884, "y": 129, "w": 64, "h": 60, "type": "104", "sign_id": "sign_A_5"}, {"pic_id": "19583228090300003423", "x": 413, "y": 236, "w": 14, "h": 19, "type": "301", "sign_id": "sign_A_6"}, {"pic_id": "18558877091700007885", "x": 785, "y": 260, "w": 41, "h": 41, "type": "104", "sign_id": "sign_B_1"}, {"pic_id": "18558877091700007885", "x": 449, "y": 288, "w": 10, "h": 14, "type": "301", "sign_id": "sign_B_2"}, {"pic_id": "18558877091700007886", "x": 826, "y": 201, "w": 51, "h": 51, "type": "104", "sign_id": "sign_B_3"}, {"pic_id": "18558877091700007886", "x": 404, "y": 252, "w": 13, "h": 17, "type": "301", "sign_id": "sign_B_4"}, {"pic_id": "18558877091700007887", "x": 878, "y": 65, "w": 76, "h": 73, "type": "104", "sign_id": "sign_B_5"}, {"pic_id": "18558877091700007887", "x": 304, "y": 183, "w": 16, "h": 21, "type": "301", "sign_id": "sign_B_6"}], "match": [{"sign_id": "sign_A_1", "match_sign_id": "sign_B_1"}, {"sign_id": "sign_A_1", "match_sign_id": "sign_B_5"}, {"sign_id": "sign_A_1", "match_sign_id": "sign_B_3"}, {"sign_id": "sign_A_2", "match_sign_id": "sign_B_4"}, {"sign_id": "sign_A_2", "match_sign_id": "sign_B_6"}, {"sign_id": "sign_A_2", "match_sign_id": "sign_B_2"}, {"sign_id": "sign_A_3", "match_sign_id": "sign_B_1"}, {"sign_id": "sign_A_3", "match_sign_id": "sign_B_5"}, {"sign_id": "sign_A_3", "match_sign_id": "sign_B_3"}, {"sign_id": "sign_A_4", "match_sign_id": "sign_B_4"}, {"sign_id": "sign_A_4", "match_sign_id": "sign_B_6"}, {"sign_id": "sign_A_4", "match_sign_id": "sign_B_2"}, {"sign_id": "sign_A_5", "match_sign_id": "sign_B_5"}, {"sign_id": "sign_A_5", "match_sign_id": "sign_B_3"}, {"sign_id": "sign_A_5", "match_sign_id": "sign_B_1"}, {"sign_id": "sign_A_6", "match_sign_id": "sign_B_4"}, {"sign_id": "sign_A_6", "match_sign_id": "sign_B_6"}, {"sign_id": "sign_A_6", "match_sign_id": "sign_B_2"}]}