{"group": [{"pic_list": ["20598936020700000784", "20598936020700000785", "20598936020700000786", "20598936020700000787", "20598936020700000788", "20598936020700000789", "20598936020700000790"], "seq_id": "A"}, {"pic_list": ["20598530011400001137", "20598530011400001138", "20598530011400001139", "20598530011400001140", "20598530011400001141", "20598530011400001142", "20598530011400001143", "20598530011400001144", "20598530011400001145"], "seq_id": "B"}], "signs": [{"pic_id": "20598936020700000784", "x": 822, "y": 406, "w": 8, "h": 12, "type": "301", "sign_id": "sign_A_1"}, {"pic_id": "20598936020700000785", "x": 815, "y": 375, "w": 10, "h": 14, "type": "301", "sign_id": "sign_A_2"}, {"pic_id": "20598936020700000785", "x": 159, "y": 438, "w": 8, "h": 10, "type": "301", "sign_id": "sign_A_3"}, {"pic_id": "20598936020700000786", "x": 826, "y": 337, "w": 11, "h": 15, "type": "301", "sign_id": "sign_A_4"}, {"pic_id": "20598936020700000786", "x": 66, "y": 422, "w": 8, "h": 10, "type": "301", "sign_id": "sign_A_5"}, {"pic_id": "20598936020700000787", "x": 859, "y": 270, "w": 15, "h": 21, "type": "301", "sign_id": "sign_A_6"}, {"pic_id": "20598936020700000788", "x": 900, "y": 191, "w": 19, "h": 27, "type": "301", "sign_id": "sign_A_7"}, {"pic_id": "20598530011400001137", "x": 688, "y": 239, "w": 8, "h": 11, "type": "301", "sign_id": "sign_B_1"}, {"pic_id": "20598530011400001137", "x": 90, "y": 314, "w": 8, "h": 9, "type": "301", "sign_id": "sign_B_2"}, {"pic_id": "20598530011400001138", "x": 678, "y": 222, "w": 9, "h": 13, "type": "301", "sign_id": "sign_B_3"}, {"pic_id": "20598530011400001139", "x": 684, "y": 198, "w": 10, "h": 14, "type": "301", "sign_id": "sign_B_4"}, {"pic_id": "20598530011400001140", "x": 727, "y": 150, "w": 13, "h": 18, "type": "301", "sign_id": "sign_B_5"}, {"pic_id": "20598530011400001141", "x": 748, "y": 69, "w": 17, "h": 24, "type": "301", "sign_id": "sign_B_6"}, {"pic_id": "20598530011400001145", "x": 1195, "y": 160, "w": 14, "h": 16, "type": "301", "sign_id": "sign_B_7"}], "match": [{"sign_id": "sign_A_1", "match_sign_id": "sign_B_1"}, {"sign_id": "sign_A_1", "match_sign_id": "sign_B_3"}, {"sign_id": "sign_A_1", "match_sign_id": "sign_B_4"}, {"sign_id": "sign_A_1", "match_sign_id": "sign_B_5"}, {"sign_id": "sign_A_1", "match_sign_id": "sign_B_6"}, {"sign_id": "sign_A_1", "match_sign_id": "sign_B_7"}, {"sign_id": "sign_A_2", "match_sign_id": "sign_B_4"}, {"sign_id": "sign_A_2", "match_sign_id": "sign_B_3"}, {"sign_id": "sign_A_2", "match_sign_id": "sign_B_1"}, {"sign_id": "sign_A_2", "match_sign_id": "sign_B_5"}, {"sign_id": "sign_A_2", "match_sign_id": "sign_B_6"}, {"sign_id": "sign_A_2", "match_sign_id": "sign_B_7"}, {"sign_id": "sign_A_3", "match_sign_id": "sign_B_2"}, {"sign_id": "sign_A_3", "match_sign_id": "sign_B_7"}, {"sign_id": "sign_A_4", "match_sign_id": "sign_B_3"}, {"sign_id": "sign_A_4", "match_sign_id": "sign_B_5"}, {"sign_id": "sign_A_4", "match_sign_id": "sign_B_1"}, {"sign_id": "sign_A_4", "match_sign_id": "sign_B_4"}, {"sign_id": "sign_A_4", "match_sign_id": "sign_B_6"}, {"sign_id": "sign_A_4", "match_sign_id": "sign_B_7"}, {"sign_id": "sign_A_5", "match_sign_id": "sign_B_2"}, {"sign_id": "sign_A_6", "match_sign_id": "sign_B_6"}, {"sign_id": "sign_A_6", "match_sign_id": "sign_B_5"}, {"sign_id": "sign_A_6", "match_sign_id": "sign_B_4"}, {"sign_id": "sign_A_6", "match_sign_id": "sign_B_3"}, {"sign_id": "sign_A_6", "match_sign_id": "sign_B_1"}, {"sign_id": "sign_A_6", "match_sign_id": "sign_B_7"}, {"sign_id": "sign_A_7", "match_sign_id": "sign_B_6"}, {"sign_id": "sign_A_7", "match_sign_id": "sign_B_5"}, {"sign_id": "sign_A_7", "match_sign_id": "sign_B_4"}, {"sign_id": "sign_A_7", "match_sign_id": "sign_B_3"}, {"sign_id": "sign_A_7", "match_sign_id": "sign_B_1"}, {"sign_id": "sign_A_7", "match_sign_id": "sign_B_7"}]}