{"group": [{"pic_list": ["20599020021900004454", "20599020021900004455", "20599020021900004456", "20599020021900004457", "20599020021900004458"], "seq_id": "A"}, {"pic_list": ["18559011092500004903", "18559011092500004904", "18559011092500004905", "18559011092500004906"], "seq_id": "B"}], "signs": [{"pic_id": "20599020021900004454", "x": 1100, "y": 383, "w": 69, "h": 61, "type": "103", "sign_id": "sign_A_1"}, {"pic_id": "20599020021900004454", "x": 213, "y": 2, "w": 28, "h": 31, "type": "301", "sign_id": "sign_A_2"}, {"pic_id": "20599020021900004454", "x": 201, "y": 368, "w": 15, "h": 18, "type": "301", "sign_id": "sign_A_3"}, {"pic_id": "20599020021900004454", "x": 425, "y": 401, "w": 9, "h": 11, "type": "301", "sign_id": "sign_A_4"}, {"pic_id": "20599020021900004455", "x": 348, "y": 381, "w": 11, "h": 13, "type": "301", "sign_id": "sign_A_5"}, {"pic_id": "20599020021900004456", "x": 215, "y": 339, "w": 14, "h": 17, "type": "301", "sign_id": "sign_A_6"}, {"pic_id": "20599020021900004457", "x": 701, "y": 402, "w": 7, "h": 9, "type": "301", "sign_id": "sign_A_7"}, {"pic_id": "20599020021900004458", "x": 699, "y": 389, "w": 8, "h": 11, "type": "301", "sign_id": "sign_A_8"}, {"pic_id": "18559011092500004903", "x": 1090, "y": 230, "w": 92, "h": 84, "type": "103", "sign_id": "sign_B_1"}, {"pic_id": "18559011092500004903", "x": 287, "y": 268, "w": 9, "h": 11, "type": "301", "sign_id": "sign_B_2"}, {"pic_id": "18559011092500004904", "x": 161, "y": 235, "w": 14, "h": 17, "type": "301", "sign_id": "sign_B_3"}], "match": [{"sign_id": "sign_A_1", "match_sign_id": "sign_B_1"}, {"sign_id": "sign_A_2", "match_sign_id": " "}, {"sign_id": "sign_A_4", "match_sign_id": "sign_B_3"}, {"sign_id": "sign_A_4", "match_sign_id": "sign_B_2"}, {"sign_id": "sign_A_5", "match_sign_id": "sign_B_2"}, {"sign_id": "sign_A_5", "match_sign_id": "sign_B_3"}, {"sign_id": "sign_A_6", "match_sign_id": "sign_B_3"}, {"sign_id": "sign_A_6", "match_sign_id": "sign_B_2"}, {"sign_id": "sign_A_7", "match_sign_id": "sign_B_3"}, {"sign_id": "sign_A_8", "match_sign_id": "sign_B_3"}]}