{"group": [{"pic_list": ["19582184081500014999", "19582184081500015297", "19582184081500015298", "19582184081500015299", "19582184081500015300", "19582184081500015301"], "seq_id": "A"}, {"pic_list": ["18558123081500025129", "18558123081500025130", "18558123081500025131", "18558123081500025132", "18558123081500025133", "18558123081500025134"], "seq_id": "B"}], "signs": [{"pic_id": "19582184081500014999", "x": 607, "y": 196, "w": 12, "h": 18, "type": "301", "sign_id": "sign_A_1"}, {"pic_id": "19582184081500015297", "x": 744, "y": 116, "w": 18, "h": 25, "type": "301", "sign_id": "sign_A_2"}, {"pic_id": "19582184081500015300", "x": 949, "y": 250, "w": 14, "h": 27, "type": "202", "sign_id": "sign_A_3"}, {"pic_id": "18558123081500025129", "x": 655, "y": 284, "w": 10, "h": 14, "type": "301", "sign_id": "sign_B_1"}, {"pic_id": "18558123081500025130", "x": 661, "y": 253, "w": 13, "h": 17, "type": "301", "sign_id": "sign_B_2"}, {"pic_id": "18558123081500025131", "x": 514, "y": 162, "w": 18, "h": 24, "type": "301", "sign_id": "sign_B_3"}, {"pic_id": "18558123081500025132", "x": 1003, "y": 358, "w": 12, "h": 14, "type": "301", "sign_id": "sign_B_4"}, {"pic_id": "18558123081500025133", "x": 1044, "y": 353, "w": 12, "h": 15, "type": "301", "sign_id": "sign_B_5"}], "match": [{"sign_id": "sign_A_1", "match_sign_id": "sign_B_2"}, {"sign_id": "sign_A_1", "match_sign_id": "sign_B_3"}, {"sign_id": "sign_A_1", "match_sign_id": "sign_B_1"}, {"sign_id": "sign_A_2", "match_sign_id": "sign_B_2"}, {"sign_id": "sign_A_2", "match_sign_id": "sign_B_3"}, {"sign_id": "sign_A_2", "match_sign_id": "sign_B_1"}]}