{"group": [{"pic_list": ["19582735082200011922", "19582735082200011923", "19582735082200011924", "19582735082200011925", "19582735082200011926", "19582735082200011927", "19582735082200011928", "19582735082200011929"], "seq_id": "A"}, {"pic_list": ["18559815111400045521", "18559815111400045522", "18559815111400045523", "18559815111400045524", "18559815111400045525", "18559815111400045526", "18559815111400045527", "18559815111400045528", "18559815111400045529"], "seq_id": "B"}], "signs": [{"pic_id": "19582735082200011922", "x": 432, "y": 306, "w": 20, "h": 20, "type": "207", "sign_id": "sign_A_1"}, {"pic_id": "19582735082200011923", "x": 270, "y": 270, "w": 38, "h": 35, "type": "207", "sign_id": "sign_A_2"}, {"pic_id": "19582735082200011924", "x": 704, "y": 286, "w": 5, "h": 7, "type": "301", "sign_id": "sign_A_3"}, {"pic_id": "19582735082200011925", "x": 720, "y": 261, "w": 6, "h": 8, "type": "301", "sign_id": "sign_A_4"}, {"pic_id": "19582735082200011926", "x": 763, "y": 221, "w": 8, "h": 10, "type": "301", "sign_id": "sign_A_5"}, {"pic_id": "19582735082200011927", "x": 855, "y": 148, "w": 11, "h": 14, "type": "301", "sign_id": "sign_A_6"}, {"pic_id": "18559815111400045521", "x": 440, "y": 302, "w": 23, "h": 21, "type": "207", "sign_id": "sign_B_1"}, {"pic_id": "18559815111400045522", "x": 157, "y": 242, "w": 43, "h": 42, "type": "207", "sign_id": "sign_B_2"}, {"pic_id": "18559815111400045524", "x": 750, "y": 280, "w": 6, "h": 7, "type": "301", "sign_id": "sign_B_3"}, {"pic_id": "18559815111400045525", "x": 774, "y": 251, "w": 7, "h": 9, "type": "301", "sign_id": "sign_B_4"}, {"pic_id": "18559815111400045526", "x": 800, "y": 226, "w": 8, "h": 10, "type": "301", "sign_id": "sign_B_5"}, {"pic_id": "18559815111400045527", "x": 868, "y": 154, "w": 11, "h": 14, "type": "301", "sign_id": "sign_B_6"}], "match": [{"sign_id": "sign_A_1", "match_sign_id": "sign_B_1"}, {"sign_id": "sign_A_1", "match_sign_id": "sign_B_2"}, {"sign_id": "sign_A_2", "match_sign_id": "sign_B_1"}, {"sign_id": "sign_A_2", "match_sign_id": "sign_B_2"}, {"sign_id": "sign_A_3", "match_sign_id": "sign_B_3"}, {"sign_id": "sign_A_3", "match_sign_id": "sign_B_4"}, {"sign_id": "sign_A_3", "match_sign_id": "sign_B_5"}, {"sign_id": "sign_A_3", "match_sign_id": "sign_B_6"}, {"sign_id": "sign_A_4", "match_sign_id": "sign_B_3"}, {"sign_id": "sign_A_4", "match_sign_id": "sign_B_4"}, {"sign_id": "sign_A_4", "match_sign_id": "sign_B_5"}, {"sign_id": "sign_A_4", "match_sign_id": "sign_B_6"}, {"sign_id": "sign_A_5", "match_sign_id": "sign_B_3"}, {"sign_id": "sign_A_5", "match_sign_id": "sign_B_4"}, {"sign_id": "sign_A_5", "match_sign_id": "sign_B_5"}, {"sign_id": "sign_A_5", "match_sign_id": "sign_B_6"}, {"sign_id": "sign_A_6", "match_sign_id": "sign_B_3"}, {"sign_id": "sign_A_6", "match_sign_id": "sign_B_4"}, {"sign_id": "sign_A_6", "match_sign_id": "sign_B_5"}, {"sign_id": "sign_A_6", "match_sign_id": "sign_B_6"}]}