{"group": [{"pic_list": ["20599558033000001016", "20599558033000001017", "20599558033000001018", "20599558033000001019"], "seq_id": "A"}, {"pic_list": ["18553427010500030629", "18553427010500030630"], "seq_id": "B"}], "signs": [{"pic_id": "20599558033000001016", "x": 628, "y": 189, "w": 36, "h": 36, "type": "104", "sign_id": "sign_A_1"}, {"pic_id": "20599558033000001017", "x": 657, "y": 139, "w": 45, "h": 46, "type": "104", "sign_id": "sign_A_2"}, {"pic_id": "18553427010500030629", "x": 638, "y": 112, "w": 53, "h": 52, "type": "104", "sign_id": "sign_B_1"}], "match": [{"sign_id": "sign_A_1", "match_sign_id": "sign_B_1"}, {"sign_id": "sign_A_2", "match_sign_id": "sign_B_1"}]}