{"group": [{"pic_list": ["19590363111000000189", "19590363111000000190", "19590363111000000191", "19590363111000000192", "19590363111000000193", "19590363111000000194", "19590363111000000195", "19590363111000000196"], "seq_id": "A"}, {"pic_list": ["18558678091000005760", "18558678091000005761", "18558678091000005762", "18558678091000005763", "18558678091000005764", "18558678091000005765", "18558678091000005766", "18558678091000005767"], "seq_id": "B"}], "signs": [{"pic_id": "19590363111000000189", "x": 578, "y": 262, "w": 16, "h": 16, "type": "102", "sign_id": "sign_A_1"}, {"pic_id": "19590363111000000190", "x": 601, "y": 235, "w": 20, "h": 21, "type": "102", "sign_id": "sign_A_2"}, {"pic_id": "19590363111000000190", "x": 602, "y": 292, "w": 7, "h": 8, "type": "301", "sign_id": "sign_A_3"}, {"pic_id": "19590363111000000191", "x": 633, "y": 192, "w": 28, "h": 30, "type": "102", "sign_id": "sign_A_4"}, {"pic_id": "19590363111000000191", "x": 619, "y": 282, "w": 8, "h": 10, "type": "301", "sign_id": "sign_A_5"}, {"pic_id": "19590363111000000192", "x": 697, "y": 98, "w": 46, "h": 48, "type": "102", "sign_id": "sign_A_6"}, {"pic_id": "19590363111000000193", "x": 590, "y": 275, "w": 14, "h": 13, "type": "103", "sign_id": "sign_A_7"}, {"pic_id": "19590363111000000193", "x": 659, "y": 254, "w": 10, "h": 11, "type": "301", "sign_id": "sign_A_8"}, {"pic_id": "19590363111000000194", "x": 681, "y": 239, "w": 13, "h": 16, "type": "301", "sign_id": "sign_A_9"}, {"pic_id": "19590363111000000194", "x": 913, "y": 225, "w": 8, "h": 9, "type": "301", "sign_id": "sign_A_10"}, {"pic_id": "19590363111000000195", "x": 705, "y": 211, "w": 15, "h": 19, "type": "301", "sign_id": "sign_A_11"}, {"pic_id": "19590363111000000195", "x": 965, "y": 207, "w": 9, "h": 11, "type": "301", "sign_id": "sign_A_12"}, {"pic_id": "19590363111000000196", "x": 521, "y": 251, "w": 21, "h": 21, "type": "102", "sign_id": "sign_A_13"}, {"pic_id": "19590363111000000196", "x": 666, "y": 193, "w": 17, "h": 22, "type": "301", "sign_id": "sign_A_14"}, {"pic_id": "19590363111000000196", "x": 945, "y": 204, "w": 10, "h": 12, "type": "301", "sign_id": "sign_A_15"}, {"pic_id": "18558678091000005762", "x": 715, "y": 258, "w": 22, "h": 22, "type": "102", "sign_id": "sign_B_1"}, {"pic_id": "18558678091000005763", "x": 752, "y": 212, "w": 31, "h": 32, "type": "102", "sign_id": "sign_B_2"}, {"pic_id": "18558678091000005764", "x": 862, "y": 111, "w": 51, "h": 50, "type": "102", "sign_id": "sign_B_3"}, {"pic_id": "18558678091000005765", "x": 801, "y": 270, "w": 11, "h": 14, "type": "301", "sign_id": "sign_B_4"}, {"pic_id": "18558678091000005766", "x": 729, "y": 287, "w": 19, "h": 18, "type": "102", "sign_id": "sign_B_5"}, {"pic_id": "18558678091000005766", "x": 849, "y": 249, "w": 14, "h": 20, "type": "301", "sign_id": "sign_B_6"}, {"pic_id": "18558678091000005767", "x": 752, "y": 269, "w": 23, "h": 22, "type": "102", "sign_id": "sign_B_7"}, {"pic_id": "18558678091000005767", "x": 953, "y": 196, "w": 21, "h": 26, "type": "301", "sign_id": "sign_B_8"}], "match": [{"sign_id": "sign_A_1", "match_sign_id": "sign_B_5"}, {"sign_id": "sign_A_1", "match_sign_id": "sign_B_7"}, {"sign_id": "sign_A_1", "match_sign_id": "sign_B_1"}, {"sign_id": "sign_A_1", "match_sign_id": "sign_B_2"}, {"sign_id": "sign_A_1", "match_sign_id": "sign_B_3"}, {"sign_id": "sign_A_2", "match_sign_id": "sign_B_1"}, {"sign_id": "sign_A_2", "match_sign_id": "sign_B_5"}, {"sign_id": "sign_A_2", "match_sign_id": "sign_B_7"}, {"sign_id": "sign_A_2", "match_sign_id": "sign_B_2"}, {"sign_id": "sign_A_2", "match_sign_id": "sign_B_3"}, {"sign_id": "sign_A_3", "match_sign_id": "sign_B_4"}, {"sign_id": "sign_A_4", "match_sign_id": "sign_B_2"}, {"sign_id": "sign_A_4", "match_sign_id": "sign_B_1"}, {"sign_id": "sign_A_4", "match_sign_id": "sign_B_3"}, {"sign_id": "sign_A_4", "match_sign_id": "sign_B_5"}, {"sign_id": "sign_A_4", "match_sign_id": "sign_B_7"}, {"sign_id": "sign_A_5", "match_sign_id": "sign_B_4"}, {"sign_id": "sign_A_5", "match_sign_id": "sign_B_8"}, {"sign_id": "sign_A_6", "match_sign_id": "sign_B_3"}, {"sign_id": "sign_A_6", "match_sign_id": "sign_B_5"}, {"sign_id": "sign_A_6", "match_sign_id": "sign_B_1"}, {"sign_id": "sign_A_6", "match_sign_id": "sign_B_2"}, {"sign_id": "sign_A_6", "match_sign_id": "sign_B_7"}, {"sign_id": "sign_A_8", "match_sign_id": "sign_B_4"}, {"sign_id": "sign_A_8", "match_sign_id": "sign_B_6"}, {"sign_id": "sign_A_9", "match_sign_id": "sign_B_4"}, {"sign_id": "sign_A_9", "match_sign_id": "sign_B_8"}, {"sign_id": "sign_A_10", "match_sign_id": "sign_B_4"}, {"sign_id": "sign_A_10", "match_sign_id": "sign_B_6"}, {"sign_id": "sign_A_11", "match_sign_id": "sign_B_4"}, {"sign_id": "sign_A_11", "match_sign_id": "sign_B_8"}, {"sign_id": "sign_A_12", "match_sign_id": "sign_B_4"}, {"sign_id": "sign_A_12", "match_sign_id": "sign_B_6"}, {"sign_id": "sign_A_13", "match_sign_id": "sign_B_7"}, {"sign_id": "sign_A_13", "match_sign_id": "sign_B_5"}, {"sign_id": "sign_A_13", "match_sign_id": "sign_B_3"}, {"sign_id": "sign_A_13", "match_sign_id": "sign_B_1"}, {"sign_id": "sign_A_13", "match_sign_id": "sign_B_2"}, {"sign_id": "sign_A_14", "match_sign_id": "sign_B_4"}, {"sign_id": "sign_A_14", "match_sign_id": "sign_B_8"}, {"sign_id": "sign_A_14", "match_sign_id": "sign_B_6"}, {"sign_id": "sign_A_15", "match_sign_id": "sign_B_4"}, {"sign_id": "sign_A_11", "match_sign_id": "sign_B_6"}, {"sign_id": "sign_A_9", "match_sign_id": "sign_B_6"}, {"sign_id": "sign_A_5", "match_sign_id": "sign_B_6"}, {"sign_id": "sign_A_8", "match_sign_id": "sign_B_8"}]}