{"group": [{"pic_list": ["19569365033100014072", "19569365033100014073", "19569365033100014074", "19569365033100014075"], "seq_id": "A"}, {"pic_list": ["18558236080200019215", "18558236080200019216", "18558236080200019217", "18558236080200019218", "18558236080200019219"], "seq_id": "B"}], "signs": [{"pic_id": "19569365033100014072", "x": 705, "y": 307, "w": 8, "h": 10, "type": "301", "sign_id": "sign_A_1"}, {"pic_id": "19569365033100014073", "x": 788, "y": 270, "w": 11, "h": 15, "type": "301", "sign_id": "sign_A_2"}, {"pic_id": "19569365033100014074", "x": 812, "y": 233, "w": 14, "h": 20, "type": "301", "sign_id": "sign_A_3"}, {"pic_id": "19569365033100014075", "x": 528, "y": 150, "w": 19, "h": 26, "type": "301", "sign_id": "sign_A_4"}, {"pic_id": "18558236080200019215", "x": 630, "y": 435, "w": 8, "h": 10, "type": "301", "sign_id": "sign_B_1"}, {"pic_id": "18558236080200019216", "x": 634, "y": 426, "w": 8, "h": 11, "type": "301", "sign_id": "sign_B_2"}, {"pic_id": "18558236080200019217", "x": 647, "y": 414, "w": 9, "h": 13, "type": "301", "sign_id": "sign_B_3"}, {"pic_id": "18558236080200019218", "x": 690, "y": 372, "w": 14, "h": 17, "type": "301", "sign_id": "sign_B_4"}, {"pic_id": "18558236080200019219", "x": 346, "y": 291, "w": 18, "h": 25, "type": "301", "sign_id": "sign_B_5"}], "match": [{"sign_id": "sign_A_1", "match_sign_id": "sign_B_2"}, {"sign_id": "sign_A_1", "match_sign_id": "sign_B_1"}, {"sign_id": "sign_A_1", "match_sign_id": "sign_B_3"}, {"sign_id": "sign_A_1", "match_sign_id": "sign_B_4"}, {"sign_id": "sign_A_1", "match_sign_id": "sign_B_5"}, {"sign_id": "sign_A_2", "match_sign_id": "sign_B_2"}, {"sign_id": "sign_A_2", "match_sign_id": "sign_B_3"}, {"sign_id": "sign_A_2", "match_sign_id": "sign_B_4"}, {"sign_id": "sign_A_2", "match_sign_id": "sign_B_1"}, {"sign_id": "sign_A_2", "match_sign_id": "sign_B_5"}, {"sign_id": "sign_A_3", "match_sign_id": "sign_B_2"}, {"sign_id": "sign_A_3", "match_sign_id": "sign_B_3"}, {"sign_id": "sign_A_3", "match_sign_id": "sign_B_4"}, {"sign_id": "sign_A_3", "match_sign_id": "sign_B_1"}, {"sign_id": "sign_A_3", "match_sign_id": "sign_B_5"}, {"sign_id": "sign_A_4", "match_sign_id": "sign_B_5"}, {"sign_id": "sign_A_4", "match_sign_id": "sign_B_4"}, {"sign_id": "sign_A_4", "match_sign_id": "sign_B_3"}, {"sign_id": "sign_A_4", "match_sign_id": "sign_B_2"}, {"sign_id": "sign_A_4", "match_sign_id": "sign_B_1"}]}