{"group": [{"pic_list": ["20599449031300019242", "20599449031300019243", "20599449031300019244", "20599449031300019245", "20599449031300019246", "20599449031300019247", "20599449031300019248"], "seq_id": "A"}, {"pic_list": ["19580207071500012869", "19580207071500012870", "19580207071500012871", "19580207071500012872", "19580207071500012873", "19580207071500012874", "19580207071500012875"], "seq_id": "B"}], "signs": [{"pic_id": "20599449031300019242", "x": 372, "y": 391, "w": 7, "h": 9, "type": "301", "sign_id": "sign_A_1"}, {"pic_id": "20599449031300019242", "x": 535, "y": 466, "w": 6, "h": 7, "type": "301", "sign_id": "sign_A_2"}, {"pic_id": "20599449031300019243", "x": 354, "y": 352, "w": 9, "h": 12, "type": "301", "sign_id": "sign_A_3"}, {"pic_id": "20599449031300019243", "x": 568, "y": 459, "w": 6, "h": 7, "type": "301", "sign_id": "sign_A_4"}, {"pic_id": "20599449031300019244", "x": 292, "y": 280, "w": 12, "h": 15, "type": "301", "sign_id": "sign_A_5"}, {"pic_id": "20599449031300019244", "x": 593, "y": 445, "w": 6, "h": 7, "type": "301", "sign_id": "sign_A_6"}, {"pic_id": "20599449031300019245", "x": 17, "y": 48, "w": 25, "h": 30, "type": "301", "sign_id": "sign_A_7"}, {"pic_id": "20599449031300019245", "x": 590, "y": 428, "w": 7, "h": 8, "type": "301", "sign_id": "sign_A_8"}, {"pic_id": "20599449031300019246", "x": 579, "y": 392, "w": 8, "h": 11, "type": "301", "sign_id": "sign_A_9"}, {"pic_id": "20599449031300019247", "x": 569, "y": 309, "w": 13, "h": 16, "type": "301", "sign_id": "sign_A_10"}, {"pic_id": "20599449031300019247", "x": 567, "y": 486, "w": 5, "h": 6, "type": "301", "sign_id": "sign_A_11"}, {"pic_id": "20599449031300019248", "x": 563, "y": 477, "w": 5, "h": 7, "type": "301", "sign_id": "sign_A_12"}, {"pic_id": "19580207071500012869", "x": 400, "y": 209, "w": 13, "h": 18, "type": "301", "sign_id": "sign_B_1"}, {"pic_id": "19580207071500012869", "x": 747, "y": 367, "w": 7, "h": 9, "type": "301", "sign_id": "sign_B_2"}, {"pic_id": "19580207071500012870", "x": 363, "y": 139, "w": 15, "h": 20, "type": "301", "sign_id": "sign_B_3"}, {"pic_id": "19580207071500012870", "x": 808, "y": 350, "w": 8, "h": 11, "type": "301", "sign_id": "sign_B_4"}, {"pic_id": "19580207071500012871", "x": 826, "y": 325, "w": 10, "h": 14, "type": "301", "sign_id": "sign_B_5"}, {"pic_id": "19580207071500012872", "x": 822, "y": 289, "w": 12, "h": 15, "type": "301", "sign_id": "sign_B_6"}, {"pic_id": "19580207071500012873", "x": 807, "y": 250, "w": 14, "h": 18, "type": "301", "sign_id": "sign_B_7"}, {"pic_id": "19580207071500012874", "x": 796, "y": 141, "w": 18, "h": 24, "type": "301", "sign_id": "sign_B_8"}], "match": [{"sign_id": "sign_A_1", "match_sign_id": "sign_B_4"}, {"sign_id": "sign_A_1", "match_sign_id": "sign_B_6"}, {"sign_id": "sign_A_2", "match_sign_id": "sign_B_4"}, {"sign_id": "sign_A_2", "match_sign_id": "sign_B_2"}, {"sign_id": "sign_A_3", "match_sign_id": " "}, {"sign_id": "sign_A_4", "match_sign_id": "sign_B_4"}, {"sign_id": "sign_A_4", "match_sign_id": "sign_B_2"}, {"sign_id": "sign_A_5", "match_sign_id": "sign_B_8"}, {"sign_id": "sign_A_5", "match_sign_id": "sign_B_3"}, {"sign_id": "sign_A_5", "match_sign_id": "sign_B_1"}, {"sign_id": "sign_A_6", "match_sign_id": "sign_B_4"}, {"sign_id": "sign_A_6", "match_sign_id": "sign_B_2"}, {"sign_id": "sign_A_7", "match_sign_id": "sign_B_8"}, {"sign_id": "sign_A_7", "match_sign_id": "sign_B_7"}, {"sign_id": "sign_A_7", "match_sign_id": "sign_B_3"}, {"sign_id": "sign_A_8", "match_sign_id": "sign_B_6"}, {"sign_id": "sign_A_8", "match_sign_id": "sign_B_4"}, {"sign_id": "sign_A_8", "match_sign_id": "sign_B_5"}, {"sign_id": "sign_A_9", "match_sign_id": "sign_B_6"}, {"sign_id": "sign_A_9", "match_sign_id": "sign_B_5"}, {"sign_id": "sign_A_10", "match_sign_id": "sign_B_8"}, {"sign_id": "sign_A_10", "match_sign_id": "sign_B_7"}, {"sign_id": "sign_A_10", "match_sign_id": "sign_B_3"}, {"sign_id": "sign_A_10", "match_sign_id": "sign_B_6"}, {"sign_id": "sign_A_11", "match_sign_id": "sign_B_4"}, {"sign_id": "sign_A_11", "match_sign_id": "sign_B_5"}, {"sign_id": "sign_A_11", "match_sign_id": "sign_B_2"}, {"sign_id": "sign_A_12", "match_sign_id": "sign_B_4"}, {"sign_id": "sign_A_12", "match_sign_id": "sign_B_2"}, {"sign_id": "sign_A_12", "match_sign_id": "sign_B_6"}, {"sign_id": "sign_A_8", "match_sign_id": "sign_B_1"}, {"sign_id": "sign_A_9", "match_sign_id": "sign_B_1"}, {"sign_id": "sign_A_12", "match_sign_id": "sign_B_1"}, {"sign_id": "sign_A_8", "match_sign_id": "sign_B_2"}, {"sign_id": "sign_A_8", "match_sign_id": "sign_B_3"}, {"sign_id": "sign_A_9", "match_sign_id": "sign_B_3"}, {"sign_id": "sign_A_9", "match_sign_id": "sign_B_4"}, {"sign_id": "sign_A_12", "match_sign_id": "sign_B_5"}, {"sign_id": "sign_A_8", "match_sign_id": "sign_B_7"}, {"sign_id": "sign_A_9", "match_sign_id": "sign_B_7"}, {"sign_id": "sign_A_9", "match_sign_id": "sign_B_8"}, {"sign_id": "sign_A_8", "match_sign_id": "sign_B_8"}]}