{"group": [{"pic_list": ["19592658120600005650", "19592658120600003297", "19592658120600003298", "19592658120600003299", "19592658120600003300", "19592658120600003301"], "seq_id": "A"}, {"pic_list": ["18559034092600034810", "18559034092600034811", "18559034092600034812", "18559034092600034813", "18559034092600034814", "18559034092600034815", "18559034092600034816", "18559034092600034817", "18559034092600034818"], "seq_id": "B"}], "signs": [{"pic_id": "19592658120600005650", "x": 653, "y": 287, "w": 6, "h": 8, "type": "301", "sign_id": "sign_A_1"}, {"pic_id": "19592658120600003297", "x": 697, "y": 259, "w": 7, "h": 10, "type": "301", "sign_id": "sign_A_2"}, {"pic_id": "19592658120600003298", "x": 573, "y": 254, "w": 17, "h": 16, "type": "105", "sign_id": "sign_A_3"}, {"pic_id": "19592658120600003298", "x": 766, "y": 207, "w": 10, "h": 14, "type": "301", "sign_id": "sign_A_4"}, {"pic_id": "19592658120600003299", "x": 580, "y": 229, "w": 22, "h": 21, "type": "105", "sign_id": "sign_A_5"}, {"pic_id": "19592658120600003299", "x": 553, "y": 229, "w": 21, "h": 21, "type": "107", "sign_id": "sign_A_6"}, {"pic_id": "19592658120600003299", "x": 960, "y": 82, "w": 19, "h": 25, "type": "301", "sign_id": "sign_A_7"}, {"pic_id": "19592658120600003300", "x": 600, "y": 162, "w": 31, "h": 31, "type": "105", "sign_id": "sign_A_8"}, {"pic_id": "19592658120600003300", "x": 561, "y": 161, "w": 31, "h": 31, "type": "107", "sign_id": "sign_A_9"}, {"pic_id": "18559034092600034810", "x": 819, "y": 364, "w": 17, "h": 17, "type": "105", "sign_id": "sign_B_1"}, {"pic_id": "18559034092600034810", "x": 928, "y": 339, "w": 11, "h": 14, "type": "301", "sign_id": "sign_B_2"}, {"pic_id": "18559034092600034811", "x": 710, "y": 327, "w": 18, "h": 18, "type": "105", "sign_id": "sign_B_3"}, {"pic_id": "18559034092600034811", "x": 688, "y": 325, "w": 18, "h": 18, "type": "107", "sign_id": "sign_B_4"}, {"pic_id": "18559034092600034811", "x": 857, "y": 289, "w": 12, "h": 15, "type": "301", "sign_id": "sign_B_5"}, {"pic_id": "18559034092600034812", "x": 637, "y": 303, "w": 22, "h": 21, "type": "105", "sign_id": "sign_B_6"}, {"pic_id": "18559034092600034812", "x": 611, "y": 301, "w": 21, "h": 21, "type": "107", "sign_id": "sign_B_7"}, {"pic_id": "18559034092600034812", "x": 867, "y": 219, "w": 17, "h": 22, "type": "301", "sign_id": "sign_B_8"}, {"pic_id": "18559034092600034813", "x": 631, "y": 266, "w": 27, "h": 26, "type": "105", "sign_id": "sign_B_9"}, {"pic_id": "18559034092600034813", "x": 599, "y": 263, "w": 26, "h": 26, "type": "107", "sign_id": "sign_B_10"}, {"pic_id": "18559034092600034813", "x": 1118, "y": 6, "w": 35, "h": 41, "type": "301", "sign_id": "sign_B_11"}, {"pic_id": "18559034092600034814", "x": 666, "y": 212, "w": 36, "h": 35, "type": "105", "sign_id": "sign_B_12"}, {"pic_id": "18559034092600034814", "x": 623, "y": 209, "w": 35, "h": 34, "type": "107", "sign_id": "sign_B_13"}, {"pic_id": "18559034092600034815", "x": 697, "y": 78, "w": 58, "h": 57, "type": "105", "sign_id": "sign_B_14"}, {"pic_id": "18559034092600034815", "x": 626, "y": 71, "w": 58, "h": 56, "type": "107", "sign_id": "sign_B_15"}], "match": [{"sign_id": "sign_A_1", "match_sign_id": "sign_B_2"}, {"sign_id": "sign_A_1", "match_sign_id": "sign_B_8"}, {"sign_id": "sign_A_1", "match_sign_id": "sign_B_5"}, {"sign_id": "sign_A_1", "match_sign_id": "sign_B_11"}, {"sign_id": "sign_A_2", "match_sign_id": "sign_B_2"}, {"sign_id": "sign_A_2", "match_sign_id": "sign_B_8"}, {"sign_id": "sign_A_2", "match_sign_id": "sign_B_11"}, {"sign_id": "sign_A_3", "match_sign_id": "sign_B_12"}, {"sign_id": "sign_A_3", "match_sign_id": "sign_B_14"}, {"sign_id": "sign_A_4", "match_sign_id": "sign_B_11"}, {"sign_id": "sign_A_4", "match_sign_id": "sign_B_8"}, {"sign_id": "sign_A_4", "match_sign_id": "sign_B_2"}, {"sign_id": "sign_A_4", "match_sign_id": "sign_B_5"}, {"sign_id": "sign_A_5", "match_sign_id": "sign_B_12"}, {"sign_id": "sign_A_5", "match_sign_id": "sign_B_14"}, {"sign_id": "sign_A_6", "match_sign_id": "sign_B_13"}, {"sign_id": "sign_A_6", "match_sign_id": "sign_B_15"}, {"sign_id": "sign_A_6", "match_sign_id": "sign_B_10"}, {"sign_id": "sign_A_6", "match_sign_id": "sign_B_7"}, {"sign_id": "sign_A_7", "match_sign_id": "sign_B_8"}, {"sign_id": "sign_A_7", "match_sign_id": "sign_B_11"}, {"sign_id": "sign_A_7", "match_sign_id": "sign_B_2"}, {"sign_id": "sign_A_7", "match_sign_id": "sign_B_5"}, {"sign_id": "sign_A_8", "match_sign_id": "sign_B_14"}, {"sign_id": "sign_A_8", "match_sign_id": "sign_B_12"}, {"sign_id": "sign_A_9", "match_sign_id": "sign_B_13"}, {"sign_id": "sign_A_9", "match_sign_id": "sign_B_15"}, {"sign_id": "sign_A_9", "match_sign_id": "sign_B_10"}, {"sign_id": "sign_A_9", "match_sign_id": "sign_B_7"}, {"sign_id": "sign_A_2", "match_sign_id": "sign_B_5"}]}