{"group": [{"pic_list": ["19595271121900000905", "19595271121900000906", "19595271121900000907", "19595271121900000908", "19595271121900000909", "19595271121900000910", "19595271121900000911"], "seq_id": "A"}, {"pic_list": ["18558944091900007335", "18558944091900007336", "18558944091900015633", "18558944091900007667", "18558944091900007668", "18558944091900007669", "18558944091900007670"], "seq_id": "B"}], "signs": [{"pic_id": "19595271121900000905", "x": 231, "y": 381, "w": 8, "h": 9, "type": "301", "sign_id": "sign_A_1"}, {"pic_id": "19595271121900000905", "x": 621, "y": 407, "w": 7, "h": 8, "type": "301", "sign_id": "sign_A_2"}, {"pic_id": "19595271121900000906", "x": 137, "y": 398, "w": 10, "h": 12, "type": "301", "sign_id": "sign_A_3"}, {"pic_id": "19595271121900000906", "x": 610, "y": 428, "w": 7, "h": 8, "type": "301", "sign_id": "sign_A_4"}, {"pic_id": "19595271121900000907", "x": 31, "y": 303, "w": 12, "h": 14, "type": "301", "sign_id": "sign_A_5"}, {"pic_id": "19595271121900000907", "x": 635, "y": 353, "w": 9, "h": 10, "type": "301", "sign_id": "sign_A_6"}, {"pic_id": "19595271121900000908", "x": 600, "y": 435, "w": 15, "h": 15, "type": "107", "sign_id": "sign_A_7"}, {"pic_id": "19595271121900000908", "x": 598, "y": 457, "w": 15, "h": 15, "type": "108", "sign_id": "sign_A_8"}, {"pic_id": "19595271121900000908", "x": 706, "y": 294, "w": 11, "h": 14, "type": "301", "sign_id": "sign_A_9"}, {"pic_id": "19595271121900000908", "x": 276, "y": 306, "w": 16, "h": 16, "type": "301", "sign_id": "sign_A_10"}, {"pic_id": "19595271121900000909", "x": 646, "y": 444, "w": 18, "h": 19, "type": "105", "sign_id": "sign_A_11"}, {"pic_id": "19595271121900000909", "x": 647, "y": 416, "w": 18, "h": 18, "type": "107", "sign_id": "sign_A_12"}, {"pic_id": "19595271121900000909", "x": 910, "y": 132, "w": 21, "h": 27, "type": "301", "sign_id": "sign_A_13"}, {"pic_id": "19595271121900000910", "x": 685, "y": 426, "w": 24, "h": 24, "type": "105", "sign_id": "sign_A_14"}, {"pic_id": "19595271121900000910", "x": 686, "y": 390, "w": 24, "h": 24, "type": "107", "sign_id": "sign_A_15"}, {"pic_id": "19595271121900000911", "x": 776, "y": 380, "w": 39, "h": 38, "type": "105", "sign_id": "sign_A_16"}, {"pic_id": "19595271121900000911", "x": 776, "y": 326, "w": 38, "h": 36, "type": "107", "sign_id": "sign_A_17"}, {"pic_id": "18558944091900007335", "x": 379, "y": 284, "w": 8, "h": 9, "type": "301", "sign_id": "sign_B_1"}, {"pic_id": "18558944091900007335", "x": 729, "y": 295, "w": 7, "h": 8, "type": "301", "sign_id": "sign_B_2"}, {"pic_id": "18558944091900015633", "x": 245, "y": 218, "w": 11, "h": 13, "type": "301", "sign_id": "sign_B_3"}, {"pic_id": "18558944091900015633", "x": 809, "y": 235, "w": 10, "h": 12, "type": "301", "sign_id": "sign_B_4"}, {"pic_id": "18558944091900007667", "x": 66, "y": 142, "w": 14, "h": 19, "type": "301", "sign_id": "sign_B_5"}, {"pic_id": "18558944091900007667", "x": 906, "y": 167, "w": 13, "h": 17, "type": "301", "sign_id": "sign_B_6"}, {"pic_id": "18558944091900007668", "x": 812, "y": 320, "w": 20, "h": 20, "type": "105", "sign_id": "sign_B_7"}, {"pic_id": "18558944091900007668", "x": 812, "y": 291, "w": 20, "h": 20, "type": "107", "sign_id": "sign_B_8"}, {"pic_id": "18558944091900007669", "x": 884, "y": 294, "w": 29, "h": 28, "type": "105", "sign_id": "sign_B_9"}, {"pic_id": "18558944091900007669", "x": 884, "y": 252, "w": 29, "h": 28, "type": "107", "sign_id": "sign_B_10"}, {"pic_id": "18558944091900007670", "x": 1033, "y": 227, "w": 55, "h": 50, "type": "105", "sign_id": "sign_B_11"}, {"pic_id": "18558944091900007670", "x": 1033, "y": 156, "w": 55, "h": 49, "type": "107", "sign_id": "sign_B_12"}], "match": [{"sign_id": "sign_A_1", "match_sign_id": "sign_B_1"}, {"sign_id": "sign_A_1", "match_sign_id": "sign_B_5"}, {"sign_id": "sign_A_1", "match_sign_id": "sign_B_4"}, {"sign_id": "sign_A_2", "match_sign_id": "sign_B_4"}, {"sign_id": "sign_A_2", "match_sign_id": "sign_B_2"}, {"sign_id": "sign_A_2", "match_sign_id": "sign_B_3"}, {"sign_id": "sign_A_3", "match_sign_id": "sign_B_1"}, {"sign_id": "sign_A_3", "match_sign_id": "sign_B_2"}, {"sign_id": "sign_A_3", "match_sign_id": "sign_B_5"}, {"sign_id": "sign_A_4", "match_sign_id": "sign_B_4"}, {"sign_id": "sign_A_4", "match_sign_id": "sign_B_2"}, {"sign_id": "sign_A_4", "match_sign_id": "sign_B_5"}, {"sign_id": "sign_A_5", "match_sign_id": "sign_B_5"}, {"sign_id": "sign_A_5", "match_sign_id": "sign_B_2"}, {"sign_id": "sign_A_6", "match_sign_id": "sign_B_4"}, {"sign_id": "sign_A_6", "match_sign_id": "sign_B_6"}, {"sign_id": "sign_A_6", "match_sign_id": "sign_B_5"}, {"sign_id": "sign_A_6", "match_sign_id": "sign_B_2"}, {"sign_id": "sign_A_7", "match_sign_id": "sign_B_8"}, {"sign_id": "sign_A_7", "match_sign_id": "sign_B_10"}, {"sign_id": "sign_A_9", "match_sign_id": "sign_B_4"}, {"sign_id": "sign_A_9", "match_sign_id": "sign_B_6"}, {"sign_id": "sign_A_9", "match_sign_id": "sign_B_2"}, {"sign_id": "sign_A_10", "match_sign_id": "sign_B_3"}, {"sign_id": "sign_A_10", "match_sign_id": "sign_B_1"}, {"sign_id": "sign_A_11", "match_sign_id": "sign_B_7"}, {"sign_id": "sign_A_11", "match_sign_id": "sign_B_9"}, {"sign_id": "sign_A_12", "match_sign_id": "sign_B_8"}, {"sign_id": "sign_A_12", "match_sign_id": "sign_B_10"}, {"sign_id": "sign_A_13", "match_sign_id": "sign_B_6"}, {"sign_id": "sign_A_13", "match_sign_id": "sign_B_4"}, {"sign_id": "sign_A_13", "match_sign_id": "sign_B_3"}, {"sign_id": "sign_A_13", "match_sign_id": "sign_B_2"}, {"sign_id": "sign_A_14", "match_sign_id": "sign_B_9"}, {"sign_id": "sign_A_14", "match_sign_id": "sign_B_7"}, {"sign_id": "sign_A_14", "match_sign_id": "sign_B_11"}, {"sign_id": "sign_A_15", "match_sign_id": "sign_B_8"}, {"sign_id": "sign_A_15", "match_sign_id": "sign_B_10"}, {"sign_id": "sign_A_16", "match_sign_id": "sign_B_11"}, {"sign_id": "sign_A_16", "match_sign_id": "sign_B_9"}, {"sign_id": "sign_A_16", "match_sign_id": "sign_B_7"}, {"sign_id": "sign_A_17", "match_sign_id": "sign_B_12"}, {"sign_id": "sign_A_17", "match_sign_id": "sign_B_10"}, {"sign_id": "sign_A_17", "match_sign_id": "sign_B_8"}, {"sign_id": "sign_A_6", "match_sign_id": "sign_B_1"}, {"sign_id": "sign_A_5", "match_sign_id": "sign_B_3"}, {"sign_id": "sign_A_2", "match_sign_id": "sign_B_6"}, {"sign_id": "sign_A_11", "match_sign_id": "sign_B_11"}, {"sign_id": "sign_A_15", "match_sign_id": "sign_B_12"}]}