{"group": [{"pic_list": ["19592318120300003955", "19592318120300003910", "19592318120300003911", "19592318120300003912", "19592318120300003907"], "seq_id": "A"}, {"pic_list": ["18558740091100012325", "18558740091100017813", "18558740091100017814", "18558740091100017815", "18558740091100017816"], "seq_id": "B"}], "signs": [{"pic_id": "19592318120300003910", "x": 256, "y": 361, "w": 10, "h": 11, "type": "301", "sign_id": "sign_A_1"}, {"pic_id": "19592318120300003911", "x": 100, "y": 303, "w": 12, "h": 13, "type": "301", "sign_id": "sign_A_2"}, {"pic_id": "18558740091100017813", "x": 268, "y": 321, "w": 7, "h": 8, "type": "301", "sign_id": "sign_B_1"}, {"pic_id": "18558740091100017814", "x": 157, "y": 295, "w": 9, "h": 10, "type": "301", "sign_id": "sign_B_2"}], "match": [{"sign_id": "sign_A_1", "match_sign_id": "sign_B_1"}, {"sign_id": "sign_A_1", "match_sign_id": "sign_B_2"}, {"sign_id": "sign_A_2", "match_sign_id": "sign_B_2"}, {"sign_id": "sign_A_2", "match_sign_id": "sign_B_1"}]}