{"group": [{"pic_list": ["19596672122600004293", "19596672122600004294", "19596672122600004295"], "seq_id": "A"}, {"pic_list": ["18559177100800043930", "18559177100800043931"], "seq_id": "B"}], "signs": [{"pic_id": "19596672122600004293", "x": 854, "y": 341, "w": 13, "h": 17, "type": "301", "sign_id": "sign_A_1"}, {"pic_id": "19596672122600004295", "x": 297, "y": 355, "w": 9, "h": 11, "type": "301", "sign_id": "sign_A_2"}, {"pic_id": "19596672122600004295", "x": 1238, "y": 194, "w": 37, "h": 44, "type": "301", "sign_id": "sign_A_3"}], "match": [{"sign_id": "sign_A_1", "match_sign_id": " "}, {"sign_id": "sign_A_2", "match_sign_id": " "}, {"sign_id": "sign_A_3", "match_sign_id": " "}]}