{"group": [{"pic_list": ["20598855012900004468", "20598855012900004469", "20598855012900004480", "20598855012900004481", "20598855012900004482", "20598855012900004483", "20598855012900004484"], "seq_id": "A"}, {"pic_list": ["18558454082800027856", "18558454082800027857", "18558454082800027858", "18558454082800027859", "18558454082800027860", "18558454082800027861", "18558454082800027862"], "seq_id": "B"}], "signs": [{"pic_id": "20598855012900004480", "x": 816, "y": 436, "w": 9, "h": 12, "type": "301", "sign_id": "sign_A_1"}, {"pic_id": "20598855012900004481", "x": 959, "y": 411, "w": 12, "h": 15, "type": "301", "sign_id": "sign_A_2"}, {"pic_id": "20598855012900004482", "x": 1264, "y": 369, "w": 15, "h": 21, "type": "301", "sign_id": "sign_A_3"}, {"pic_id": "20598855012900004484", "x": 612, "y": 365, "w": 14, "h": 14, "type": "104", "sign_id": "sign_A_4"}, {"pic_id": "18558454082800027858", "x": 1009, "y": 294, "w": 11, "h": 14, "type": "301", "sign_id": "sign_B_1"}, {"pic_id": "18558454082800027859", "x": 1242, "y": 270, "w": 15, "h": 19, "type": "301", "sign_id": "sign_B_2"}, {"pic_id": "18558454082800027860", "x": 618, "y": 284, "w": 12, "h": 12, "type": "104", "sign_id": "sign_B_3"}, {"pic_id": "18558454082800027861", "x": 627, "y": 277, "w": 13, "h": 13, "type": "104", "sign_id": "sign_B_4"}, {"pic_id": "18558454082800027862", "x": 643, "y": 258, "w": 14, "h": 15, "type": "104", "sign_id": "sign_B_5"}], "match": [{"sign_id": "sign_A_1", "match_sign_id": "sign_B_1"}, {"sign_id": "sign_A_1", "match_sign_id": "sign_B_2"}, {"sign_id": "sign_A_2", "match_sign_id": "sign_B_1"}, {"sign_id": "sign_A_2", "match_sign_id": "sign_B_2"}, {"sign_id": "sign_A_3", "match_sign_id": "sign_B_1"}, {"sign_id": "sign_A_3", "match_sign_id": "sign_B_2"}, {"sign_id": "sign_A_4", "match_sign_id": "sign_B_3"}, {"sign_id": "sign_A_4", "match_sign_id": "sign_B_5"}, {"sign_id": "sign_A_4", "match_sign_id": "sign_B_4"}]}