{"group": [{"pic_list": ["19566062031100000888", "19566062031100000889", "19566062031100000890"], "seq_id": "A"}, {"pic_list": ["18559903112000050643", "18559903112000050644", "18559903112000050645"], "seq_id": "B"}], "signs": [{"pic_id": "19566062031100000888", "x": 378, "y": 225, "w": 13, "h": 17, "type": "301", "sign_id": "sign_A_1"}, {"pic_id": "19566062031100000889", "x": 44, "y": 154, "w": 23, "h": 30, "type": "301", "sign_id": "sign_A_2"}, {"pic_id": "18559903112000050643", "x": 247, "y": 278, "w": 15, "h": 17, "type": "301", "sign_id": "sign_B_1"}, {"pic_id": "18559903112000050644", "x": 81, "y": 259, "w": 18, "h": 22, "type": "301", "sign_id": "sign_B_2"}], "match": [{"sign_id": "sign_A_1", "match_sign_id": "sign_B_1"}, {"sign_id": "sign_A_1", "match_sign_id": "sign_B_2"}, {"sign_id": "sign_A_2", "match_sign_id": "sign_B_2"}, {"sign_id": "sign_A_2", "match_sign_id": "sign_B_1"}]}