{"group": [{"pic_list": ["20598821020600001839", "20598821020600001840", "20598821020600001841", "20598821020600001842", "20598821020600001843", "20598821020600001844"], "seq_id": "A"}, {"pic_list": ["18559081092800036304", "18559081092800036305", "18559081092800036306", "18559081092800036307", "18559081092800036308", "18559081092800036309", "18559081092800036310", "18559081092800036311"], "seq_id": "B"}], "signs": [{"pic_id": "20598821020600001844", "x": 669, "y": 302, "w": 14, "h": 14, "type": "103", "sign_id": "sign_A_1"}, {"pic_id": "18559081092800036304", "x": 636, "y": 292, "w": 14, "h": 14, "type": "103", "sign_id": "sign_B_1"}, {"pic_id": "18559081092800036305", "x": 627, "y": 268, "w": 15, "h": 15, "type": "103", "sign_id": "sign_B_2"}, {"pic_id": "18559081092800036306", "x": 613, "y": 278, "w": 17, "h": 16, "type": "103", "sign_id": "sign_B_3"}, {"pic_id": "18559081092800036307", "x": 614, "y": 288, "w": 17, "h": 17, "type": "103", "sign_id": "sign_B_4"}, {"pic_id": "18559081092800036308", "x": 614, "y": 287, "w": 17, "h": 17, "type": "103", "sign_id": "sign_B_5"}, {"pic_id": "18559081092800036309", "x": 614, "y": 287, "w": 17, "h": 17, "type": "103", "sign_id": "sign_B_6"}, {"pic_id": "18559081092800036310", "x": 611, "y": 298, "w": 19, "h": 19, "type": "103", "sign_id": "sign_B_7"}, {"pic_id": "18559081092800036311", "x": 627, "y": 265, "w": 22, "h": 23, "type": "103", "sign_id": "sign_B_8"}], "match": [{"sign_id": "sign_A_1", "match_sign_id": "sign_B_1"}, {"sign_id": "sign_A_1", "match_sign_id": "sign_B_2"}, {"sign_id": "sign_A_1", "match_sign_id": "sign_B_3"}, {"sign_id": "sign_A_1", "match_sign_id": "sign_B_6"}, {"sign_id": "sign_A_1", "match_sign_id": "sign_B_4"}, {"sign_id": "sign_A_1", "match_sign_id": "sign_B_7"}, {"sign_id": "sign_A_1", "match_sign_id": "sign_B_5"}, {"sign_id": "sign_A_1", "match_sign_id": "sign_B_8"}]}