{"group": [{"pic_list": ["20599556033000004656", "20599556033000004657", "20599556033000004658", "20599556033000004659", "20599556033000004660"], "seq_id": "A"}, {"pic_list": ["18558166073000041992", "18558166073000041993", "18558166073000041994", "18558166073000041995", "18558166073000041996", "18558166073000041997", "18558166073000041998", "18558166073000041999"], "seq_id": "B"}], "signs": [{"pic_id": "20599556033000004656", "x": 799, "y": 611, "w": 15, "h": 15, "type": "104", "sign_id": "sign_A_1"}, {"pic_id": "20599556033000004656", "x": 1265, "y": 582, "w": 14, "h": 18, "type": "301", "sign_id": "sign_A_2"}, {"pic_id": "20599556033000004657", "x": 794, "y": 592, "w": 16, "h": 16, "type": "104", "sign_id": "sign_A_3"}, {"pic_id": "20599556033000004657", "x": 1429, "y": 529, "w": 17, "h": 23, "type": "301", "sign_id": "sign_A_4"}, {"pic_id": "20599556033000004658", "x": 1553, "y": 442, "w": 22, "h": 29, "type": "301", "sign_id": "sign_A_5"}, {"pic_id": "20599556033000004659", "x": 748, "y": 546, "w": 20, "h": 21, "type": "104", "sign_id": "sign_A_6"}, {"pic_id": "20599556033000004660", "x": 698, "y": 507, "w": 27, "h": 26, "type": "104", "sign_id": "sign_A_7"}, {"pic_id": "18558166073000041992", "x": 637, "y": 225, "w": 60, "h": 58, "type": "106", "sign_id": "sign_B_1"}, {"pic_id": "18558166073000041993", "x": 621, "y": 22, "w": 98, "h": 91, "type": "106", "sign_id": "sign_B_2"}, {"pic_id": "18558166073000041998", "x": 748, "y": 456, "w": 12, "h": 11, "type": "104", "sign_id": "sign_B_3"}], "match": [{"sign_id": "sign_A_1", "match_sign_id": "sign_B_3"}, {"sign_id": "sign_A_2", "match_sign_id": " "}, {"sign_id": "sign_A_3", "match_sign_id": "sign_B_3"}, {"sign_id": "sign_A_4", "match_sign_id": " "}, {"sign_id": "sign_A_5", "match_sign_id": " "}, {"sign_id": "sign_A_6", "match_sign_id": "sign_B_3"}, {"sign_id": "sign_A_7", "match_sign_id": "sign_B_3"}]}