{"group": [{"pic_list": ["19582310081600021633", "19582310081600022025", "19582310081600022026"], "seq_id": "A"}, {"pic_list": ["18558105073000029818", "18558105073000029819", "18558105073000029820"], "seq_id": "B"}], "signs": [{"pic_id": "19582310081600021633", "x": 1023, "y": 667, "w": 26, "h": 28, "type": "105", "sign_id": "sign_A_1"}, {"pic_id": "19582310081600021633", "x": 771, "y": 648, "w": 10, "h": 14, "type": "301", "sign_id": "sign_A_2"}, {"pic_id": "19582310081600022025", "x": 1073, "y": 590, "w": 32, "h": 34, "type": "105", "sign_id": "sign_A_3"}, {"pic_id": "19582310081600022025", "x": 767, "y": 568, "w": 14, "h": 18, "type": "301", "sign_id": "sign_A_4"}, {"pic_id": "19582310081600022026", "x": 1146, "y": 518, "w": 41, "h": 43, "type": "105", "sign_id": "sign_A_5"}, {"pic_id": "19582310081600022026", "x": 758, "y": 491, "w": 16, "h": 21, "type": "301", "sign_id": "sign_A_6"}, {"pic_id": "18558105073000029818", "x": 757, "y": 248, "w": 17, "h": 18, "type": "105", "sign_id": "sign_B_1"}, {"pic_id": "18558105073000029818", "x": 599, "y": 242, "w": 8, "h": 10, "type": "301", "sign_id": "sign_B_2"}, {"pic_id": "18558105073000029819", "x": 780, "y": 220, "w": 21, "h": 22, "type": "105", "sign_id": "sign_B_3"}, {"pic_id": "18558105073000029819", "x": 588, "y": 216, "w": 9, "h": 11, "type": "301", "sign_id": "sign_B_4"}, {"pic_id": "18558105073000029820", "x": 811, "y": 156, "w": 29, "h": 30, "type": "105", "sign_id": "sign_B_5"}, {"pic_id": "18558105073000029820", "x": 561, "y": 152, "w": 11, "h": 14, "type": "301", "sign_id": "sign_B_6"}], "match": [{"sign_id": "sign_A_1", "match_sign_id": "sign_B_5"}, {"sign_id": "sign_A_1", "match_sign_id": "sign_B_3"}, {"sign_id": "sign_A_1", "match_sign_id": "sign_B_1"}, {"sign_id": "sign_A_2", "match_sign_id": "sign_B_4"}, {"sign_id": "sign_A_2", "match_sign_id": "sign_B_6"}, {"sign_id": "sign_A_2", "match_sign_id": "sign_B_2"}, {"sign_id": "sign_A_3", "match_sign_id": "sign_B_5"}, {"sign_id": "sign_A_3", "match_sign_id": "sign_B_1"}, {"sign_id": "sign_A_3", "match_sign_id": "sign_B_3"}, {"sign_id": "sign_A_4", "match_sign_id": "sign_B_4"}, {"sign_id": "sign_A_4", "match_sign_id": "sign_B_6"}, {"sign_id": "sign_A_4", "match_sign_id": "sign_B_2"}, {"sign_id": "sign_A_5", "match_sign_id": "sign_B_5"}, {"sign_id": "sign_A_5", "match_sign_id": "sign_B_1"}, {"sign_id": "sign_A_5", "match_sign_id": "sign_B_3"}, {"sign_id": "sign_A_6", "match_sign_id": "sign_B_4"}, {"sign_id": "sign_A_6", "match_sign_id": "sign_B_6"}, {"sign_id": "sign_A_6", "match_sign_id": "sign_B_2"}]}