{"group": [{"pic_list": ["19578380062100012960", "19578380062100012259", "19578380062100012260"], "seq_id": "A"}, {"pic_list": ["18558331080900022467", "18558331080900022468", "18558331080900022469"], "seq_id": "B"}], "signs": [{"pic_id": "19578380062100012960", "x": 686, "y": 388, "w": 17, "h": 16, "type": "106", "sign_id": "sign_A_1"}, {"pic_id": "19578380062100012960", "x": 1103, "y": 203, "w": 18, "h": 23, "type": "301", "sign_id": "sign_A_2"}, {"pic_id": "19578380062100012259", "x": 702, "y": 381, "w": 21, "h": 19, "type": "106", "sign_id": "sign_A_3"}, {"pic_id": "19578380062100012260", "x": 753, "y": 351, "w": 29, "h": 28, "type": "106", "sign_id": "sign_A_4"}, {"pic_id": "18558331080900022467", "x": 755, "y": 327, "w": 17, "h": 16, "type": "106", "sign_id": "sign_B_1"}, {"pic_id": "18558331080900022467", "x": 1266, "y": 156, "w": 13, "h": 23, "type": "301", "sign_id": "sign_B_2"}, {"pic_id": "18558331080900022468", "x": 788, "y": 312, "w": 22, "h": 21, "type": "106", "sign_id": "sign_B_3"}, {"pic_id": "18558331080900022469", "x": 851, "y": 279, "w": 31, "h": 30, "type": "106", "sign_id": "sign_B_4"}], "match": [{"sign_id": "sign_A_1", "match_sign_id": "sign_B_1"}, {"sign_id": "sign_A_1", "match_sign_id": "sign_B_4"}, {"sign_id": "sign_A_1", "match_sign_id": "sign_B_3"}, {"sign_id": "sign_A_2", "match_sign_id": "sign_B_2"}, {"sign_id": "sign_A_3", "match_sign_id": "sign_B_1"}, {"sign_id": "sign_A_3", "match_sign_id": "sign_B_3"}, {"sign_id": "sign_A_3", "match_sign_id": "sign_B_4"}, {"sign_id": "sign_A_4", "match_sign_id": "sign_B_1"}, {"sign_id": "sign_A_4", "match_sign_id": "sign_B_3"}, {"sign_id": "sign_A_4", "match_sign_id": "sign_B_4"}]}