{"group": [{"pic_list": ["19596723122600001448", "19596723122600001449", "19596723122600001450", "19596723122600001451", "19596723122600001452", "19596723122600001453", "19596723122600001454", "19596723122600001455"], "seq_id": "A"}, {"pic_list": ["18558443082400013624", "18558443082400013625", "18558443082400013626", "18558443082400013627", "18558443082400013628", "18558443082400013629", "18558443082400013630", "18558443082400013631", "18558443082400013632", "18558443082400013633", "18558443082400013634"], "seq_id": "B"}], "signs": [{"pic_id": "19596723122600001451", "x": 863, "y": 290, "w": 7, "h": 8, "type": "301", "sign_id": "sign_A_1"}, {"pic_id": "19596723122600001452", "x": 930, "y": 260, "w": 11, "h": 12, "type": "301", "sign_id": "sign_A_2"}, {"pic_id": "19596723122600001452", "x": 747, "y": 273, "w": 7, "h": 9, "type": "301", "sign_id": "sign_A_3"}, {"pic_id": "19596723122600001453", "x": 1059, "y": 212, "w": 14, "h": 15, "type": "301", "sign_id": "sign_A_4"}, {"pic_id": "19596723122600001453", "x": 778, "y": 241, "w": 9, "h": 11, "type": "301", "sign_id": "sign_A_5"}, {"pic_id": "19596723122600001454", "x": 849, "y": 184, "w": 12, "h": 16, "type": "301", "sign_id": "sign_A_6"}, {"pic_id": "19596723122600001455", "x": 983, "y": 45, "w": 21, "h": 26, "type": "301", "sign_id": "sign_A_7"}, {"pic_id": "18558443082400013629", "x": 874, "y": 408, "w": 8, "h": 10, "type": "301", "sign_id": "sign_B_1"}, {"pic_id": "18558443082400013630", "x": 959, "y": 370, "w": 11, "h": 14, "type": "301", "sign_id": "sign_B_2"}, {"pic_id": "18558443082400013630", "x": 757, "y": 390, "w": 8, "h": 9, "type": "301", "sign_id": "sign_B_3"}, {"pic_id": "18558443082400013631", "x": 1020, "y": 345, "w": 13, "h": 14, "type": "301", "sign_id": "sign_B_4"}, {"pic_id": "18558443082400013631", "x": 772, "y": 374, "w": 9, "h": 11, "type": "301", "sign_id": "sign_B_5"}, {"pic_id": "18558443082400013632", "x": 801, "y": 334, "w": 11, "h": 14, "type": "301", "sign_id": "sign_B_6"}, {"pic_id": "18558443082400013632", "x": 1185, "y": 266, "w": 20, "h": 21, "type": "301", "sign_id": "sign_B_7"}, {"pic_id": "18558443082400013633", "x": 794, "y": 275, "w": 14, "h": 18, "type": "301", "sign_id": "sign_B_8"}, {"pic_id": "18558443082400013634", "x": 861, "y": 65, "w": 27, "h": 33, "type": "301", "sign_id": "sign_B_9"}], "match": [{"sign_id": "sign_A_1", "match_sign_id": "sign_B_4"}, {"sign_id": "sign_A_1", "match_sign_id": "sign_B_1"}, {"sign_id": "sign_A_1", "match_sign_id": "sign_B_2"}, {"sign_id": "sign_A_1", "match_sign_id": "sign_B_7"}, {"sign_id": "sign_A_1", "match_sign_id": "sign_B_6"}, {"sign_id": "sign_A_1", "match_sign_id": "sign_B_9"}, {"sign_id": "sign_A_2", "match_sign_id": "sign_B_4"}, {"sign_id": "sign_A_2", "match_sign_id": "sign_B_1"}, {"sign_id": "sign_A_2", "match_sign_id": "sign_B_2"}, {"sign_id": "sign_A_2", "match_sign_id": "sign_B_7"}, {"sign_id": "sign_A_2", "match_sign_id": "sign_B_6"}, {"sign_id": "sign_A_2", "match_sign_id": "sign_B_9"}, {"sign_id": "sign_A_3", "match_sign_id": "sign_B_8"}, {"sign_id": "sign_A_3", "match_sign_id": "sign_B_5"}, {"sign_id": "sign_A_3", "match_sign_id": "sign_B_3"}, {"sign_id": "sign_A_3", "match_sign_id": "sign_B_6"}, {"sign_id": "sign_A_3", "match_sign_id": "sign_B_9"}, {"sign_id": "sign_A_4", "match_sign_id": "sign_B_4"}, {"sign_id": "sign_A_4", "match_sign_id": "sign_B_2"}, {"sign_id": "sign_A_4", "match_sign_id": "sign_B_1"}, {"sign_id": "sign_A_4", "match_sign_id": "sign_B_7"}, {"sign_id": "sign_A_4", "match_sign_id": "sign_B_6"}, {"sign_id": "sign_A_4", "match_sign_id": "sign_B_9"}, {"sign_id": "sign_A_5", "match_sign_id": "sign_B_8"}, {"sign_id": "sign_A_5", "match_sign_id": "sign_B_3"}, {"sign_id": "sign_A_5", "match_sign_id": "sign_B_5"}, {"sign_id": "sign_A_5", "match_sign_id": "sign_B_6"}, {"sign_id": "sign_A_5", "match_sign_id": "sign_B_9"}, {"sign_id": "sign_A_6", "match_sign_id": "sign_B_8"}, {"sign_id": "sign_A_6", "match_sign_id": "sign_B_9"}, {"sign_id": "sign_A_6", "match_sign_id": "sign_B_6"}, {"sign_id": "sign_A_6", "match_sign_id": "sign_B_5"}, {"sign_id": "sign_A_6", "match_sign_id": "sign_B_3"}, {"sign_id": "sign_A_7", "match_sign_id": "sign_B_9"}, {"sign_id": "sign_A_7", "match_sign_id": "sign_B_6"}, {"sign_id": "sign_A_7", "match_sign_id": "sign_B_8"}, {"sign_id": "sign_A_7", "match_sign_id": "sign_B_5"}]}