{"group": [{"pic_list": ["19589135103000003655", "19589135103000003656", "19589135103000003657", "19589135103000003658", "19589135103000003659", "19589135103000003660", "19589135103000003661"], "seq_id": "A"}, {"pic_list": ["18558302081400030242", "18558302081400030243", "18558302081400030244", "18558302081400030245", "18558302081400030246", "18558302081400030247", "18558302081400030248"], "seq_id": "B"}], "signs": [{"pic_id": "19589135103000003656", "x": 662, "y": 507, "w": 12, "h": 12, "type": "103", "sign_id": "sign_A_1"}, {"pic_id": "19589135103000003657", "x": 687, "y": 498, "w": 15, "h": 15, "type": "103", "sign_id": "sign_A_2"}, {"pic_id": "19589135103000003658", "x": 725, "y": 483, "w": 20, "h": 21, "type": "103", "sign_id": "sign_A_3"}, {"pic_id": "19589135103000003658", "x": 809, "y": 484, "w": 17, "h": 20, "type": "103", "sign_id": "sign_A_4"}, {"pic_id": "19589135103000003658", "x": 1243, "y": 459, "w": 11, "h": 13, "type": "301", "sign_id": "sign_A_5"}, {"pic_id": "19589135103000003659", "x": 807, "y": 457, "w": 34, "h": 33, "type": "103", "sign_id": "sign_A_6"}, {"pic_id": "19589135103000003659", "x": 735, "y": 480, "w": 5, "h": 6, "type": "301", "sign_id": "sign_A_7"}, {"pic_id": "19589135103000003660", "x": 1068, "y": 378, "w": 73, "h": 67, "type": "103", "sign_id": "sign_A_8"}, {"pic_id": "19589135103000003660", "x": 766, "y": 472, "w": 6, "h": 7, "type": "301", "sign_id": "sign_A_9"}, {"pic_id": "19589135103000003661", "x": 815, "y": 461, "w": 7, "h": 9, "type": "301", "sign_id": "sign_A_10"}, {"pic_id": "18558302081400030243", "x": 711, "y": 421, "w": 15, "h": 16, "type": "103", "sign_id": "sign_B_1"}, {"pic_id": "18558302081400030244", "x": 749, "y": 409, "w": 18, "h": 20, "type": "103", "sign_id": "sign_B_2"}, {"pic_id": "18558302081400030245", "x": 877, "y": 376, "w": 36, "h": 35, "type": "103", "sign_id": "sign_B_3"}], "match": [{"sign_id": "sign_A_1", "match_sign_id": "sign_B_1"}, {"sign_id": "sign_A_1", "match_sign_id": "sign_B_2"}, {"sign_id": "sign_A_1", "match_sign_id": "sign_B_3"}, {"sign_id": "sign_A_2", "match_sign_id": "sign_B_1"}, {"sign_id": "sign_A_2", "match_sign_id": "sign_B_2"}, {"sign_id": "sign_A_2", "match_sign_id": "sign_B_3"}, {"sign_id": "sign_A_3", "match_sign_id": "sign_B_2"}, {"sign_id": "sign_A_3", "match_sign_id": "sign_B_1"}, {"sign_id": "sign_A_3", "match_sign_id": "sign_B_3"}, {"sign_id": "sign_A_4", "match_sign_id": "sign_B_2"}, {"sign_id": "sign_A_4", "match_sign_id": "sign_B_1"}, {"sign_id": "sign_A_4", "match_sign_id": "sign_B_3"}, {"sign_id": "sign_A_5", "match_sign_id": " "}, {"sign_id": "sign_A_6", "match_sign_id": "sign_B_3"}, {"sign_id": "sign_A_6", "match_sign_id": "sign_B_2"}, {"sign_id": "sign_A_6", "match_sign_id": "sign_B_1"}, {"sign_id": "sign_A_7", "match_sign_id": " "}, {"sign_id": "sign_A_8", "match_sign_id": "sign_B_3"}, {"sign_id": "sign_A_8", "match_sign_id": "sign_B_2"}, {"sign_id": "sign_A_8", "match_sign_id": "sign_B_1"}, {"sign_id": "sign_A_9", "match_sign_id": " "}, {"sign_id": "sign_A_10", "match_sign_id": " "}]}