{"group": [{"pic_list": ["19590358111000010904", "19590358111000010905", "19590358111000010906", "19590358111000010907", "19590358111000010908", "19590358111000010909"], "seq_id": "A"}, {"pic_list": ["18558946091900022912", "18558946091900022913", "18558946091900022914", "18558946091900022915", "18558946091900022916", "18558946091900022917", "18558946091900022918", "18558946091900022919", "18558946091900022920"], "seq_id": "B"}], "signs": [{"pic_id": "19590358111000010905", "x": 657, "y": 431, "w": 6, "h": 7, "type": "301", "sign_id": "sign_A_1"}, {"pic_id": "19590358111000010906", "x": 679, "y": 407, "w": 6, "h": 8, "type": "301", "sign_id": "sign_A_2"}, {"pic_id": "19590358111000010907", "x": 742, "y": 356, "w": 9, "h": 11, "type": "301", "sign_id": "sign_A_3"}, {"pic_id": "19590358111000010908", "x": 778, "y": 327, "w": 11, "h": 14, "type": "301", "sign_id": "sign_A_4"}, {"pic_id": "19590358111000010909", "x": 1063, "y": 56, "w": 26, "h": 31, "type": "301", "sign_id": "sign_A_5"}, {"pic_id": "18558946091900022914", "x": 687, "y": 369, "w": 6, "h": 6, "type": "301", "sign_id": "sign_B_1"}, {"pic_id": "18558946091900022915", "x": 695, "y": 352, "w": 6, "h": 7, "type": "301", "sign_id": "sign_B_2"}, {"pic_id": "18558946091900022916", "x": 673, "y": 332, "w": 7, "h": 8, "type": "301", "sign_id": "sign_B_3"}, {"pic_id": "18558946091900022917", "x": 654, "y": 325, "w": 7, "h": 9, "type": "301", "sign_id": "sign_B_4"}, {"pic_id": "18558946091900022918", "x": 555, "y": 296, "w": 9, "h": 10, "type": "301", "sign_id": "sign_B_5"}, {"pic_id": "18558946091900022919", "x": 270, "y": 201, "w": 13, "h": 15, "type": "301", "sign_id": "sign_B_6"}], "match": [{"sign_id": "sign_A_1", "match_sign_id": "sign_B_1"}, {"sign_id": "sign_A_1", "match_sign_id": "sign_B_2"}, {"sign_id": "sign_A_1", "match_sign_id": "sign_B_3"}, {"sign_id": "sign_A_1", "match_sign_id": "sign_B_4"}, {"sign_id": "sign_A_1", "match_sign_id": "sign_B_5"}, {"sign_id": "sign_A_1", "match_sign_id": "sign_B_6"}, {"sign_id": "sign_A_2", "match_sign_id": "sign_B_2"}, {"sign_id": "sign_A_2", "match_sign_id": "sign_B_3"}, {"sign_id": "sign_A_2", "match_sign_id": "sign_B_4"}, {"sign_id": "sign_A_2", "match_sign_id": "sign_B_5"}, {"sign_id": "sign_A_2", "match_sign_id": "sign_B_6"}, {"sign_id": "sign_A_2", "match_sign_id": "sign_B_1"}, {"sign_id": "sign_A_3", "match_sign_id": "sign_B_5"}, {"sign_id": "sign_A_3", "match_sign_id": "sign_B_4"}, {"sign_id": "sign_A_3", "match_sign_id": "sign_B_6"}, {"sign_id": "sign_A_3", "match_sign_id": "sign_B_3"}, {"sign_id": "sign_A_3", "match_sign_id": "sign_B_2"}, {"sign_id": "sign_A_3", "match_sign_id": "sign_B_1"}, {"sign_id": "sign_A_4", "match_sign_id": "sign_B_5"}, {"sign_id": "sign_A_4", "match_sign_id": "sign_B_4"}, {"sign_id": "sign_A_4", "match_sign_id": "sign_B_6"}, {"sign_id": "sign_A_4", "match_sign_id": "sign_B_3"}, {"sign_id": "sign_A_4", "match_sign_id": "sign_B_2"}, {"sign_id": "sign_A_4", "match_sign_id": "sign_B_1"}, {"sign_id": "sign_A_5", "match_sign_id": "sign_B_6"}, {"sign_id": "sign_A_5", "match_sign_id": "sign_B_5"}, {"sign_id": "sign_A_5", "match_sign_id": "sign_B_4"}, {"sign_id": "sign_A_5", "match_sign_id": "sign_B_3"}, {"sign_id": "sign_A_5", "match_sign_id": "sign_B_2"}, {"sign_id": "sign_A_5", "match_sign_id": "sign_B_1"}]}