{"group": [{"pic_list": ["20599138022700002948", "20599138022700002949", "20599138022700002950", "20599138022700002951"], "seq_id": "A"}, {"pic_list": ["19591382112200000141", "19591382112200000142", "19591382112200000143", "19591382112200000144"], "seq_id": "B"}], "signs": [{"pic_id": "20599138022700002949", "x": 769, "y": 384, "w": 18, "h": 19, "type": "110", "sign_id": "sign_A_1"}, {"pic_id": "20599138022700002949", "x": 525, "y": 382, "w": 19, "h": 18, "type": "110", "sign_id": "sign_A_2"}, {"pic_id": "20599138022700002950", "x": 472, "y": 364, "w": 27, "h": 26, "type": "110", "sign_id": "sign_A_3"}, {"pic_id": "20599138022700002950", "x": 816, "y": 368, "w": 26, "h": 28, "type": "110", "sign_id": "sign_A_4"}, {"pic_id": "20599138022700002951", "x": 346, "y": 315, "w": 44, "h": 44, "type": "110", "sign_id": "sign_A_5"}, {"pic_id": "20599138022700002951", "x": 931, "y": 321, "w": 46, "h": 45, "type": "110", "sign_id": "sign_A_6"}, {"pic_id": "19591382112200000142", "x": 772, "y": 218, "w": 20, "h": 20, "type": "110", "sign_id": "sign_B_1"}, {"pic_id": "19591382112200000142", "x": 519, "y": 223, "w": 20, "h": 20, "type": "110", "sign_id": "sign_B_2"}, {"pic_id": "19591382112200000143", "x": 445, "y": 200, "w": 30, "h": 30, "type": "110", "sign_id": "sign_B_3"}, {"pic_id": "19591382112200000143", "x": 846, "y": 191, "w": 31, "h": 31, "type": "110", "sign_id": "sign_B_4"}, {"pic_id": "19591382112200000144", "x": 209, "y": 115, "w": 68, "h": 66, "type": "110", "sign_id": "sign_B_5"}, {"pic_id": "19591382112200000144", "x": 1107, "y": 95, "w": 75, "h": 69, "type": "110", "sign_id": "sign_B_6"}], "match": [{"sign_id": "sign_A_1", "match_sign_id": "sign_B_1"}, {"sign_id": "sign_A_1", "match_sign_id": "sign_B_2"}, {"sign_id": "sign_A_1", "match_sign_id": "sign_B_4"}, {"sign_id": "sign_A_1", "match_sign_id": "sign_B_6"}, {"sign_id": "sign_A_2", "match_sign_id": "sign_B_2"}, {"sign_id": "sign_A_2", "match_sign_id": "sign_B_3"}, {"sign_id": "sign_A_2", "match_sign_id": "sign_B_5"}, {"sign_id": "sign_A_3", "match_sign_id": "sign_B_5"}, {"sign_id": "sign_A_4", "match_sign_id": "sign_B_4"}, {"sign_id": "sign_A_4", "match_sign_id": "sign_B_6"}, {"sign_id": "sign_A_4", "match_sign_id": "sign_B_1"}, {"sign_id": "sign_A_5", "match_sign_id": "sign_B_5"}, {"sign_id": "sign_A_6", "match_sign_id": "sign_B_4"}, {"sign_id": "sign_A_6", "match_sign_id": "sign_B_6"}, {"sign_id": "sign_A_6", "match_sign_id": "sign_B_2"}, {"sign_id": "sign_A_6", "match_sign_id": "sign_B_1"}]}