{"group": [{"pic_list": ["19596693122500004557", "19596693122500004558", "19596693122500004559", "19596693122500004560", "19596693122500004561", "19596693122500004562"], "seq_id": "A"}, {"pic_list": ["18558685091100027927", "18558685091100027928", "18558685091100027929", "18558685091100027930", "18558685091100027931", "18558685091100032031"], "seq_id": "B"}], "signs": [{"pic_id": "19596693122500004557", "x": 858, "y": 256, "w": 42, "h": 40, "type": "104", "sign_id": "sign_A_1"}, {"pic_id": "19596693122500004557", "x": 632, "y": 421, "w": 6, "h": 7, "type": "301", "sign_id": "sign_A_2"}, {"pic_id": "19596693122500004558", "x": 975, "y": 97, "w": 69, "h": 65, "type": "104", "sign_id": "sign_A_3"}, {"pic_id": "19596693122500004558", "x": 624, "y": 419, "w": 6, "h": 8, "type": "301", "sign_id": "sign_A_4"}, {"pic_id": "19596693122500004559", "x": 610, "y": 413, "w": 7, "h": 9, "type": "301", "sign_id": "sign_A_5"}, {"pic_id": "19596693122500004560", "x": 598, "y": 400, "w": 8, "h": 11, "type": "301", "sign_id": "sign_A_6"}, {"pic_id": "19596693122500004561", "x": 583, "y": 375, "w": 9, "h": 13, "type": "301", "sign_id": "sign_A_7"}, {"pic_id": "19596693122500004562", "x": 546, "y": 333, "w": 11, "h": 16, "type": "301", "sign_id": "sign_A_8"}, {"pic_id": "18558685091100027927", "x": 683, "y": 165, "w": 47, "h": 48, "type": "104", "sign_id": "sign_B_1"}, {"pic_id": "18558685091100027929", "x": 422, "y": 337, "w": 7, "h": 10, "type": "301", "sign_id": "sign_B_2"}, {"pic_id": "18558685091100027930", "x": 410, "y": 332, "w": 8, "h": 11, "type": "301", "sign_id": "sign_B_3"}, {"pic_id": "18558685091100027931", "x": 391, "y": 294, "w": 10, "h": 14, "type": "301", "sign_id": "sign_B_4"}, {"pic_id": "18558685091100032031", "x": 357, "y": 251, "w": 13, "h": 17, "type": "301", "sign_id": "sign_B_5"}], "match": [{"sign_id": "sign_A_1", "match_sign_id": "sign_B_1"}, {"sign_id": "sign_A_2", "match_sign_id": "sign_B_2"}, {"sign_id": "sign_A_2", "match_sign_id": "sign_B_3"}, {"sign_id": "sign_A_2", "match_sign_id": "sign_B_4"}, {"sign_id": "sign_A_2", "match_sign_id": "sign_B_5"}, {"sign_id": "sign_A_3", "match_sign_id": "sign_B_1"}, {"sign_id": "sign_A_4", "match_sign_id": "sign_B_3"}, {"sign_id": "sign_A_4", "match_sign_id": "sign_B_4"}, {"sign_id": "sign_A_4", "match_sign_id": "sign_B_2"}, {"sign_id": "sign_A_4", "match_sign_id": "sign_B_5"}, {"sign_id": "sign_A_5", "match_sign_id": "sign_B_3"}, {"sign_id": "sign_A_5", "match_sign_id": "sign_B_2"}, {"sign_id": "sign_A_5", "match_sign_id": "sign_B_4"}, {"sign_id": "sign_A_5", "match_sign_id": "sign_B_5"}, {"sign_id": "sign_A_6", "match_sign_id": "sign_B_4"}, {"sign_id": "sign_A_6", "match_sign_id": "sign_B_3"}, {"sign_id": "sign_A_6", "match_sign_id": "sign_B_5"}, {"sign_id": "sign_A_6", "match_sign_id": "sign_B_2"}, {"sign_id": "sign_A_7", "match_sign_id": "sign_B_4"}, {"sign_id": "sign_A_7", "match_sign_id": "sign_B_5"}, {"sign_id": "sign_A_7", "match_sign_id": "sign_B_3"}, {"sign_id": "sign_A_7", "match_sign_id": "sign_B_2"}, {"sign_id": "sign_A_8", "match_sign_id": "sign_B_5"}, {"sign_id": "sign_A_8", "match_sign_id": "sign_B_4"}, {"sign_id": "sign_A_8", "match_sign_id": "sign_B_3"}, {"sign_id": "sign_A_8", "match_sign_id": "sign_B_2"}]}