{"group": [{"pic_list": ["20598657012000007944", "20598657012000007945", "20598657012000007946", "20598657012000007947", "20598657012000007948"], "seq_id": "A"}, {"pic_list": ["18559030092600025881", "18559030092600025882", "18559030092600028063", "18559030092600028064", "18559030092600028065", "18559030092600028066", "18559030092600028067", "18559030092600028068"], "seq_id": "B"}], "signs": [{"pic_id": "20598657012000007944", "x": 827, "y": 247, "w": 8, "h": 10, "type": "301", "sign_id": "sign_A_1"}, {"pic_id": "20598657012000007945", "x": 878, "y": 213, "w": 10, "h": 12, "type": "301", "sign_id": "sign_A_2"}, {"pic_id": "20598657012000007946", "x": 955, "y": 153, "w": 13, "h": 16, "type": "301", "sign_id": "sign_A_3"}, {"pic_id": "20598657012000007947", "x": 1075, "y": 47, "w": 19, "h": 24, "type": "301", "sign_id": "sign_A_4"}, {"pic_id": "18559030092600025881", "x": 805, "y": 307, "w": 18, "h": 21, "type": "201", "sign_id": "sign_B_1"}, {"pic_id": "18559030092600025881", "x": 691, "y": 249, "w": 7, "h": 9, "type": "301", "sign_id": "sign_B_2"}, {"pic_id": "18559030092600025882", "x": 813, "y": 299, "w": 20, "h": 24, "type": "201", "sign_id": "sign_B_3"}, {"pic_id": "18559030092600025882", "x": 682, "y": 234, "w": 8, "h": 11, "type": "301", "sign_id": "sign_B_4"}, {"pic_id": "18559030092600028063", "x": 886, "y": 274, "w": 22, "h": 29, "type": "201", "sign_id": "sign_B_5"}, {"pic_id": "18559030092600028063", "x": 724, "y": 201, "w": 9, "h": 12, "type": "301", "sign_id": "sign_B_6"}, {"pic_id": "18559030092600028064", "x": 987, "y": 251, "w": 28, "h": 38, "type": "201", "sign_id": "sign_B_7"}, {"pic_id": "18559030092600028064", "x": 775, "y": 165, "w": 11, "h": 14, "type": "301", "sign_id": "sign_B_8"}, {"pic_id": "18559030092600028065", "x": 1138, "y": 198, "w": 38, "h": 52, "type": "201", "sign_id": "sign_B_9"}, {"pic_id": "18559030092600028065", "x": 829, "y": 98, "w": 14, "h": 19, "type": "301", "sign_id": "sign_B_10"}], "match": [{"sign_id": "sign_A_1", "match_sign_id": "sign_B_4"}, {"sign_id": "sign_A_1", "match_sign_id": "sign_B_2"}, {"sign_id": "sign_A_1", "match_sign_id": "sign_B_8"}, {"sign_id": "sign_A_1", "match_sign_id": "sign_B_6"}, {"sign_id": "sign_A_1", "match_sign_id": "sign_B_10"}, {"sign_id": "sign_A_2", "match_sign_id": "sign_B_4"}, {"sign_id": "sign_A_2", "match_sign_id": "sign_B_8"}, {"sign_id": "sign_A_2", "match_sign_id": "sign_B_2"}, {"sign_id": "sign_A_2", "match_sign_id": "sign_B_6"}, {"sign_id": "sign_A_2", "match_sign_id": "sign_B_10"}, {"sign_id": "sign_A_3", "match_sign_id": "sign_B_10"}, {"sign_id": "sign_A_3", "match_sign_id": "sign_B_8"}, {"sign_id": "sign_A_3", "match_sign_id": "sign_B_4"}, {"sign_id": "sign_A_3", "match_sign_id": "sign_B_6"}, {"sign_id": "sign_A_3", "match_sign_id": "sign_B_2"}, {"sign_id": "sign_A_4", "match_sign_id": "sign_B_10"}, {"sign_id": "sign_A_4", "match_sign_id": "sign_B_8"}, {"sign_id": "sign_A_4", "match_sign_id": "sign_B_6"}, {"sign_id": "sign_A_4", "match_sign_id": "sign_B_4"}, {"sign_id": "sign_A_4", "match_sign_id": "sign_B_2"}]}