{"group": [{"pic_list": ["19593018120800000318", "19593018120800000319", "19593018120800000320", "19593018120800000321", "19593018120800000322"], "seq_id": "A"}, {"pic_list": ["18558623091000040766", "18558623091000040767", "18558623091000040768", "18558623091000042231", "18558623091000042232"], "seq_id": "B"}], "signs": [{"pic_id": "19593018120800000318", "x": 1108, "y": 462, "w": 9, "h": 11, "type": "301", "sign_id": "sign_A_1"}, {"pic_id": "19593018120800000318", "x": 1086, "y": 468, "w": 6, "h": 7, "type": "301", "sign_id": "sign_A_2"}, {"pic_id": "19593018120800000319", "x": 1062, "y": 461, "w": 9, "h": 11, "type": "301", "sign_id": "sign_A_3"}, {"pic_id": "19593018120800000320", "x": 976, "y": 442, "w": 9, "h": 12, "type": "301", "sign_id": "sign_A_4"}, {"pic_id": "19593018120800000321", "x": 924, "y": 401, "w": 12, "h": 15, "type": "301", "sign_id": "sign_A_5"}, {"pic_id": "19593018120800000322", "x": 912, "y": 382, "w": 12, "h": 15, "type": "301", "sign_id": "sign_A_6"}, {"pic_id": "18558623091000040767", "x": 1168, "y": 239, "w": 8, "h": 10, "type": "301", "sign_id": "sign_B_1"}, {"pic_id": "18558623091000040768", "x": 1006, "y": 278, "w": 10, "h": 12, "type": "301", "sign_id": "sign_B_2"}, {"pic_id": "18558623091000042231", "x": 929, "y": 258, "w": 10, "h": 13, "type": "301", "sign_id": "sign_B_3"}, {"pic_id": "18558623091000042232", "x": 864, "y": 230, "w": 11, "h": 14, "type": "301", "sign_id": "sign_B_4"}], "match": [{"sign_id": "sign_A_1", "match_sign_id": "sign_B_2"}, {"sign_id": "sign_A_1", "match_sign_id": "sign_B_3"}, {"sign_id": "sign_A_1", "match_sign_id": "sign_B_1"}, {"sign_id": "sign_A_1", "match_sign_id": "sign_B_4"}, {"sign_id": "sign_A_3", "match_sign_id": "sign_B_2"}, {"sign_id": "sign_A_3", "match_sign_id": "sign_B_3"}, {"sign_id": "sign_A_3", "match_sign_id": "sign_B_1"}, {"sign_id": "sign_A_3", "match_sign_id": "sign_B_4"}, {"sign_id": "sign_A_4", "match_sign_id": "sign_B_4"}, {"sign_id": "sign_A_4", "match_sign_id": "sign_B_3"}, {"sign_id": "sign_A_4", "match_sign_id": "sign_B_2"}, {"sign_id": "sign_A_4", "match_sign_id": "sign_B_1"}, {"sign_id": "sign_A_5", "match_sign_id": "sign_B_4"}, {"sign_id": "sign_A_5", "match_sign_id": "sign_B_3"}, {"sign_id": "sign_A_5", "match_sign_id": "sign_B_2"}, {"sign_id": "sign_A_5", "match_sign_id": "sign_B_1"}, {"sign_id": "sign_A_6", "match_sign_id": "sign_B_4"}, {"sign_id": "sign_A_6", "match_sign_id": "sign_B_3"}, {"sign_id": "sign_A_6", "match_sign_id": "sign_B_2"}, {"sign_id": "sign_A_6", "match_sign_id": "sign_B_1"}]}