{"group": [{"pic_list": ["20598920020500001602", "20598920020500001603", "20598920020500001604", "20598920020500001605"], "seq_id": "A"}, {"pic_list": ["18558681091000038747", "18558681091000038748", "18558681091000038749", "18558681091000038750"], "seq_id": "B"}], "signs": [{"pic_id": "20598920020500001603", "x": 720, "y": 410, "w": 10, "h": 13, "type": "301", "sign_id": "sign_A_1"}, {"pic_id": "20598920020500001604", "x": 729, "y": 386, "w": 12, "h": 15, "type": "301", "sign_id": "sign_A_2"}, {"pic_id": "20598920020500001605", "x": 747, "y": 343, "w": 14, "h": 17, "type": "301", "sign_id": "sign_A_3"}, {"pic_id": "18558681091000038747", "x": 503, "y": 343, "w": 9, "h": 11, "type": "301", "sign_id": "sign_B_1"}, {"pic_id": "18558681091000038748", "x": 457, "y": 329, "w": 9, "h": 11, "type": "301", "sign_id": "sign_B_2"}, {"pic_id": "18558681091000038749", "x": 492, "y": 293, "w": 11, "h": 14, "type": "301", "sign_id": "sign_B_3"}, {"pic_id": "18558681091000038750", "x": 516, "y": 256, "w": 13, "h": 16, "type": "301", "sign_id": "sign_B_4"}, {"pic_id": "18558681091000038750", "x": 726, "y": 420, "w": 12, "h": 14, "type": "301", "sign_id": "sign_B_5"}], "match": [{"sign_id": "sign_A_1", "match_sign_id": "sign_B_3"}, {"sign_id": "sign_A_1", "match_sign_id": "sign_B_2"}, {"sign_id": "sign_A_1", "match_sign_id": "sign_B_4"}, {"sign_id": "sign_A_1", "match_sign_id": "sign_B_1"}, {"sign_id": "sign_A_2", "match_sign_id": "sign_B_4"}, {"sign_id": "sign_A_2", "match_sign_id": "sign_B_3"}, {"sign_id": "sign_A_2", "match_sign_id": "sign_B_2"}, {"sign_id": "sign_A_2", "match_sign_id": "sign_B_1"}, {"sign_id": "sign_A_3", "match_sign_id": "sign_B_3"}, {"sign_id": "sign_A_3", "match_sign_id": "sign_B_4"}, {"sign_id": "sign_A_3", "match_sign_id": "sign_B_2"}, {"sign_id": "sign_A_3", "match_sign_id": "sign_B_1"}]}