{"group": [{"pic_list": ["19582522082000000062", "19582522082000000987", "19582522082000000988", "19582522082000000989"], "seq_id": "A"}, {"pic_list": ["18557788071700024694", "18557788071700024695", "18557788071700024696", "18557788071700024697", "18557788071700024698", "18557788071700024699"], "seq_id": "B"}], "signs": [{"pic_id": "19582522082000000062", "x": 1044, "y": 76, "w": 16, "h": 22, "type": "301", "sign_id": "sign_A_1"}, {"pic_id": "19582522082000000988", "x": 603, "y": 310, "w": 5, "h": 6, "type": "301", "sign_id": "sign_A_2"}, {"pic_id": "19582522082000000989", "x": 596, "y": 310, "w": 4, "h": 6, "type": "301", "sign_id": "sign_A_3"}, {"pic_id": "19582522082000000989", "x": 510, "y": 307, "w": 5, "h": 6, "type": "301", "sign_id": "sign_A_4"}], "match": [{"sign_id": "sign_A_1", "match_sign_id": " "}, {"sign_id": "sign_A_2", "match_sign_id": " "}, {"sign_id": "sign_A_3", "match_sign_id": " "}, {"sign_id": "sign_A_4", "match_sign_id": " "}]}