{"group": [{"pic_list": ["19590301111000015786", "19590301111000015213", "19590301111000015214", "19590301111000015215", "19590301111000015216", "19590301111000015217"], "seq_id": "A"}, {"pic_list": ["18559792111900044993", "18559792111900044994", "18559792111900044995", "18559792111900044996", "18559792111900044997", "18559792111900044998", "18559792111900044999"], "seq_id": "B"}], "signs": [{"pic_id": "19590301111000015786", "x": 932, "y": 374, "w": 9, "h": 9, "type": "301", "sign_id": "sign_A_1"}, {"pic_id": "19590301111000015786", "x": 292, "y": 366, "w": 10, "h": 10, "type": "301", "sign_id": "sign_A_2"}, {"pic_id": "19590301111000015213", "x": 994, "y": 349, "w": 10, "h": 12, "type": "301", "sign_id": "sign_A_3"}, {"pic_id": "19590301111000015213", "x": 132, "y": 336, "w": 11, "h": 12, "type": "301", "sign_id": "sign_A_4"}, {"pic_id": "19590301111000015213", "x": 928, "y": 349, "w": 9, "h": 10, "type": "301", "sign_id": "sign_A_5"}, {"pic_id": "19590301111000015213", "x": 199, "y": 337, "w": 9, "h": 10, "type": "301", "sign_id": "sign_A_6"}, {"pic_id": "19590301111000015214", "x": 1171, "y": 302, "w": 15, "h": 18, "type": "301", "sign_id": "sign_A_7"}, {"pic_id": "19590301111000015214", "x": 1067, "y": 302, "w": 13, "h": 15, "type": "301", "sign_id": "sign_A_8"}, {"pic_id": "19590301111000015217", "x": 378, "y": 379, "w": 7, "h": 7, "type": "301", "sign_id": "sign_A_9"}, {"pic_id": "19590301111000015217", "x": 822, "y": 386, "w": 5, "h": 7, "type": "301", "sign_id": "sign_A_10"}, {"pic_id": "18559792111900044993", "x": 209, "y": 366, "w": 8, "h": 9, "type": "301", "sign_id": "sign_B_1"}, {"pic_id": "18559792111900044993", "x": 753, "y": 365, "w": 7, "h": 7, "type": "301", "sign_id": "sign_B_2"}, {"pic_id": "18559792111900044993", "x": 796, "y": 365, "w": 7, "h": 8, "type": "301", "sign_id": "sign_B_3"}, {"pic_id": "18559792111900044994", "x": 148, "y": 347, "w": 10, "h": 11, "type": "301", "sign_id": "sign_B_4"}, {"pic_id": "18559792111900044994", "x": 846, "y": 346, "w": 9, "h": 11, "type": "301", "sign_id": "sign_B_5"}, {"pic_id": "18559792111900044995", "x": 850, "y": 311, "w": 11, "h": 13, "type": "301", "sign_id": "sign_B_6"}, {"pic_id": "18559792111900044995", "x": 931, "y": 310, "w": 10, "h": 12, "type": "301", "sign_id": "sign_B_7"}, {"pic_id": "18559792111900044996", "x": 1116, "y": 241, "w": 16, "h": 17, "type": "301", "sign_id": "sign_B_8"}, {"pic_id": "18559792111900044996", "x": 985, "y": 243, "w": 18, "h": 18, "type": "301", "sign_id": "sign_B_9"}, {"pic_id": "18559792111900044999", "x": 354, "y": 385, "w": 6, "h": 7, "type": "301", "sign_id": "sign_B_10"}], "match": [{"sign_id": "sign_A_1", "match_sign_id": "sign_B_7"}, {"sign_id": "sign_A_1", "match_sign_id": "sign_B_5"}, {"sign_id": "sign_A_2", "match_sign_id": "sign_B_1"}, {"sign_id": "sign_A_2", "match_sign_id": "sign_B_7"}, {"sign_id": "sign_A_2", "match_sign_id": "sign_B_4"}, {"sign_id": "sign_A_3", "match_sign_id": "sign_B_4"}, {"sign_id": "sign_A_3", "match_sign_id": "sign_B_1"}, {"sign_id": "sign_A_4", "match_sign_id": "sign_B_4"}, {"sign_id": "sign_A_4", "match_sign_id": "sign_B_1"}, {"sign_id": "sign_A_5", "match_sign_id": "sign_B_6"}, {"sign_id": "sign_A_5", "match_sign_id": "sign_B_7"}, {"sign_id": "sign_A_5", "match_sign_id": "sign_B_9"}, {"sign_id": "sign_A_6", "match_sign_id": "sign_B_7"}, {"sign_id": "sign_A_7", "match_sign_id": "sign_B_7"}, {"sign_id": "sign_A_7", "match_sign_id": "sign_B_4"}, {"sign_id": "sign_A_8", "match_sign_id": "sign_B_6"}, {"sign_id": "sign_A_8", "match_sign_id": "sign_B_9"}, {"sign_id": "sign_A_8", "match_sign_id": "sign_B_5"}, {"sign_id": "sign_A_8", "match_sign_id": "sign_B_8"}, {"sign_id": "sign_A_9", "match_sign_id": "sign_B_10"}, {"sign_id": "sign_A_9", "match_sign_id": "sign_B_1"}, {"sign_id": "sign_A_9", "match_sign_id": "sign_B_4"}, {"sign_id": "sign_A_10", "match_sign_id": "sign_B_2"}, {"sign_id": "sign_A_10", "match_sign_id": "sign_B_5"}, {"sign_id": "sign_A_10", "match_sign_id": "sign_B_8"}, {"sign_id": "sign_A_10", "match_sign_id": "sign_B_7"}, {"sign_id": "sign_A_10", "match_sign_id": "sign_B_6"}, {"sign_id": "sign_A_5", "match_sign_id": "sign_B_2"}, {"sign_id": "sign_A_8", "match_sign_id": "sign_B_2"}, {"sign_id": "sign_A_1", "match_sign_id": "sign_B_3"}, {"sign_id": "sign_A_7", "match_sign_id": "sign_B_3"}, {"sign_id": "sign_A_5", "match_sign_id": "sign_B_5"}, {"sign_id": "sign_A_6", "match_sign_id": "sign_B_9"}, {"sign_id": "sign_A_7", "match_sign_id": "sign_B_9"}, {"sign_id": "sign_A_1", "match_sign_id": "sign_B_9"}, {"sign_id": "sign_A_1", "match_sign_id": "sign_B_10"}, {"sign_id": "sign_A_4", "match_sign_id": "sign_B_10"}, {"sign_id": "sign_A_2", "match_sign_id": "sign_B_10"}, {"sign_id": "sign_A_3", "match_sign_id": "sign_B_10"}, {"sign_id": "sign_A_7", "match_sign_id": "sign_B_10"}]}