{"group": [{"pic_list": ["20599061022300009904", "20599061022300009905", "20599061022300009906", "20599061022300009907"], "seq_id": "A"}, {"pic_list": ["18558806092800049322", "18558806092800049323", "18558806092800049324"], "seq_id": "B"}], "signs": [{"pic_id": "20599061022300009904", "x": 768, "y": 606, "w": 10, "h": 14, "type": "301", "sign_id": "sign_A_1"}, {"pic_id": "20599061022300009905", "x": 810, "y": 582, "w": 11, "h": 15, "type": "301", "sign_id": "sign_A_2"}, {"pic_id": "20599061022300009906", "x": 839, "y": 532, "w": 14, "h": 19, "type": "301", "sign_id": "sign_A_3"}, {"pic_id": "20599061022300009907", "x": 838, "y": 451, "w": 19, "h": 26, "type": "301", "sign_id": "sign_A_4"}, {"pic_id": "18558806092800049322", "x": 633, "y": 277, "w": 7, "h": 10, "type": "301", "sign_id": "sign_B_1"}, {"pic_id": "18558806092800049323", "x": 648, "y": 254, "w": 9, "h": 12, "type": "301", "sign_id": "sign_B_2"}, {"pic_id": "18558806092800049324", "x": 660, "y": 218, "w": 11, "h": 15, "type": "301", "sign_id": "sign_B_3"}], "match": [{"sign_id": "sign_A_1", "match_sign_id": "sign_B_1"}, {"sign_id": "sign_A_1", "match_sign_id": "sign_B_2"}, {"sign_id": "sign_A_1", "match_sign_id": "sign_B_3"}, {"sign_id": "sign_A_2", "match_sign_id": "sign_B_1"}, {"sign_id": "sign_A_2", "match_sign_id": "sign_B_2"}, {"sign_id": "sign_A_2", "match_sign_id": "sign_B_3"}, {"sign_id": "sign_A_3", "match_sign_id": "sign_B_2"}, {"sign_id": "sign_A_3", "match_sign_id": "sign_B_3"}, {"sign_id": "sign_A_3", "match_sign_id": "sign_B_1"}, {"sign_id": "sign_A_4", "match_sign_id": "sign_B_2"}, {"sign_id": "sign_A_4", "match_sign_id": "sign_B_3"}, {"sign_id": "sign_A_4", "match_sign_id": "sign_B_1"}]}