{"group": [{"pic_list": ["19579674070900001209", "19579674070900001210", "19579674070900001211", "19579674070900001212", "19579674070900001213", "19579674070900001214"], "seq_id": "A"}, {"pic_list": ["18558314080900000554", "18558314080900000779", "18558314080900000780", "18558314080900000781", "18558314080900000782", "18558314080900000783", "18558314080900000784"], "seq_id": "B"}], "signs": [{"pic_id": "19579674070900001209", "x": 446, "y": 368, "w": 14, "h": 14, "type": "207", "sign_id": "sign_A_1"}, {"pic_id": "19579674070900001209", "x": 592, "y": 208, "w": 7, "h": 9, "type": "301", "sign_id": "sign_A_2"}, {"pic_id": "19579674070900001209", "x": 331, "y": 403, "w": 5, "h": 6, "type": "301", "sign_id": "sign_A_3"}, {"pic_id": "19579674070900001210", "x": 439, "y": 357, "w": 15, "h": 15, "type": "207", "sign_id": "sign_A_4"}, {"pic_id": "19579674070900001210", "x": 599, "y": 167, "w": 9, "h": 11, "type": "301", "sign_id": "sign_A_5"}, {"pic_id": "19579674070900001210", "x": 321, "y": 396, "w": 6, "h": 6, "type": "301", "sign_id": "sign_A_6"}, {"pic_id": "19579674070900001211", "x": 427, "y": 349, "w": 17, "h": 17, "type": "207", "sign_id": "sign_A_7"}, {"pic_id": "19579674070900001211", "x": 613, "y": 112, "w": 10, "h": 12, "type": "301", "sign_id": "sign_A_8"}, {"pic_id": "19579674070900001211", "x": 307, "y": 397, "w": 6, "h": 6, "type": "301", "sign_id": "sign_A_9"}, {"pic_id": "19579674070900001212", "x": 404, "y": 330, "w": 20, "h": 19, "type": "207", "sign_id": "sign_A_10"}, {"pic_id": "19579674070900001212", "x": 621, "y": 27, "w": 12, "h": 15, "type": "301", "sign_id": "sign_A_11"}, {"pic_id": "19579674070900001212", "x": 283, "y": 387, "w": 6, "h": 7, "type": "301", "sign_id": "sign_A_12"}, {"pic_id": "19579674070900001213", "x": 381, "y": 319, "w": 23, "h": 22, "type": "207", "sign_id": "sign_A_13"}, {"pic_id": "19579674070900001213", "x": 264, "y": 388, "w": 7, "h": 7, "type": "301", "sign_id": "sign_A_14"}, {"pic_id": "19579674070900001214", "x": 270, "y": 251, "w": 37, "h": 35, "type": "207", "sign_id": "sign_A_15"}, {"pic_id": "19579674070900001214", "x": 196, "y": 383, "w": 7, "h": 8, "type": "301", "sign_id": "sign_A_16"}, {"pic_id": "18558314080900000554", "x": 618, "y": 201, "w": 7, "h": 9, "type": "301", "sign_id": "sign_B_1"}, {"pic_id": "18558314080900000779", "x": 474, "y": 329, "w": 14, "h": 14, "type": "207", "sign_id": "sign_B_2"}, {"pic_id": "18558314080900000779", "x": 615, "y": 164, "w": 8, "h": 10, "type": "301", "sign_id": "sign_B_3"}, {"pic_id": "18558314080900000780", "x": 475, "y": 319, "w": 16, "h": 15, "type": "207", "sign_id": "sign_B_4"}, {"pic_id": "18558314080900000780", "x": 634, "y": 117, "w": 9, "h": 12, "type": "301", "sign_id": "sign_B_5"}, {"pic_id": "18558314080900000780", "x": 368, "y": 358, "w": 6, "h": 6, "type": "301", "sign_id": "sign_B_6"}, {"pic_id": "18558314080900000781", "x": 473, "y": 303, "w": 19, "h": 18, "type": "207", "sign_id": "sign_B_7"}, {"pic_id": "18558314080900000781", "x": 662, "y": 43, "w": 11, "h": 14, "type": "301", "sign_id": "sign_B_8"}, {"pic_id": "18558314080900000782", "x": 434, "y": 290, "w": 23, "h": 21, "type": "207", "sign_id": "sign_B_9"}, {"pic_id": "18558314080900000782", "x": 328, "y": 349, "w": 6, "h": 7, "type": "301", "sign_id": "sign_B_10"}, {"pic_id": "18558314080900000783", "x": 424, "y": 280, "w": 25, "h": 23, "type": "207", "sign_id": "sign_B_11"}, {"pic_id": "18558314080900000784", "x": 497, "y": 263, "w": 28, "h": 27, "type": "207", "sign_id": "sign_B_12"}], "match": [{"sign_id": "sign_A_1", "match_sign_id": "sign_B_7"}, {"sign_id": "sign_A_1", "match_sign_id": "sign_B_4"}, {"sign_id": "sign_A_1", "match_sign_id": "sign_B_2"}, {"sign_id": "sign_A_1", "match_sign_id": "sign_B_9"}, {"sign_id": "sign_A_1", "match_sign_id": "sign_B_11"}, {"sign_id": "sign_A_1", "match_sign_id": "sign_B_12"}, {"sign_id": "sign_A_2", "match_sign_id": "sign_B_8"}, {"sign_id": "sign_A_2", "match_sign_id": "sign_B_5"}, {"sign_id": "sign_A_2", "match_sign_id": "sign_B_3"}, {"sign_id": "sign_A_2", "match_sign_id": "sign_B_1"}, {"sign_id": "sign_A_3", "match_sign_id": "sign_B_10"}, {"sign_id": "sign_A_3", "match_sign_id": "sign_B_6"}, {"sign_id": "sign_A_4", "match_sign_id": "sign_B_7"}, {"sign_id": "sign_A_4", "match_sign_id": "sign_B_4"}, {"sign_id": "sign_A_4", "match_sign_id": "sign_B_2"}, {"sign_id": "sign_A_4", "match_sign_id": "sign_B_9"}, {"sign_id": "sign_A_4", "match_sign_id": "sign_B_11"}, {"sign_id": "sign_A_4", "match_sign_id": "sign_B_12"}, {"sign_id": "sign_A_5", "match_sign_id": "sign_B_8"}, {"sign_id": "sign_A_5", "match_sign_id": "sign_B_5"}, {"sign_id": "sign_A_5", "match_sign_id": "sign_B_3"}, {"sign_id": "sign_A_5", "match_sign_id": "sign_B_1"}, {"sign_id": "sign_A_6", "match_sign_id": "sign_B_10"}, {"sign_id": "sign_A_6", "match_sign_id": "sign_B_6"}, {"sign_id": "sign_A_7", "match_sign_id": "sign_B_7"}, {"sign_id": "sign_A_7", "match_sign_id": "sign_B_4"}, {"sign_id": "sign_A_7", "match_sign_id": "sign_B_2"}, {"sign_id": "sign_A_7", "match_sign_id": "sign_B_9"}, {"sign_id": "sign_A_7", "match_sign_id": "sign_B_11"}, {"sign_id": "sign_A_7", "match_sign_id": "sign_B_12"}, {"sign_id": "sign_A_8", "match_sign_id": "sign_B_8"}, {"sign_id": "sign_A_8", "match_sign_id": "sign_B_5"}, {"sign_id": "sign_A_8", "match_sign_id": "sign_B_3"}, {"sign_id": "sign_A_8", "match_sign_id": "sign_B_1"}, {"sign_id": "sign_A_9", "match_sign_id": "sign_B_10"}, {"sign_id": "sign_A_9", "match_sign_id": "sign_B_6"}, {"sign_id": "sign_A_10", "match_sign_id": "sign_B_7"}, {"sign_id": "sign_A_10", "match_sign_id": "sign_B_4"}, {"sign_id": "sign_A_10", "match_sign_id": "sign_B_9"}, {"sign_id": "sign_A_10", "match_sign_id": "sign_B_11"}, {"sign_id": "sign_A_10", "match_sign_id": "sign_B_2"}, {"sign_id": "sign_A_10", "match_sign_id": "sign_B_12"}, {"sign_id": "sign_A_11", "match_sign_id": "sign_B_8"}, {"sign_id": "sign_A_11", "match_sign_id": "sign_B_5"}, {"sign_id": "sign_A_11", "match_sign_id": "sign_B_3"}, {"sign_id": "sign_A_11", "match_sign_id": "sign_B_1"}, {"sign_id": "sign_A_12", "match_sign_id": "sign_B_10"}, {"sign_id": "sign_A_12", "match_sign_id": "sign_B_6"}, {"sign_id": "sign_A_13", "match_sign_id": "sign_B_7"}, {"sign_id": "sign_A_13", "match_sign_id": "sign_B_4"}, {"sign_id": "sign_A_13", "match_sign_id": "sign_B_9"}, {"sign_id": "sign_A_13", "match_sign_id": "sign_B_2"}, {"sign_id": "sign_A_13", "match_sign_id": "sign_B_11"}, {"sign_id": "sign_A_13", "match_sign_id": "sign_B_12"}, {"sign_id": "sign_A_14", "match_sign_id": "sign_B_10"}, {"sign_id": "sign_A_14", "match_sign_id": "sign_B_6"}, {"sign_id": "sign_A_15", "match_sign_id": "sign_B_12"}, {"sign_id": "sign_A_15", "match_sign_id": "sign_B_11"}, {"sign_id": "sign_A_15", "match_sign_id": "sign_B_9"}, {"sign_id": "sign_A_15", "match_sign_id": "sign_B_7"}, {"sign_id": "sign_A_15", "match_sign_id": "sign_B_4"}, {"sign_id": "sign_A_15", "match_sign_id": "sign_B_2"}, {"sign_id": "sign_A_16", "match_sign_id": "sign_B_10"}, {"sign_id": "sign_A_16", "match_sign_id": "sign_B_6"}, {"sign_id": "sign_A_16", "match_sign_id": "sign_B_1"}, {"sign_id": "sign_A_16", "match_sign_id": "sign_B_8"}]}