{"group": [{"pic_list": ["19580325071600000129", "19580325071600000130", "19580325071600000131", "19580325071600000132", "19580325071600000133", "19580325071600000134", "19580325071600000135", "19580325071600000136"], "seq_id": "A"}, {"pic_list": ["18558290080800010832", "18558290080800010833", "18558290080800010834", "18558290080800010835", "18558290080800010836", "18558290080800010837", "18558290080800010838", "18558290080800010839", "18558290080800010840"], "seq_id": "B"}], "signs": [{"pic_id": "19580325071600000129", "x": 457, "y": 286, "w": 7, "h": 10, "type": "301", "sign_id": "sign_A_1"}, {"pic_id": "19580325071600000130", "x": 434, "y": 286, "w": 9, "h": 11, "type": "301", "sign_id": "sign_A_2"}, {"pic_id": "19580325071600000131", "x": 408, "y": 246, "w": 10, "h": 13, "type": "301", "sign_id": "sign_A_3"}, {"pic_id": "19580325071600000131", "x": 397, "y": 244, "w": 8, "h": 11, "type": "301", "sign_id": "sign_A_4"}, {"pic_id": "19580325071600000132", "x": 341, "y": 213, "w": 13, "h": 17, "type": "301", "sign_id": "sign_A_5"}, {"pic_id": "19580325071600000132", "x": 332, "y": 214, "w": 10, "h": 14, "type": "301", "sign_id": "sign_A_6"}, {"pic_id": "19580325071600000133", "x": 221, "y": 159, "w": 19, "h": 25, "type": "301", "sign_id": "sign_A_7"}, {"pic_id": "19580325071600000134", "x": 1058, "y": 182, "w": 22, "h": 36, "type": "106", "sign_id": "sign_A_8"}, {"pic_id": "19580325071600000135", "x": 1230, "y": 109, "w": 33, "h": 50, "type": "106", "sign_id": "sign_A_9"}, {"pic_id": "18558290080800010837", "x": 179, "y": 188, "w": 14, "h": 19, "type": "301", "sign_id": "sign_B_1"}, {"pic_id": "18558290080800010838", "x": 1032, "y": 183, "w": 21, "h": 35, "type": "106", "sign_id": "sign_B_2"}, {"pic_id": "18558290080800010839", "x": 1161, "y": 137, "w": 29, "h": 46, "type": "106", "sign_id": "sign_B_3"}], "match": [{"sign_id": "sign_A_1", "match_sign_id": "sign_B_1"}, {"sign_id": "sign_A_2", "match_sign_id": "sign_B_1"}, {"sign_id": "sign_A_4", "match_sign_id": "sign_B_1"}, {"sign_id": "sign_A_6", "match_sign_id": "sign_B_1"}, {"sign_id": "sign_A_7", "match_sign_id": "sign_B_1"}, {"sign_id": "sign_A_8", "match_sign_id": "sign_B_2"}, {"sign_id": "sign_A_8", "match_sign_id": "sign_B_3"}, {"sign_id": "sign_A_9", "match_sign_id": "sign_B_2"}, {"sign_id": "sign_A_9", "match_sign_id": "sign_B_3"}]}