{"group": [{"pic_list": ["19590448111100004320", "19590448111100004321", "19590448111100004322", "19590448111100004323", "19590448111100004324", "19590448111100004325", "19590448111100004326", "19590448111100004327"], "seq_id": "A"}, {"pic_list": ["18558626090600001767", "18558626090600001768", "18558626090600001769", "18558626090600001770", "18558626090600001771", "18558626090600001772"], "seq_id": "B"}], "signs": [{"pic_id": "19590448111100004321", "x": 939, "y": 420, "w": 20, "h": 19, "type": "104", "sign_id": "sign_A_1"}, {"pic_id": "19590448111100004322", "x": 1104, "y": 405, "w": 30, "h": 27, "type": "104", "sign_id": "sign_A_2"}, {"pic_id": "19590448111100004323", "x": 438, "y": 408, "w": 6, "h": 6, "type": "301", "sign_id": "sign_A_3"}, {"pic_id": "19590448111100004324", "x": 411, "y": 394, "w": 6, "h": 7, "type": "301", "sign_id": "sign_A_4"}, {"pic_id": "19590448111100004325", "x": 357, "y": 380, "w": 7, "h": 8, "type": "301", "sign_id": "sign_A_5"}, {"pic_id": "19590448111100004326", "x": 287, "y": 363, "w": 8, "h": 9, "type": "301", "sign_id": "sign_A_6"}, {"pic_id": "19590448111100004327", "x": 167, "y": 331, "w": 10, "h": 12, "type": "301", "sign_id": "sign_A_7"}, {"pic_id": "18558626090600001771", "x": 184, "y": 343, "w": 7, "h": 9, "type": "301", "sign_id": "sign_B_1"}], "match": [{"sign_id": "sign_A_1", "match_sign_id": " "}, {"sign_id": "sign_A_2", "match_sign_id": " "}, {"sign_id": "sign_A_3", "match_sign_id": "sign_B_1"}, {"sign_id": "sign_A_4", "match_sign_id": "sign_B_1"}, {"sign_id": "sign_A_5", "match_sign_id": "sign_B_1"}, {"sign_id": "sign_A_6", "match_sign_id": "sign_B_1"}, {"sign_id": "sign_A_7", "match_sign_id": "sign_B_1"}]}