{"group": [{"pic_list": ["19596096122300002053", "19596096122300002054", "19596096122300002055", "19596096122300002056", "19596096122300002057", "19596096122300002058", "19596096122300002059", "19596096122300002060"], "seq_id": "A"}, {"pic_list": ["18558665090600031287", "18558665090600031288", "18558665090600031289", "18558665090600031290", "18558665090600031291", "18558665090600031292", "18558665090600031293", "18558665090600031294", "18558665090600031295"], "seq_id": "B"}], "signs": [{"pic_id": "19596096122300002054", "x": 440, "y": 215, "w": 8, "h": 10, "type": "301", "sign_id": "sign_A_1"}, {"pic_id": "19596096122300002055", "x": 371, "y": 162, "w": 10, "h": 13, "type": "301", "sign_id": "sign_A_2"}, {"pic_id": "19596096122300002056", "x": 226, "y": 86, "w": 14, "h": 20, "type": "301", "sign_id": "sign_A_3"}, {"pic_id": "19596096122300002057", "x": 6, "y": 1, "w": 20, "h": 19, "type": "301", "sign_id": "sign_A_4"}, {"pic_id": "19596096122300002058", "x": 1063, "y": 184, "w": 17, "h": 17, "type": "104", "sign_id": "sign_A_5"}, {"pic_id": "19596096122300002058", "x": 47, "y": 132, "w": 16, "h": 20, "type": "104", "sign_id": "sign_A_6"}, {"pic_id": "19596096122300002059", "x": 216, "y": 67, "w": 19, "h": 23, "type": "104", "sign_id": "sign_A_7"}, {"pic_id": "19596096122300002060", "x": 426, "y": 58, "w": 22, "h": 29, "type": "104", "sign_id": "sign_A_8"}, {"pic_id": "18558665090600031288", "x": 398, "y": 294, "w": 7, "h": 9, "type": "301", "sign_id": "sign_B_1"}, {"pic_id": "18558665090600031289", "x": 347, "y": 275, "w": 9, "h": 11, "type": "301", "sign_id": "sign_B_2"}, {"pic_id": "18558665090600031290", "x": 229, "y": 236, "w": 11, "h": 13, "type": "301", "sign_id": "sign_B_3"}, {"pic_id": "18558665090600031291", "x": 81, "y": 169, "w": 16, "h": 17, "type": "301", "sign_id": "sign_B_4"}, {"pic_id": "18558665090600031293", "x": 839, "y": 314, "w": 15, "h": 15, "type": "106", "sign_id": "sign_B_5"}, {"pic_id": "18558665090600031295", "x": 967, "y": 277, "w": 23, "h": 23, "type": "106", "sign_id": "sign_B_6"}], "match": [{"sign_id": "sign_A_1", "match_sign_id": "sign_B_2"}, {"sign_id": "sign_A_1", "match_sign_id": "sign_B_1"}, {"sign_id": "sign_A_1", "match_sign_id": "sign_B_3"}, {"sign_id": "sign_A_1", "match_sign_id": "sign_B_4"}, {"sign_id": "sign_A_2", "match_sign_id": "sign_B_2"}, {"sign_id": "sign_A_2", "match_sign_id": "sign_B_1"}, {"sign_id": "sign_A_2", "match_sign_id": "sign_B_3"}, {"sign_id": "sign_A_2", "match_sign_id": "sign_B_4"}, {"sign_id": "sign_A_3", "match_sign_id": "sign_B_4"}, {"sign_id": "sign_A_3", "match_sign_id": "sign_B_3"}, {"sign_id": "sign_A_3", "match_sign_id": "sign_B_1"}, {"sign_id": "sign_A_3", "match_sign_id": "sign_B_2"}, {"sign_id": "sign_A_4", "match_sign_id": "sign_B_4"}, {"sign_id": "sign_A_4", "match_sign_id": "sign_B_1"}, {"sign_id": "sign_A_4", "match_sign_id": "sign_B_3"}, {"sign_id": "sign_A_4", "match_sign_id": "sign_B_2"}]}