{"group": [{"pic_list": ["20598210010800000290", "20598210010800000291", "20598210010800000292"], "seq_id": "A"}, {"pic_list": ["18558681091000010032", "18558681091000010033", "18558681091000010034", "18558681091000010035", "18558681091000010036"], "seq_id": "B"}], "signs": [{"pic_id": "20598210010800000290", "x": 225, "y": 288, "w": 55, "h": 51, "type": "202", "sign_id": "sign_A_1"}, {"pic_id": "20598210010800000290", "x": 1174, "y": 250, "w": 10, "h": 12, "type": "301", "sign_id": "sign_A_2"}, {"pic_id": "20598210010800000290", "x": 1165, "y": 284, "w": 10, "h": 12, "type": "301", "sign_id": "sign_A_3"}, {"pic_id": "20598210010800000291", "x": 1005, "y": 229, "w": 12, "h": 13, "type": "301", "sign_id": "sign_A_4"}, {"pic_id": "20598210010800000292", "x": 691, "y": 218, "w": 13, "h": 15, "type": "301", "sign_id": "sign_A_5"}, {"pic_id": "18558681091000010032", "x": 525, "y": 296, "w": 33, "h": 32, "type": "202", "sign_id": "sign_B_1"}, {"pic_id": "18558681091000010032", "x": 1264, "y": 234, "w": 9, "h": 12, "type": "301", "sign_id": "sign_B_2"}, {"pic_id": "18558681091000010033", "x": 416, "y": 280, "w": 43, "h": 41, "type": "202", "sign_id": "sign_B_3"}, {"pic_id": "18558681091000010034", "x": 1039, "y": 220, "w": 9, "h": 11, "type": "301", "sign_id": "sign_B_4"}, {"pic_id": "18558681091000010035", "x": 924, "y": 210, "w": 10, "h": 12, "type": "301", "sign_id": "sign_B_5"}, {"pic_id": "18558681091000010036", "x": 875, "y": 192, "w": 12, "h": 14, "type": "301", "sign_id": "sign_B_6"}], "match": [{"sign_id": "sign_A_1", "match_sign_id": "sign_B_1"}, {"sign_id": "sign_A_1", "match_sign_id": "sign_B_3"}, {"sign_id": "sign_A_2", "match_sign_id": "sign_B_6"}, {"sign_id": "sign_A_2", "match_sign_id": "sign_B_5"}, {"sign_id": "sign_A_2", "match_sign_id": "sign_B_4"}, {"sign_id": "sign_A_3", "match_sign_id": "sign_B_2"}, {"sign_id": "sign_A_3", "match_sign_id": "sign_B_5"}, {"sign_id": "sign_A_3", "match_sign_id": "sign_B_4"}, {"sign_id": "sign_A_3", "match_sign_id": "sign_B_6"}, {"sign_id": "sign_A_4", "match_sign_id": "sign_B_6"}, {"sign_id": "sign_A_4", "match_sign_id": "sign_B_5"}, {"sign_id": "sign_A_4", "match_sign_id": "sign_B_4"}, {"sign_id": "sign_A_5", "match_sign_id": "sign_B_6"}, {"sign_id": "sign_A_5", "match_sign_id": "sign_B_5"}, {"sign_id": "sign_A_5", "match_sign_id": "sign_B_4"}, {"sign_id": "sign_A_5", "match_sign_id": "sign_B_2"}]}