{"group": [{"pic_list": ["19596910122700000401", "19596910122700000402", "19596910122700000403", "19596910122700000404"], "seq_id": "A"}, {"pic_list": ["18553562010900043518"], "seq_id": "B"}], "signs": [{"pic_id": "19596910122700000401", "x": 1211, "y": 325, "w": 7, "h": 10, "type": "301", "sign_id": "sign_A_1"}, {"pic_id": "19596910122700000402", "x": 1064, "y": 305, "w": 7, "h": 10, "type": "301", "sign_id": "sign_A_2"}, {"pic_id": "19596910122700000403", "x": 1028, "y": 285, "w": 8, "h": 11, "type": "301", "sign_id": "sign_A_3"}, {"pic_id": "19596910122700000404", "x": 991, "y": 255, "w": 9, "h": 12, "type": "301", "sign_id": "sign_A_4"}, {"pic_id": "18553562010900043518", "x": 1039, "y": 290, "w": 9, "h": 12, "type": "301", "sign_id": "sign_B_1"}], "match": [{"sign_id": "sign_A_1", "match_sign_id": "sign_B_1"}, {"sign_id": "sign_A_2", "match_sign_id": "sign_B_1"}, {"sign_id": "sign_A_3", "match_sign_id": "sign_B_1"}, {"sign_id": "sign_A_4", "match_sign_id": "sign_B_1"}]}