{"group": [{"pic_list": ["20599449031300020284", "20599449031300020605", "20599449031300020606", "20599449031300020375", "20599449031300020376", "20599449031300020377"], "seq_id": "A"}, {"pic_list": ["18558913092800049006", "18558913092800049007", "18558913092800049008"], "seq_id": "B"}], "signs": [{"pic_id": "20599449031300020284", "x": 452, "y": 348, "w": 14, "h": 20, "type": "301", "sign_id": "sign_A_1"}, {"pic_id": "20599449031300020605", "x": 452, "y": 348, "w": 14, "h": 20, "type": "301", "sign_id": "sign_A_2"}, {"pic_id": "20599449031300020606", "x": 234, "y": 305, "w": 15, "h": 20, "type": "301", "sign_id": "sign_A_3"}, {"pic_id": "20599449031300020606", "x": 514, "y": 303, "w": 17, "h": 25, "type": "301", "sign_id": "sign_A_4"}, {"pic_id": "20599449031300020375", "x": 47, "y": 168, "w": 23, "h": 31, "type": "301", "sign_id": "sign_A_5"}, {"pic_id": "20599449031300020375", "x": 484, "y": 166, "w": 21, "h": 31, "type": "301", "sign_id": "sign_A_6"}, {"pic_id": "20599449031300020375", "x": 74, "y": 186, "w": 23, "h": 28, "type": "301", "sign_id": "sign_A_7"}, {"pic_id": "20599449031300020376", "x": 438, "y": 26, "w": 32, "h": 39, "type": "301", "sign_id": "sign_A_8"}, {"pic_id": "18558913092800049006", "x": 202, "y": 75, "w": 19, "h": 27, "type": "301", "sign_id": "sign_B_1"}, {"pic_id": "18558913092800049006", "x": 566, "y": 80, "w": 23, "h": 38, "type": "301", "sign_id": "sign_B_2"}, {"pic_id": "18558913092800049006", "x": 220, "y": 88, "w": 18, "h": 24, "type": "301", "sign_id": "sign_B_3"}], "match": [{"sign_id": "sign_A_1", "match_sign_id": "sign_B_2"}, {"sign_id": "sign_A_1", "match_sign_id": "sign_B_1"}, {"sign_id": "sign_A_2", "match_sign_id": "sign_B_2"}, {"sign_id": "sign_A_2", "match_sign_id": "sign_B_1"}, {"sign_id": "sign_A_3", "match_sign_id": "sign_B_1"}, {"sign_id": "sign_A_5", "match_sign_id": "sign_B_1"}, {"sign_id": "sign_A_7", "match_sign_id": "sign_B_3"}, {"sign_id": "sign_A_8", "match_sign_id": " "}]}