{"group": [{"pic_list": ["19597465123000001308", "19597465123000001466", "19597465123000001467", "19597465123000001468"], "seq_id": "A"}, {"pic_list": ["18558791091300013990", "18558791091300013991", "18558791091300013992", "18558791091300013993"], "seq_id": "B"}], "signs": [{"pic_id": "19597465123000001308", "x": 1080, "y": 113, "w": 62, "h": 60, "type": "103", "sign_id": "sign_A_1"}, {"pic_id": "19597465123000001308", "x": 456, "y": 186, "w": 15, "h": 17, "type": "301", "sign_id": "sign_A_2"}, {"pic_id": "19597465123000001466", "x": 591, "y": 0, "w": 85, "h": 67, "type": "103", "sign_id": "sign_A_3"}, {"pic_id": "19597465123000001466", "x": 801, "y": 356, "w": 7, "h": 8, "type": "301", "sign_id": "sign_A_4"}, {"pic_id": "18558791091300013990", "x": 915, "y": 48, "w": 60, "h": 60, "type": "103", "sign_id": "sign_B_1"}, {"pic_id": "18558791091300013990", "x": 237, "y": 96, "w": 19, "h": 21, "type": "301", "sign_id": "sign_B_2"}], "match": [{"sign_id": "sign_A_1", "match_sign_id": "sign_B_1"}, {"sign_id": "sign_A_2", "match_sign_id": "sign_B_2"}, {"sign_id": "sign_A_3", "match_sign_id": "sign_B_1"}, {"sign_id": "sign_A_4", "match_sign_id": " "}]}