{"group": [{"pic_list": ["19582921082600002386", "19582921082600002387", "19582921082600002388", "19582921082600002389"], "seq_id": "A"}, {"pic_list": ["18557733071700010484", "18557733071700010485", "18557733071700010486", "18557733071700010487", "18557733071700010488", "18557733071700010489", "18557733071700010490", "18557733071700010491", "18557733071700010492", "18557733071700010493", "18557733071700010494", "18557733071700043047", "18557733071700043048", "18557733071700043049", "18557733071700043050", "18557733071700043051", "18557733071700043052", "18557733071700043053", "18557733071700043054", "18557733071700043055", "18557733071700043056", "18557733071700043057", "18557733071700043058", "18557733071700043611", "18557733071700043612", "18557733071700043613", "18557733071700043614", "18557733071700043615"], "seq_id": "B"}], "signs": [{"pic_id": "19582921082600002387", "x": 1293, "y": 55, "w": 14, "h": 18, "type": "301", "sign_id": "sign_A_1"}, {"pic_id": "19582921082600002388", "x": 1552, "y": 214, "w": 12, "h": 15, "type": "301", "sign_id": "sign_A_2"}, {"pic_id": "19582921082600002389", "x": 1785, "y": 155, "w": 16, "h": 19, "type": "301", "sign_id": "sign_A_3"}, {"pic_id": "18557733071700010490", "x": 988, "y": 311, "w": 7, "h": 8, "type": "301", "sign_id": "sign_B_1"}, {"pic_id": "18557733071700010491", "x": 593, "y": 310, "w": 8, "h": 9, "type": "301", "sign_id": "sign_B_2"}, {"pic_id": "18557733071700043050", "x": 968, "y": 341, "w": 7, "h": 8, "type": "301", "sign_id": "sign_B_3"}, {"pic_id": "18557733071700043052", "x": 61, "y": 316, "w": 9, "h": 11, "type": "301", "sign_id": "sign_B_4"}, {"pic_id": "18557733071700043053", "x": 1134, "y": 300, "w": 7, "h": 8, "type": "301", "sign_id": "sign_B_5"}, {"pic_id": "18557733071700043056", "x": 1260, "y": 255, "w": 8, "h": 10, "type": "301", "sign_id": "sign_B_6"}, {"pic_id": "18557733071700043057", "x": 1234, "y": 339, "w": 8, "h": 9, "type": "301", "sign_id": "sign_B_7"}, {"pic_id": "18557733071700043058", "x": 1237, "y": 344, "w": 8, "h": 9, "type": "301", "sign_id": "sign_B_8"}], "match": [{"sign_id": "sign_A_1", "match_sign_id": "sign_B_6"}, {"sign_id": "sign_A_1", "match_sign_id": "sign_B_5"}, {"sign_id": "sign_A_1", "match_sign_id": "sign_B_1"}, {"sign_id": "sign_A_1", "match_sign_id": "sign_B_7"}, {"sign_id": "sign_A_1", "match_sign_id": "sign_B_8"}, {"sign_id": "sign_A_1", "match_sign_id": "sign_B_4"}, {"sign_id": "sign_A_1", "match_sign_id": "sign_B_3"}, {"sign_id": "sign_A_2", "match_sign_id": "sign_B_8"}, {"sign_id": "sign_A_2", "match_sign_id": "sign_B_7"}, {"sign_id": "sign_A_2", "match_sign_id": "sign_B_4"}, {"sign_id": "sign_A_2", "match_sign_id": "sign_B_5"}, {"sign_id": "sign_A_2", "match_sign_id": "sign_B_6"}, {"sign_id": "sign_A_3", "match_sign_id": "sign_B_8"}, {"sign_id": "sign_A_3", "match_sign_id": "sign_B_7"}, {"sign_id": "sign_A_3", "match_sign_id": "sign_B_4"}, {"sign_id": "sign_A_3", "match_sign_id": "sign_B_5"}, {"sign_id": "sign_A_3", "match_sign_id": "sign_B_6"}]}