{"group": [{"pic_list": ["19595918122300013571", "19595918122300013502", "19595918122300013503", "19595918122300013504", "19595918122300013505", "19595918122300013506", "19595918122300013507"], "seq_id": "A"}, {"pic_list": ["18558853091500018779", "18558853091500018780", "18558853091500018781", "18558853091500018782", "18558853091500018783"], "seq_id": "B"}], "signs": [{"pic_id": "19595918122300013571", "x": 781, "y": 356, "w": 22, "h": 21, "type": "104", "sign_id": "sign_A_1"}, {"pic_id": "19595918122300013571", "x": 367, "y": 287, "w": 45, "h": 45, "type": "203", "sign_id": "sign_A_2"}, {"pic_id": "19595918122300013571", "x": 447, "y": 266, "w": 10, "h": 12, "type": "301", "sign_id": "sign_A_3"}, {"pic_id": "19595918122300013502", "x": 804, "y": 336, "w": 29, "h": 26, "type": "104", "sign_id": "sign_A_4"}, {"pic_id": "19595918122300013502", "x": 306, "y": 177, "w": 17, "h": 19, "type": "301", "sign_id": "sign_A_5"}, {"pic_id": "19595918122300013503", "x": 944, "y": 269, "w": 46, "h": 43, "type": "104", "sign_id": "sign_A_6"}, {"pic_id": "18558853091500018779", "x": 256, "y": 94, "w": 24, "h": 27, "type": "301", "sign_id": "sign_B_1"}], "match": [{"sign_id": "sign_A_1", "match_sign_id": " "}, {"sign_id": "sign_A_2", "match_sign_id": " "}, {"sign_id": "sign_A_3", "match_sign_id": "sign_B_1"}, {"sign_id": "sign_A_4", "match_sign_id": " "}, {"sign_id": "sign_A_5", "match_sign_id": "sign_B_1"}, {"sign_id": "sign_A_6", "match_sign_id": " "}]}