{"group": [{"pic_list": ["20599444031100007477", "20599444031100007478", "20599444031100007479", "20599444031100007480", "20599444031100007481", "20599444031100007482", "20599444031100007483", "20599444031100007484"], "seq_id": "A"}, {"pic_list": ["18553603011400002346", "18553603011400002347", "18553603011400002348", "18553603011400002349", "18553603011400002350", "18553603011400002838"], "seq_id": "B"}], "signs": [{"pic_id": "20599444031100007477", "x": 752, "y": 669, "w": 6, "h": 8, "type": "301", "sign_id": "sign_A_1"}, {"pic_id": "20599444031100007478", "x": 747, "y": 662, "w": 7, "h": 8, "type": "301", "sign_id": "sign_A_2"}, {"pic_id": "20599444031100007479", "x": 745, "y": 660, "w": 7, "h": 9, "type": "301", "sign_id": "sign_A_3"}, {"pic_id": "20599444031100007480", "x": 737, "y": 646, "w": 8, "h": 10, "type": "301", "sign_id": "sign_A_4"}, {"pic_id": "20599444031100007481", "x": 732, "y": 622, "w": 8, "h": 11, "type": "301", "sign_id": "sign_A_5"}, {"pic_id": "20599444031100007482", "x": 731, "y": 597, "w": 9, "h": 13, "type": "301", "sign_id": "sign_A_6"}, {"pic_id": "20599444031100007483", "x": 726, "y": 572, "w": 11, "h": 15, "type": "301", "sign_id": "sign_A_7"}, {"pic_id": "20599444031100007484", "x": 694, "y": 530, "w": 14, "h": 19, "type": "301", "sign_id": "sign_A_8"}, {"pic_id": "18553603011400002346", "x": 598, "y": 322, "w": 18, "h": 18, "type": "104", "sign_id": "sign_B_1"}, {"pic_id": "18553603011400002347", "x": 581, "y": 309, "w": 23, "h": 22, "type": "104", "sign_id": "sign_B_2"}, {"pic_id": "18553603011400002347", "x": 14, "y": 318, "w": 6, "h": 8, "type": "301", "sign_id": "sign_B_3"}, {"pic_id": "18553603011400002347", "x": 672, "y": 336, "w": 5, "h": 7, "type": "301", "sign_id": "sign_B_4"}, {"pic_id": "18553603011400002348", "x": 501, "y": 248, "w": 43, "h": 41, "type": "104", "sign_id": "sign_B_5"}, {"pic_id": "18553603011400002348", "x": 669, "y": 328, "w": 6, "h": 7, "type": "301", "sign_id": "sign_B_6"}, {"pic_id": "18553603011400002349", "x": 666, "y": 320, "w": 6, "h": 8, "type": "301", "sign_id": "sign_B_7"}, {"pic_id": "18553603011400002350", "x": 660, "y": 307, "w": 7, "h": 9, "type": "301", "sign_id": "sign_B_8"}, {"pic_id": "18553603011400002838", "x": 649, "y": 278, "w": 8, "h": 11, "type": "301", "sign_id": "sign_B_9"}], "match": [{"sign_id": "sign_A_1", "match_sign_id": "sign_B_6"}, {"sign_id": "sign_A_1", "match_sign_id": "sign_B_4"}, {"sign_id": "sign_A_1", "match_sign_id": "sign_B_8"}, {"sign_id": "sign_A_1", "match_sign_id": "sign_B_7"}, {"sign_id": "sign_A_2", "match_sign_id": "sign_B_6"}, {"sign_id": "sign_A_2", "match_sign_id": "sign_B_3"}, {"sign_id": "sign_A_2", "match_sign_id": "sign_B_8"}, {"sign_id": "sign_A_2", "match_sign_id": "sign_B_7"}, {"sign_id": "sign_A_3", "match_sign_id": "sign_B_6"}, {"sign_id": "sign_A_3", "match_sign_id": "sign_B_7"}, {"sign_id": "sign_A_3", "match_sign_id": "sign_B_8"}, {"sign_id": "sign_A_4", "match_sign_id": "sign_B_8"}, {"sign_id": "sign_A_4", "match_sign_id": "sign_B_3"}, {"sign_id": "sign_A_4", "match_sign_id": "sign_B_6"}, {"sign_id": "sign_A_5", "match_sign_id": "sign_B_7"}, {"sign_id": "sign_A_5", "match_sign_id": "sign_B_8"}, {"sign_id": "sign_A_5", "match_sign_id": "sign_B_9"}, {"sign_id": "sign_A_5", "match_sign_id": "sign_B_3"}, {"sign_id": "sign_A_6", "match_sign_id": "sign_B_8"}, {"sign_id": "sign_A_6", "match_sign_id": "sign_B_9"}, {"sign_id": "sign_A_6", "match_sign_id": "sign_B_7"}, {"sign_id": "sign_A_6", "match_sign_id": "sign_B_3"}, {"sign_id": "sign_A_7", "match_sign_id": "sign_B_9"}, {"sign_id": "sign_A_7", "match_sign_id": "sign_B_8"}, {"sign_id": "sign_A_7", "match_sign_id": "sign_B_7"}, {"sign_id": "sign_A_7", "match_sign_id": "sign_B_3"}, {"sign_id": "sign_A_8", "match_sign_id": "sign_B_9"}, {"sign_id": "sign_A_8", "match_sign_id": "sign_B_8"}, {"sign_id": "sign_A_8", "match_sign_id": "sign_B_3"}, {"sign_id": "sign_A_8", "match_sign_id": "sign_B_7"}, {"sign_id": "sign_A_3", "match_sign_id": "sign_B_3"}, {"sign_id": "sign_A_3", "match_sign_id": "sign_B_4"}, {"sign_id": "sign_A_5", "match_sign_id": "sign_B_6"}, {"sign_id": "sign_A_6", "match_sign_id": "sign_B_6"}, {"sign_id": "sign_A_4", "match_sign_id": "sign_B_7"}, {"sign_id": "sign_A_2", "match_sign_id": "sign_B_9"}, {"sign_id": "sign_A_4", "match_sign_id": "sign_B_9"}, {"sign_id": "sign_A_3", "match_sign_id": "sign_B_9"}]}