{"group": [{"pic_list": ["19596434122500000044", "19596434122500000045", "19596434122500000046"], "seq_id": "A"}, {"pic_list": ["18559762111200000709", "18559762111200000710", "18559762111200000711"], "seq_id": "B"}], "signs": [{"pic_id": "19596434122500000044", "x": 804, "y": 237, "w": 11, "h": 14, "type": "301", "sign_id": "sign_A_1"}, {"pic_id": "19596434122500000045", "x": 1034, "y": 126, "w": 19, "h": 24, "type": "301", "sign_id": "sign_A_2"}, {"pic_id": "18559762111200000709", "x": 799, "y": 405, "w": 15, "h": 14, "type": "106", "sign_id": "sign_B_1"}, {"pic_id": "18559762111200000710", "x": 866, "y": 384, "w": 22, "h": 22, "type": "106", "sign_id": "sign_B_2"}, {"pic_id": "18559762111200000711", "x": 1104, "y": 323, "w": 46, "h": 43, "type": "106", "sign_id": "sign_B_3"}], "match": [{"sign_id": "sign_A_1", "match_sign_id": " "}, {"sign_id": "sign_A_2", "match_sign_id": " "}]}