{"group": [{"pic_list": ["19582522082000001047", "19582522082000002791", "19582522082000002792", "19582522082000002793", "19582522082000002794", "19582522082000002795"], "seq_id": "A"}, {"pic_list": ["18557863072100007180", "18557863072100007181", "18557863072100007182", "18557863072100007183"], "seq_id": "B"}], "signs": [{"pic_id": "19582522082000001047", "x": 601, "y": 301, "w": 15, "h": 15, "type": "201", "sign_id": "sign_A_1"}, {"pic_id": "19582522082000002791", "x": 597, "y": 287, "w": 17, "h": 17, "type": "201", "sign_id": "sign_A_2"}, {"pic_id": "19582522082000002791", "x": 308, "y": 201, "w": 10, "h": 13, "type": "301", "sign_id": "sign_A_3"}, {"pic_id": "19582522082000002791", "x": 474, "y": 309, "w": 6, "h": 8, "type": "301", "sign_id": "sign_A_4"}, {"pic_id": "19582522082000002792", "x": 588, "y": 270, "w": 21, "h": 21, "type": "201", "sign_id": "sign_A_5"}, {"pic_id": "19582522082000002792", "x": 214, "y": 152, "w": 12, "h": 15, "type": "301", "sign_id": "sign_A_6"}, {"pic_id": "19582522082000002793", "x": 576, "y": 243, "w": 26, "h": 27, "type": "201", "sign_id": "sign_A_7"}, {"pic_id": "19582522082000002793", "x": 50, "y": 61, "w": 17, "h": 21, "type": "301", "sign_id": "sign_A_8"}, {"pic_id": "19582522082000002793", "x": 406, "y": 283, "w": 8, "h": 10, "type": "301", "sign_id": "sign_A_9"}, {"pic_id": "19582522082000002794", "x": 557, "y": 198, "w": 36, "h": 36, "type": "201", "sign_id": "sign_A_10"}, {"pic_id": "19582522082000002794", "x": 342, "y": 259, "w": 11, "h": 13, "type": "301", "sign_id": "sign_A_11"}, {"pic_id": "19582522082000002795", "x": 524, "y": 104, "w": 54, "h": 56, "type": "201", "sign_id": "sign_A_12"}, {"pic_id": "19582522082000002795", "x": 239, "y": 215, "w": 13, "h": 17, "type": "301", "sign_id": "sign_A_13"}, {"pic_id": "18557863072100007180", "x": 616, "y": 360, "w": 15, "h": 15, "type": "201", "sign_id": "sign_B_1"}, {"pic_id": "18557863072100007180", "x": 397, "y": 299, "w": 9, "h": 11, "type": "301", "sign_id": "sign_B_2"}, {"pic_id": "18557863072100007181", "x": 620, "y": 342, "w": 18, "h": 18, "type": "201", "sign_id": "sign_B_3"}, {"pic_id": "18557863072100007181", "x": 333, "y": 256, "w": 10, "h": 13, "type": "301", "sign_id": "sign_B_4"}, {"pic_id": "18557863072100007181", "x": 489, "y": 370, "w": 6, "h": 8, "type": "301", "sign_id": "sign_B_5"}, {"pic_id": "18557863072100007182", "x": 636, "y": 309, "w": 24, "h": 24, "type": "201", "sign_id": "sign_B_6"}, {"pic_id": "18557863072100007182", "x": 216, "y": 166, "w": 14, "h": 18, "type": "301", "sign_id": "sign_B_7"}, {"pic_id": "18557863072100007182", "x": 472, "y": 348, "w": 7, "h": 9, "type": "301", "sign_id": "sign_B_8"}, {"pic_id": "18557863072100007183", "x": 655, "y": 263, "w": 31, "h": 31, "type": "201", "sign_id": "sign_B_9"}, {"pic_id": "18557863072100007183", "x": 442, "y": 321, "w": 9, "h": 11, "type": "301", "sign_id": "sign_B_10"}], "match": [{"sign_id": "sign_A_1", "match_sign_id": "sign_B_9"}, {"sign_id": "sign_A_1", "match_sign_id": "sign_B_6"}, {"sign_id": "sign_A_1", "match_sign_id": "sign_B_1"}, {"sign_id": "sign_A_1", "match_sign_id": "sign_B_3"}, {"sign_id": "sign_A_2", "match_sign_id": "sign_B_9"}, {"sign_id": "sign_A_2", "match_sign_id": "sign_B_6"}, {"sign_id": "sign_A_2", "match_sign_id": "sign_B_1"}, {"sign_id": "sign_A_2", "match_sign_id": "sign_B_3"}, {"sign_id": "sign_A_3", "match_sign_id": "sign_B_7"}, {"sign_id": "sign_A_3", "match_sign_id": "sign_B_4"}, {"sign_id": "sign_A_3", "match_sign_id": "sign_B_2"}, {"sign_id": "sign_A_4", "match_sign_id": "sign_B_5"}, {"sign_id": "sign_A_4", "match_sign_id": "sign_B_10"}, {"sign_id": "sign_A_4", "match_sign_id": "sign_B_8"}, {"sign_id": "sign_A_5", "match_sign_id": "sign_B_9"}, {"sign_id": "sign_A_5", "match_sign_id": "sign_B_6"}, {"sign_id": "sign_A_5", "match_sign_id": "sign_B_1"}, {"sign_id": "sign_A_5", "match_sign_id": "sign_B_3"}, {"sign_id": "sign_A_6", "match_sign_id": "sign_B_7"}, {"sign_id": "sign_A_6", "match_sign_id": "sign_B_4"}, {"sign_id": "sign_A_6", "match_sign_id": "sign_B_2"}, {"sign_id": "sign_A_6", "match_sign_id": "sign_B_10"}, {"sign_id": "sign_A_7", "match_sign_id": "sign_B_9"}, {"sign_id": "sign_A_7", "match_sign_id": "sign_B_6"}, {"sign_id": "sign_A_7", "match_sign_id": "sign_B_1"}, {"sign_id": "sign_A_7", "match_sign_id": "sign_B_3"}, {"sign_id": "sign_A_8", "match_sign_id": "sign_B_7"}, {"sign_id": "sign_A_8", "match_sign_id": "sign_B_4"}, {"sign_id": "sign_A_8", "match_sign_id": "sign_B_2"}, {"sign_id": "sign_A_9", "match_sign_id": "sign_B_10"}, {"sign_id": "sign_A_9", "match_sign_id": "sign_B_5"}, {"sign_id": "sign_A_9", "match_sign_id": "sign_B_2"}, {"sign_id": "sign_A_10", "match_sign_id": "sign_B_9"}, {"sign_id": "sign_A_10", "match_sign_id": "sign_B_6"}, {"sign_id": "sign_A_10", "match_sign_id": "sign_B_1"}, {"sign_id": "sign_A_10", "match_sign_id": "sign_B_3"}, {"sign_id": "sign_A_11", "match_sign_id": "sign_B_10"}, {"sign_id": "sign_A_11", "match_sign_id": "sign_B_7"}, {"sign_id": "sign_A_11", "match_sign_id": "sign_B_4"}, {"sign_id": "sign_A_11", "match_sign_id": "sign_B_2"}, {"sign_id": "sign_A_11", "match_sign_id": "sign_B_5"}, {"sign_id": "sign_A_12", "match_sign_id": "sign_B_9"}, {"sign_id": "sign_A_12", "match_sign_id": "sign_B_6"}, {"sign_id": "sign_A_12", "match_sign_id": "sign_B_1"}, {"sign_id": "sign_A_12", "match_sign_id": "sign_B_3"}, {"sign_id": "sign_A_13", "match_sign_id": "sign_B_10"}, {"sign_id": "sign_A_13", "match_sign_id": "sign_B_7"}, {"sign_id": "sign_A_13", "match_sign_id": "sign_B_5"}, {"sign_id": "sign_A_13", "match_sign_id": "sign_B_2"}, {"sign_id": "sign_A_13", "match_sign_id": "sign_B_4"}, {"sign_id": "sign_A_9", "match_sign_id": "sign_B_8"}]}