{"group": [{"pic_list": ["19583558090800011296", "19583558090800011297", "19583558090800011298", "19583558090800011299", "19583558090800011300", "19583558090800011327"], "seq_id": "A"}, {"pic_list": ["18558500090600016791", "18558500090600019081", "18558500090600019082", "18558500090600019083", "18558500090600019084", "18558500090600019085"], "seq_id": "B"}], "signs": [{"pic_id": "19583558090800011297", "x": 1639, "y": 275, "w": 28, "h": 32, "type": "106", "sign_id": "sign_A_1"}, {"pic_id": "19583558090800011299", "x": 884, "y": 320, "w": 15, "h": 17, "type": "301", "sign_id": "sign_A_2"}, {"pic_id": "19583558090800011300", "x": 971, "y": 235, "w": 20, "h": 23, "type": "301", "sign_id": "sign_A_3"}, {"pic_id": "19583558090800011327", "x": 979, "y": 447, "w": 36, "h": 35, "type": "104", "sign_id": "sign_A_4"}, {"pic_id": "19583558090800011327", "x": 1091, "y": 70, "w": 27, "h": 33, "type": "301", "sign_id": "sign_A_5"}, {"pic_id": "18558500090600016791", "x": 176, "y": 239, "w": 13, "h": 16, "type": "301", "sign_id": "sign_B_1"}, {"pic_id": "18558500090600019081", "x": 593, "y": 347, "w": 6, "h": 7, "type": "301", "sign_id": "sign_B_2"}, {"pic_id": "18558500090600019082", "x": 621, "y": 335, "w": 7, "h": 8, "type": "301", "sign_id": "sign_B_3"}, {"pic_id": "18558500090600019083", "x": 685, "y": 321, "w": 7, "h": 8, "type": "301", "sign_id": "sign_B_4"}, {"pic_id": "18558500090600019085", "x": 715, "y": 298, "w": 10, "h": 12, "type": "301", "sign_id": "sign_B_5"}], "match": [{"sign_id": "sign_A_1", "match_sign_id": " "}, {"sign_id": "sign_A_2", "match_sign_id": "sign_B_1"}, {"sign_id": "sign_A_2", "match_sign_id": "sign_B_5"}, {"sign_id": "sign_A_2", "match_sign_id": "sign_B_2"}, {"sign_id": "sign_A_2", "match_sign_id": "sign_B_4"}, {"sign_id": "sign_A_2", "match_sign_id": "sign_B_3"}, {"sign_id": "sign_A_3", "match_sign_id": "sign_B_1"}, {"sign_id": "sign_A_3", "match_sign_id": "sign_B_5"}, {"sign_id": "sign_A_3", "match_sign_id": "sign_B_4"}, {"sign_id": "sign_A_3", "match_sign_id": "sign_B_2"}, {"sign_id": "sign_A_3", "match_sign_id": "sign_B_3"}, {"sign_id": "sign_A_4", "match_sign_id": " "}, {"sign_id": "sign_A_5", "match_sign_id": "sign_B_1"}, {"sign_id": "sign_A_5", "match_sign_id": "sign_B_5"}, {"sign_id": "sign_A_5", "match_sign_id": "sign_B_4"}, {"sign_id": "sign_A_5", "match_sign_id": "sign_B_3"}, {"sign_id": "sign_A_5", "match_sign_id": "sign_B_2"}]}