{"group": [{"pic_list": ["19590181110900003095", "19590181110900003096", "19590181110900003097", "19590181110900003098", "19590181110900003099"], "seq_id": "A"}, {"pic_list": ["18559119101700009015", "18559119101700009016", "18559119101700009017", "18559119101700009018"], "seq_id": "B"}], "signs": [{"pic_id": "19590181110900003095", "x": 770, "y": 326, "w": 5, "h": 6, "type": "301", "sign_id": "sign_A_1"}, {"pic_id": "19590181110900003095", "x": 804, "y": 325, "w": 5, "h": 7, "type": "301", "sign_id": "sign_A_2"}, {"pic_id": "19590181110900003095", "x": 470, "y": 337, "w": 6, "h": 6, "type": "301", "sign_id": "sign_A_3"}, {"pic_id": "19590181110900003096", "x": 420, "y": 330, "w": 6, "h": 7, "type": "301", "sign_id": "sign_A_4"}, {"pic_id": "19590181110900003096", "x": 781, "y": 316, "w": 7, "h": 8, "type": "301", "sign_id": "sign_A_5"}, {"pic_id": "19590181110900003096", "x": 823, "y": 316, "w": 6, "h": 7, "type": "301", "sign_id": "sign_A_6"}, {"pic_id": "19590181110900003096", "x": 381, "y": 331, "w": 7, "h": 7, "type": "301", "sign_id": "sign_A_7"}, {"pic_id": "19590181110900003097", "x": 363, "y": 318, "w": 8, "h": 8, "type": "301", "sign_id": "sign_A_8"}, {"pic_id": "19590181110900003097", "x": 878, "y": 300, "w": 8, "h": 9, "type": "301", "sign_id": "sign_A_9"}, {"pic_id": "19590181110900003097", "x": 825, "y": 302, "w": 7, "h": 8, "type": "301", "sign_id": "sign_A_10"}, {"pic_id": "19590181110900003097", "x": 313, "y": 319, "w": 7, "h": 9, "type": "301", "sign_id": "sign_A_11"}, {"pic_id": "19590181110900003098", "x": 971, "y": 271, "w": 11, "h": 12, "type": "301", "sign_id": "sign_A_12"}, {"pic_id": "19590181110900003098", "x": 896, "y": 273, "w": 11, "h": 12, "type": "301", "sign_id": "sign_A_13"}, {"pic_id": "19590181110900003098", "x": 254, "y": 297, "w": 10, "h": 12, "type": "301", "sign_id": "sign_A_14"}, {"pic_id": "19590181110900003098", "x": 185, "y": 298, "w": 10, "h": 12, "type": "301", "sign_id": "sign_A_15"}, {"pic_id": "19590181110900003099", "x": 1041, "y": 212, "w": 17, "h": 19, "type": "301", "sign_id": "sign_A_16"}, {"pic_id": "19590181110900003099", "x": 1162, "y": 209, "w": 17, "h": 19, "type": "301", "sign_id": "sign_A_17"}, {"pic_id": "19590181110900003099", "x": 11, "y": 251, "w": 18, "h": 18, "type": "301", "sign_id": "sign_A_18"}, {"pic_id": "18559119101700009015", "x": 843, "y": 528, "w": 6, "h": 7, "type": "301", "sign_id": "sign_B_1"}, {"pic_id": "18559119101700009015", "x": 808, "y": 530, "w": 7, "h": 8, "type": "301", "sign_id": "sign_B_2"}, {"pic_id": "18559119101700009015", "x": 417, "y": 520, "w": 7, "h": 7, "type": "301", "sign_id": "sign_B_3"}, {"pic_id": "18559119101700009016", "x": 821, "y": 513, "w": 8, "h": 9, "type": "301", "sign_id": "sign_B_4"}, {"pic_id": "18559119101700009016", "x": 344, "y": 501, "w": 9, "h": 9, "type": "301", "sign_id": "sign_B_5"}, {"pic_id": "18559119101700009017", "x": 897, "y": 488, "w": 9, "h": 11, "type": "301", "sign_id": "sign_B_6"}, {"pic_id": "18559119101700009017", "x": 200, "y": 480, "w": 10, "h": 11, "type": "301", "sign_id": "sign_B_7"}, {"pic_id": "18559119101700009017", "x": 839, "y": 492, "w": 10, "h": 11, "type": "301", "sign_id": "sign_B_8"}, {"pic_id": "18559119101700009018", "x": 979, "y": 446, "w": 14, "h": 15, "type": "301", "sign_id": "sign_B_9"}, {"pic_id": "18559119101700009018", "x": 896, "y": 451, "w": 14, "h": 16, "type": "301", "sign_id": "sign_B_10"}], "match": [{"sign_id": "sign_A_1", "match_sign_id": " "}, {"sign_id": "sign_A_2", "match_sign_id": " "}, {"sign_id": "sign_A_3", "match_sign_id": " "}, {"sign_id": "sign_A_4", "match_sign_id": " "}, {"sign_id": "sign_A_5", "match_sign_id": " "}, {"sign_id": "sign_A_6", "match_sign_id": " "}, {"sign_id": "sign_A_7", "match_sign_id": " "}, {"sign_id": "sign_A_8", "match_sign_id": " "}, {"sign_id": "sign_A_9", "match_sign_id": " "}, {"sign_id": "sign_A_10", "match_sign_id": " "}, {"sign_id": "sign_A_11", "match_sign_id": " "}, {"sign_id": "sign_A_12", "match_sign_id": " "}, {"sign_id": "sign_A_13", "match_sign_id": " "}, {"sign_id": "sign_A_14", "match_sign_id": " "}, {"sign_id": "sign_A_15", "match_sign_id": " "}, {"sign_id": "sign_A_16", "match_sign_id": " "}, {"sign_id": "sign_A_17", "match_sign_id": " "}, {"sign_id": "sign_A_18", "match_sign_id": " "}, {"sign_id": "sign_A_2", "match_sign_id": "sign_B_1"}, {"sign_id": "sign_A_3", "match_sign_id": "sign_B_3"}, {"sign_id": "sign_A_3", "match_sign_id": "sign_B_4"}, {"sign_id": "sign_A_15", "match_sign_id": "sign_B_5"}, {"sign_id": "sign_A_12", "match_sign_id": "sign_B_6"}, {"sign_id": "sign_A_13", "match_sign_id": "sign_B_6"}, {"sign_id": "sign_A_15", "match_sign_id": "sign_B_7"}, {"sign_id": "sign_A_11", "match_sign_id": "sign_B_7"}, {"sign_id": "sign_A_9", "match_sign_id": "sign_B_8"}, {"sign_id": "sign_A_12", "match_sign_id": "sign_B_9"}, {"sign_id": "sign_A_9", "match_sign_id": "sign_B_9"}, {"sign_id": "sign_A_13", "match_sign_id": "sign_B_9"}, {"sign_id": "sign_A_10", "match_sign_id": "sign_B_9"}, {"sign_id": "sign_A_16", "match_sign_id": "sign_B_9"}, {"sign_id": "sign_A_14", "match_sign_id": "sign_B_10"}, {"sign_id": "sign_A_18", "match_sign_id": "sign_B_10"}, {"sign_id": "sign_A_17", "match_sign_id": "sign_B_10"}]}