{"group": [{"pic_list": ["20599452031400007859", "20599452031400007860", "20599452031400007861", "20599452031400007862"], "seq_id": "A"}, {"pic_list": ["18553507010900046329", "18553507010900046330", "18553507010900046331"], "seq_id": "B"}], "signs": [{"pic_id": "20599452031400007859", "x": 534, "y": 618, "w": 8, "h": 11, "type": "301", "sign_id": "sign_A_1"}, {"pic_id": "20599452031400007859", "x": 852, "y": 632, "w": 8, "h": 10, "type": "301", "sign_id": "sign_A_2"}, {"pic_id": "20599452031400007860", "x": 1367, "y": 702, "w": 18, "h": 19, "type": "104", "sign_id": "sign_A_3"}, {"pic_id": "20599452031400007860", "x": 1037, "y": 684, "w": 21, "h": 21, "type": "104", "sign_id": "sign_A_4"}, {"pic_id": "20599452031400007860", "x": 450, "y": 578, "w": 10, "h": 13, "type": "301", "sign_id": "sign_A_5"}, {"pic_id": "20599452031400007860", "x": 1662, "y": 633, "w": 10, "h": 13, "type": "301", "sign_id": "sign_A_6"}, {"pic_id": "20599452031400007860", "x": 846, "y": 595, "w": 10, "h": 12, "type": "301", "sign_id": "sign_A_7"}, {"pic_id": "20599452031400007861", "x": 1116, "y": 674, "w": 27, "h": 28, "type": "106", "sign_id": "sign_A_8"}, {"pic_id": "20599452031400007861", "x": 348, "y": 536, "w": 13, "h": 16, "type": "301", "sign_id": "sign_A_9"}, {"pic_id": "20599452031400007862", "x": 1685, "y": 679, "w": 23, "h": 25, "type": "104", "sign_id": "sign_A_10"}, {"pic_id": "20599452031400007862", "x": 1299, "y": 629, "w": 38, "h": 41, "type": "106", "sign_id": "sign_A_11"}, {"pic_id": "20599452031400007862", "x": 931, "y": 457, "w": 18, "h": 23, "type": "301", "sign_id": "sign_A_12"}, {"pic_id": "20599452031400007862", "x": 167, "y": 432, "w": 16, "h": 21, "type": "301", "sign_id": "sign_A_13"}, {"pic_id": "20599452031400007862", "x": 100, "y": 681, "w": 9, "h": 12, "type": "301", "sign_id": "sign_A_14"}, {"pic_id": "18553507010900046329", "x": 708, "y": 293, "w": 6, "h": 7, "type": "301", "sign_id": "sign_B_1"}, {"pic_id": "18553507010900046330", "x": 850, "y": 320, "w": 16, "h": 15, "type": "106", "sign_id": "sign_B_2"}, {"pic_id": "18553507010900046330", "x": 717, "y": 272, "w": 7, "h": 9, "type": "301", "sign_id": "sign_B_3"}, {"pic_id": "18553507010900046331", "x": 912, "y": 301, "w": 23, "h": 22, "type": "106", "sign_id": "sign_B_4"}, {"pic_id": "18553507010900046331", "x": 710, "y": 227, "w": 9, "h": 12, "type": "301", "sign_id": "sign_B_5"}, {"pic_id": "18553507010900046331", "x": 310, "y": 237, "w": 10, "h": 12, "type": "301", "sign_id": "sign_B_6"}], "match": [{"sign_id": "sign_A_1", "match_sign_id": "sign_B_6"}, {"sign_id": "sign_A_1", "match_sign_id": "sign_B_1"}, {"sign_id": "sign_A_1", "match_sign_id": "sign_B_3"}, {"sign_id": "sign_A_2", "match_sign_id": "sign_B_5"}, {"sign_id": "sign_A_2", "match_sign_id": "sign_B_3"}, {"sign_id": "sign_A_5", "match_sign_id": "sign_B_3"}, {"sign_id": "sign_A_5", "match_sign_id": "sign_B_1"}, {"sign_id": "sign_A_5", "match_sign_id": "sign_B_6"}, {"sign_id": "sign_A_8", "match_sign_id": "sign_B_2"}, {"sign_id": "sign_A_8", "match_sign_id": "sign_B_4"}, {"sign_id": "sign_A_9", "match_sign_id": "sign_B_3"}, {"sign_id": "sign_A_9", "match_sign_id": "sign_B_5"}, {"sign_id": "sign_A_9", "match_sign_id": "sign_B_1"}, {"sign_id": "sign_A_9", "match_sign_id": "sign_B_6"}, {"sign_id": "sign_A_11", "match_sign_id": "sign_B_4"}, {"sign_id": "sign_A_11", "match_sign_id": "sign_B_2"}, {"sign_id": "sign_A_12", "match_sign_id": "sign_B_3"}, {"sign_id": "sign_A_12", "match_sign_id": "sign_B_5"}, {"sign_id": "sign_A_12", "match_sign_id": "sign_B_1"}, {"sign_id": "sign_A_13", "match_sign_id": "sign_B_3"}, {"sign_id": "sign_A_13", "match_sign_id": "sign_B_5"}, {"sign_id": "sign_A_13", "match_sign_id": "sign_B_6"}, {"sign_id": "sign_A_13", "match_sign_id": "sign_B_1"}]}