{"group": [{"pic_list": ["20599515032400019391", "20599515032400019465", "20599515032400019466", "20599515032400019467"], "seq_id": "A"}, {"pic_list": ["18558158073000014593", "18558158073000014594", "18558158073000014595", "18558158073000014596", "18558158073000014597"], "seq_id": "B"}], "signs": [{"pic_id": "20599515032400019391", "x": 902, "y": 359, "w": 14, "h": 14, "type": "105", "sign_id": "sign_A_1"}, {"pic_id": "20599515032400019391", "x": 71, "y": 256, "w": 12, "h": 15, "type": "301", "sign_id": "sign_A_2"}, {"pic_id": "20599515032400019465", "x": 973, "y": 341, "w": 20, "h": 20, "type": "105", "sign_id": "sign_A_3"}, {"pic_id": "20599515032400019466", "x": 1053, "y": 312, "w": 30, "h": 28, "type": "105", "sign_id": "sign_A_4"}, {"pic_id": "20599515032400019467", "x": 1189, "y": 267, "w": 42, "h": 40, "type": "105", "sign_id": "sign_A_5"}, {"pic_id": "18558158073000014593", "x": 842, "y": 328, "w": 16, "h": 16, "type": "105", "sign_id": "sign_B_1"}, {"pic_id": "18558158073000014594", "x": 880, "y": 320, "w": 20, "h": 19, "type": "105", "sign_id": "sign_B_2"}, {"pic_id": "18558158073000014595", "x": 940, "y": 298, "w": 24, "h": 23, "type": "105", "sign_id": "sign_B_3"}, {"pic_id": "18558158073000014596", "x": 1060, "y": 256, "w": 35, "h": 32, "type": "105", "sign_id": "sign_B_4"}], "match": [{"sign_id": "sign_A_1", "match_sign_id": "sign_B_2"}, {"sign_id": "sign_A_1", "match_sign_id": "sign_B_1"}, {"sign_id": "sign_A_1", "match_sign_id": "sign_B_3"}, {"sign_id": "sign_A_1", "match_sign_id": "sign_B_4"}, {"sign_id": "sign_A_2", "match_sign_id": " "}, {"sign_id": "sign_A_3", "match_sign_id": "sign_B_4"}, {"sign_id": "sign_A_3", "match_sign_id": "sign_B_2"}, {"sign_id": "sign_A_3", "match_sign_id": "sign_B_3"}, {"sign_id": "sign_A_3", "match_sign_id": "sign_B_1"}, {"sign_id": "sign_A_4", "match_sign_id": "sign_B_4"}, {"sign_id": "sign_A_4", "match_sign_id": "sign_B_3"}, {"sign_id": "sign_A_4", "match_sign_id": "sign_B_2"}, {"sign_id": "sign_A_4", "match_sign_id": "sign_B_1"}, {"sign_id": "sign_A_5", "match_sign_id": "sign_B_4"}, {"sign_id": "sign_A_5", "match_sign_id": "sign_B_3"}, {"sign_id": "sign_A_5", "match_sign_id": "sign_B_2"}, {"sign_id": "sign_A_5", "match_sign_id": "sign_B_1"}]}