{"group": [{"pic_list": ["19597358123000000757", "19597358123000000758", "19597358123000000759", "19597358123000000760", "19597358123000000761", "19597358123000000762"], "seq_id": "A"}, {"pic_list": ["18558924091800002739", "18558924091800002740", "18558924091800002741"], "seq_id": "B"}], "signs": [{"pic_id": "19597358123000000757", "x": 995, "y": 156, "w": 47, "h": 47, "type": "105", "sign_id": "sign_A_1"}, {"pic_id": "19597358123000000757", "x": 355, "y": 145, "w": 15, "h": 20, "type": "301", "sign_id": "sign_A_2"}, {"pic_id": "19597358123000000758", "x": 864, "y": 95, "w": 57, "h": 58, "type": "105", "sign_id": "sign_A_3"}, {"pic_id": "19597358123000000762", "x": 543, "y": 319, "w": 7, "h": 8, "type": "301", "sign_id": "sign_A_4"}, {"pic_id": "18558924091800002739", "x": 643, "y": 104, "w": 69, "h": 72, "type": "105", "sign_id": "sign_B_1"}], "match": [{"sign_id": "sign_A_1", "match_sign_id": "sign_B_1"}, {"sign_id": "sign_A_2", "match_sign_id": " "}, {"sign_id": "sign_A_3", "match_sign_id": "sign_B_1"}, {"sign_id": "sign_A_4", "match_sign_id": " "}]}