{"group": [{"pic_list": ["19578058061900016653", "19578058061900016654", "19578058061900016655", "19578058061900016656", "19578058061900016657", "19578058061900016658", "19578058061900016659"], "seq_id": "A"}, {"pic_list": ["18557515071000028223", "18557515071000028224", "18557515071000028225", "18557515071000028226", "18557515071000028227", "18557515071000028228"], "seq_id": "B"}], "signs": [{"pic_id": "19578058061900016653", "x": 415, "y": 116, "w": 15, "h": 22, "type": "301", "sign_id": "sign_A_1"}, {"pic_id": "19578058061900016654", "x": 220, "y": 308, "w": 5, "h": 6, "type": "301", "sign_id": "sign_A_2"}, {"pic_id": "19578058061900016655", "x": 1090, "y": 112, "w": 15, "h": 22, "type": "301", "sign_id": "sign_A_3"}, {"pic_id": "19578058061900016655", "x": 1106, "y": 277, "w": 8, "h": 10, "type": "301", "sign_id": "sign_A_4"}, {"pic_id": "19578058061900016655", "x": 123, "y": 298, "w": 6, "h": 7, "type": "301", "sign_id": "sign_A_5"}, {"pic_id": "19578058061900016656", "x": 1146, "y": 12, "w": 22, "h": 32, "type": "301", "sign_id": "sign_A_6"}, {"pic_id": "19578058061900016656", "x": 1046, "y": 271, "w": 7, "h": 10, "type": "301", "sign_id": "sign_A_7"}, {"pic_id": "19578058061900016657", "x": 853, "y": 264, "w": 7, "h": 10, "type": "301", "sign_id": "sign_A_8"}, {"pic_id": "19578058061900016658", "x": 659, "y": 253, "w": 8, "h": 11, "type": "301", "sign_id": "sign_A_9"}, {"pic_id": "19578058061900016659", "x": 543, "y": 241, "w": 9, "h": 12, "type": "301", "sign_id": "sign_A_10"}], "match": [{"sign_id": "sign_A_1", "match_sign_id": " "}, {"sign_id": "sign_A_2", "match_sign_id": " "}, {"sign_id": "sign_A_3", "match_sign_id": " "}, {"sign_id": "sign_A_4", "match_sign_id": " "}, {"sign_id": "sign_A_5", "match_sign_id": " "}, {"sign_id": "sign_A_6", "match_sign_id": " "}, {"sign_id": "sign_A_7", "match_sign_id": " "}, {"sign_id": "sign_A_8", "match_sign_id": " "}, {"sign_id": "sign_A_9", "match_sign_id": " "}, {"sign_id": "sign_A_10", "match_sign_id": " "}]}