{"group": [{"pic_list": ["20598128010800007269", "20598128010800007270", "20598128010800007271", "20598128010800007272", "20598128010800007273", "20598128010800007274", "20598128010800007275"], "seq_id": "A"}, {"pic_list": ["18558664090600037512", "18558664090600049341", "18558664090600049342", "18558664090600049343"], "seq_id": "B"}], "signs": [{"pic_id": "20598128010800007269", "x": 955, "y": 379, "w": 9, "h": 13, "type": "301", "sign_id": "sign_A_1"}, {"pic_id": "20598128010800007270", "x": 1011, "y": 355, "w": 11, "h": 15, "type": "301", "sign_id": "sign_A_2"}, {"pic_id": "20598128010800007271", "x": 1086, "y": 339, "w": 12, "h": 17, "type": "301", "sign_id": "sign_A_3"}, {"pic_id": "20598128010800007271", "x": 788, "y": 437, "w": 6, "h": 8, "type": "301", "sign_id": "sign_A_4"}, {"pic_id": "20598128010800007272", "x": 1200, "y": 302, "w": 15, "h": 20, "type": "301", "sign_id": "sign_A_5"}, {"pic_id": "20598128010800007272", "x": 802, "y": 433, "w": 6, "h": 8, "type": "301", "sign_id": "sign_A_6"}, {"pic_id": "20598128010800007273", "x": 810, "y": 428, "w": 7, "h": 9, "type": "301", "sign_id": "sign_A_7"}, {"pic_id": "20598128010800007274", "x": 834, "y": 419, "w": 7, "h": 9, "type": "301", "sign_id": "sign_A_8"}, {"pic_id": "20598128010800007275", "x": 919, "y": 410, "w": 8, "h": 11, "type": "301", "sign_id": "sign_A_9"}, {"pic_id": "18558664090600037512", "x": 1179, "y": 262, "w": 17, "h": 21, "type": "301", "sign_id": "sign_B_1"}, {"pic_id": "18558664090600037512", "x": 826, "y": 343, "w": 9, "h": 11, "type": "301", "sign_id": "sign_B_2"}, {"pic_id": "18558664090600037512", "x": 669, "y": 388, "w": 7, "h": 8, "type": "301", "sign_id": "sign_B_3"}, {"pic_id": "18558664090600049341", "x": 936, "y": 305, "w": 11, "h": 14, "type": "301", "sign_id": "sign_B_4"}, {"pic_id": "18558664090600049342", "x": 1143, "y": 249, "w": 16, "h": 19, "type": "301", "sign_id": "sign_B_5"}, {"pic_id": "18558664090600049342", "x": 740, "y": 370, "w": 10, "h": 12, "type": "301", "sign_id": "sign_B_6"}, {"pic_id": "18558664090600049343", "x": 785, "y": 359, "w": 8, "h": 10, "type": "301", "sign_id": "sign_B_7"}], "match": [{"sign_id": "sign_A_1", "match_sign_id": "sign_B_5"}, {"sign_id": "sign_A_1", "match_sign_id": "sign_B_4"}, {"sign_id": "sign_A_1", "match_sign_id": "sign_B_1"}, {"sign_id": "sign_A_1", "match_sign_id": "sign_B_2"}, {"sign_id": "sign_A_2", "match_sign_id": "sign_B_1"}, {"sign_id": "sign_A_2", "match_sign_id": "sign_B_4"}, {"sign_id": "sign_A_2", "match_sign_id": "sign_B_5"}, {"sign_id": "sign_A_3", "match_sign_id": "sign_B_1"}, {"sign_id": "sign_A_3", "match_sign_id": "sign_B_4"}, {"sign_id": "sign_A_3", "match_sign_id": "sign_B_5"}, {"sign_id": "sign_A_4", "match_sign_id": "sign_B_7"}, {"sign_id": "sign_A_4", "match_sign_id": "sign_B_4"}, {"sign_id": "sign_A_4", "match_sign_id": "sign_B_6"}, {"sign_id": "sign_A_4", "match_sign_id": "sign_B_3"}, {"sign_id": "sign_A_4", "match_sign_id": "sign_B_5"}, {"sign_id": "sign_A_5", "match_sign_id": "sign_B_1"}, {"sign_id": "sign_A_5", "match_sign_id": "sign_B_5"}, {"sign_id": "sign_A_5", "match_sign_id": "sign_B_4"}, {"sign_id": "sign_A_6", "match_sign_id": "sign_B_7"}, {"sign_id": "sign_A_6", "match_sign_id": "sign_B_4"}, {"sign_id": "sign_A_6", "match_sign_id": "sign_B_5"}, {"sign_id": "sign_A_6", "match_sign_id": "sign_B_3"}, {"sign_id": "sign_A_6", "match_sign_id": "sign_B_6"}, {"sign_id": "sign_A_7", "match_sign_id": "sign_B_7"}, {"sign_id": "sign_A_7", "match_sign_id": "sign_B_4"}, {"sign_id": "sign_A_7", "match_sign_id": "sign_B_5"}, {"sign_id": "sign_A_7", "match_sign_id": "sign_B_1"}, {"sign_id": "sign_A_7", "match_sign_id": "sign_B_3"}, {"sign_id": "sign_A_8", "match_sign_id": "sign_B_4"}, {"sign_id": "sign_A_8", "match_sign_id": "sign_B_5"}, {"sign_id": "sign_A_8", "match_sign_id": "sign_B_7"}, {"sign_id": "sign_A_8", "match_sign_id": "sign_B_1"}, {"sign_id": "sign_A_9", "match_sign_id": "sign_B_7"}, {"sign_id": "sign_A_9", "match_sign_id": "sign_B_4"}, {"sign_id": "sign_A_9", "match_sign_id": "sign_B_6"}, {"sign_id": "sign_A_9", "match_sign_id": "sign_B_3"}, {"sign_id": "sign_A_9", "match_sign_id": "sign_B_5"}, {"sign_id": "sign_A_4", "match_sign_id": "sign_B_2"}, {"sign_id": "sign_A_9", "match_sign_id": "sign_B_2"}, {"sign_id": "sign_A_8", "match_sign_id": "sign_B_3"}, {"sign_id": "sign_A_7", "match_sign_id": "sign_B_6"}]}