{"group": [{"pic_list": ["20599511032300000949", "20599511032300000950", "20599511032300000951", "20599511032300000952", "20599511032300000953", "20599511032300000954", "20599511032300000955"], "seq_id": "A"}, {"pic_list": ["18553364010400001048", "18553364010400001049", "18553364010400001050", "18553364010400001051"], "seq_id": "B"}], "signs": [{"pic_id": "20599511032300000949", "x": 723, "y": 282, "w": 6, "h": 8, "type": "301", "sign_id": "sign_A_1"}, {"pic_id": "20599511032300000949", "x": 668, "y": 293, "w": 6, "h": 7, "type": "301", "sign_id": "sign_A_2"}, {"pic_id": "20599511032300000950", "x": 744, "y": 280, "w": 7, "h": 8, "type": "301", "sign_id": "sign_A_3"}, {"pic_id": "20599511032300000950", "x": 683, "y": 293, "w": 5, "h": 6, "type": "301", "sign_id": "sign_A_4"}, {"pic_id": "20599511032300000951", "x": 776, "y": 285, "w": 7, "h": 8, "type": "301", "sign_id": "sign_A_5"}, {"pic_id": "20599511032300000951", "x": 708, "y": 301, "w": 6, "h": 7, "type": "301", "sign_id": "sign_A_6"}, {"pic_id": "20599511032300000951", "x": 717, "y": 268, "w": 7, "h": 8, "type": "301", "sign_id": "sign_A_7"}, {"pic_id": "20599511032300000952", "x": 822, "y": 320, "w": 12, "h": 12, "type": "104", "sign_id": "sign_A_8"}, {"pic_id": "20599511032300000952", "x": 783, "y": 247, "w": 9, "h": 11, "type": "301", "sign_id": "sign_A_9"}, {"pic_id": "20599511032300000952", "x": 855, "y": 268, "w": 9, "h": 11, "type": "301", "sign_id": "sign_A_10"}, {"pic_id": "20599511032300000952", "x": 762, "y": 294, "w": 7, "h": 8, "type": "301", "sign_id": "sign_A_11"}, {"pic_id": "20599511032300000953", "x": 836, "y": 313, "w": 14, "h": 13, "type": "104", "sign_id": "sign_A_12"}, {"pic_id": "20599511032300000953", "x": 884, "y": 250, "w": 10, "h": 12, "type": "301", "sign_id": "sign_A_13"}, {"pic_id": "20599511032300000953", "x": 802, "y": 224, "w": 10, "h": 13, "type": "301", "sign_id": "sign_A_14"}, {"pic_id": "20599511032300000953", "x": 769, "y": 285, "w": 7, "h": 8, "type": "301", "sign_id": "sign_A_15"}, {"pic_id": "20599511032300000954", "x": 856, "y": 307, "w": 17, "h": 16, "type": "104", "sign_id": "sign_A_16"}, {"pic_id": "20599511032300000954", "x": 835, "y": 191, "w": 12, "h": 16, "type": "301", "sign_id": "sign_A_17"}, {"pic_id": "20599511032300000954", "x": 934, "y": 226, "w": 11, "h": 13, "type": "301", "sign_id": "sign_A_18"}, {"pic_id": "20599511032300000954", "x": 780, "y": 275, "w": 7, "h": 8, "type": "301", "sign_id": "sign_A_19"}, {"pic_id": "20599511032300000955", "x": 888, "y": 305, "w": 20, "h": 19, "type": "104", "sign_id": "sign_A_20"}, {"pic_id": "20599511032300000955", "x": 1020, "y": 191, "w": 13, "h": 16, "type": "301", "sign_id": "sign_A_21"}, {"pic_id": "20599511032300000955", "x": 796, "y": 271, "w": 8, "h": 10, "type": "301", "sign_id": "sign_A_22"}, {"pic_id": "20599511032300000955", "x": 895, "y": 144, "w": 14, "h": 19, "type": "301", "sign_id": "sign_A_23"}, {"pic_id": "18553364010400001048", "x": 638, "y": 301, "w": 6, "h": 8, "type": "301", "sign_id": "sign_B_1"}, {"pic_id": "18553364010400001049", "x": 590, "y": 294, "w": 7, "h": 9, "type": "301", "sign_id": "sign_B_2"}, {"pic_id": "18553364010400001050", "x": 254, "y": 322, "w": 13, "h": 12, "type": "104", "sign_id": "sign_B_3"}, {"pic_id": "18553364010400001050", "x": 261, "y": 269, "w": 9, "h": 11, "type": "301", "sign_id": "sign_B_4"}, {"pic_id": "18553364010400001050", "x": 177, "y": 242, "w": 9, "h": 11, "type": "301", "sign_id": "sign_B_5"}, {"pic_id": "18553364010400001051", "x": 60, "y": 304, "w": 7, "h": 8, "type": "301", "sign_id": "sign_B_6"}], "match": [{"sign_id": "sign_A_1", "match_sign_id": "sign_B_1"}, {"sign_id": "sign_A_1", "match_sign_id": "sign_B_2"}, {"sign_id": "sign_A_1", "match_sign_id": "sign_B_4"}, {"sign_id": "sign_A_2", "match_sign_id": "sign_B_6"}, {"sign_id": "sign_A_3", "match_sign_id": "sign_B_2"}, {"sign_id": "sign_A_3", "match_sign_id": "sign_B_1"}, {"sign_id": "sign_A_3", "match_sign_id": "sign_B_4"}, {"sign_id": "sign_A_4", "match_sign_id": "sign_B_6"}, {"sign_id": "sign_A_5", "match_sign_id": "sign_B_1"}, {"sign_id": "sign_A_5", "match_sign_id": "sign_B_2"}, {"sign_id": "sign_A_7", "match_sign_id": "sign_B_6"}, {"sign_id": "sign_A_8", "match_sign_id": "sign_B_3"}, {"sign_id": "sign_A_9", "match_sign_id": "sign_B_6"}, {"sign_id": "sign_A_10", "match_sign_id": "sign_B_2"}, {"sign_id": "sign_A_10", "match_sign_id": "sign_B_1"}, {"sign_id": "sign_A_10", "match_sign_id": "sign_B_4"}, {"sign_id": "sign_A_11", "match_sign_id": "sign_B_6"}, {"sign_id": "sign_A_12", "match_sign_id": "sign_B_3"}, {"sign_id": "sign_A_13", "match_sign_id": "sign_B_2"}, {"sign_id": "sign_A_13", "match_sign_id": "sign_B_1"}, {"sign_id": "sign_A_13", "match_sign_id": "sign_B_4"}, {"sign_id": "sign_A_14", "match_sign_id": "sign_B_6"}, {"sign_id": "sign_A_15", "match_sign_id": "sign_B_6"}, {"sign_id": "sign_A_16", "match_sign_id": "sign_B_3"}, {"sign_id": "sign_A_17", "match_sign_id": "sign_B_5"}, {"sign_id": "sign_A_18", "match_sign_id": "sign_B_2"}, {"sign_id": "sign_A_18", "match_sign_id": "sign_B_4"}, {"sign_id": "sign_A_18", "match_sign_id": "sign_B_1"}, {"sign_id": "sign_A_19", "match_sign_id": "sign_B_6"}, {"sign_id": "sign_A_20", "match_sign_id": "sign_B_3"}, {"sign_id": "sign_A_21", "match_sign_id": "sign_B_2"}, {"sign_id": "sign_A_21", "match_sign_id": "sign_B_1"}, {"sign_id": "sign_A_21", "match_sign_id": "sign_B_4"}, {"sign_id": "sign_A_22", "match_sign_id": "sign_B_6"}, {"sign_id": "sign_A_23", "match_sign_id": "sign_B_5"}, {"sign_id": "sign_A_5", "match_sign_id": "sign_B_4"}, {"sign_id": "sign_A_9", "match_sign_id": "sign_B_5"}, {"sign_id": "sign_A_14", "match_sign_id": "sign_B_5"}, {"sign_id": "sign_A_7", "match_sign_id": "sign_B_5"}, {"sign_id": "sign_A_2", "match_sign_id": "sign_B_5"}]}