{"group": [{"pic_list": ["19587752101300006868", "19587752101300006869", "19587752101300006870", "19587752101300006871", "19587752101300006872", "19587752101300006873"], "seq_id": "A"}, {"pic_list": ["18558466082400047809", "18558466082400047810", "18558466082400047811", "18558466082400047812", "18558466082400047813", "18558466082400047814"], "seq_id": "B"}], "signs": [{"pic_id": "19587752101300006870", "x": 783, "y": 440, "w": 6, "h": 6, "type": "301", "sign_id": "sign_A_1"}, {"pic_id": "19587752101300006871", "x": 825, "y": 431, "w": 6, "h": 7, "type": "301", "sign_id": "sign_A_2"}, {"pic_id": "19587752101300006872", "x": 912, "y": 407, "w": 7, "h": 9, "type": "301", "sign_id": "sign_A_3"}, {"pic_id": "19587752101300006873", "x": 1076, "y": 373, "w": 11, "h": 12, "type": "301", "sign_id": "sign_A_4"}, {"pic_id": "18558466082400047812", "x": 949, "y": 259, "w": 7, "h": 8, "type": "301", "sign_id": "sign_B_1"}, {"pic_id": "18558466082400047813", "x": 1055, "y": 239, "w": 10, "h": 11, "type": "301", "sign_id": "sign_B_2"}], "match": [{"sign_id": "sign_A_1", "match_sign_id": "sign_B_1"}, {"sign_id": "sign_A_1", "match_sign_id": "sign_B_2"}, {"sign_id": "sign_A_2", "match_sign_id": "sign_B_1"}, {"sign_id": "sign_A_2", "match_sign_id": "sign_B_2"}, {"sign_id": "sign_A_3", "match_sign_id": "sign_B_2"}, {"sign_id": "sign_A_3", "match_sign_id": "sign_B_1"}, {"sign_id": "sign_A_4", "match_sign_id": "sign_B_2"}, {"sign_id": "sign_A_4", "match_sign_id": "sign_B_1"}]}