{"group": [{"pic_list": ["20597828010300003393", "20597828010300003463", "20597828010300003464", "20597828010300003465", "20597828010300003466", "20597828010300003467"], "seq_id": "A"}, {"pic_list": ["18558681091000020481", "18558681091000018255", "18558681091000018256", "18558681091000018257", "18558681091000018258"], "seq_id": "B"}], "signs": [{"pic_id": "20597828010300003393", "x": 661, "y": 208, "w": 20, "h": 21, "type": "103", "sign_id": "sign_A_1"}, {"pic_id": "20597828010300003463", "x": 693, "y": 161, "w": 28, "h": 29, "type": "103", "sign_id": "sign_A_2"}, {"pic_id": "20597828010300003464", "x": 744, "y": 70, "w": 41, "h": 43, "type": "103", "sign_id": "sign_A_3"}, {"pic_id": "20597828010300003465", "x": 491, "y": 240, "w": 6, "h": 7, "type": "301", "sign_id": "sign_A_4"}, {"pic_id": "20597828010300003466", "x": 527, "y": 229, "w": 7, "h": 8, "type": "301", "sign_id": "sign_A_5"}, {"pic_id": "20597828010300003467", "x": 546, "y": 214, "w": 7, "h": 8, "type": "301", "sign_id": "sign_A_6"}, {"pic_id": "18558681091000020481", "x": 580, "y": 310, "w": 18, "h": 18, "type": "103", "sign_id": "sign_B_1"}, {"pic_id": "18558681091000018255", "x": 577, "y": 298, "w": 22, "h": 22, "type": "103", "sign_id": "sign_B_2"}, {"pic_id": "18558681091000018256", "x": 586, "y": 245, "w": 30, "h": 30, "type": "103", "sign_id": "sign_B_3"}, {"pic_id": "18558681091000018257", "x": 619, "y": 133, "w": 45, "h": 47, "type": "103", "sign_id": "sign_B_4"}, {"pic_id": "18558681091000018257", "x": 352, "y": 339, "w": 7, "h": 8, "type": "301", "sign_id": "sign_B_5"}, {"pic_id": "18558681091000018258", "x": 318, "y": 311, "w": 7, "h": 8, "type": "301", "sign_id": "sign_B_6"}], "match": [{"sign_id": "sign_A_1", "match_sign_id": "sign_B_2"}, {"sign_id": "sign_A_1", "match_sign_id": "sign_B_3"}, {"sign_id": "sign_A_1", "match_sign_id": "sign_B_4"}, {"sign_id": "sign_A_1", "match_sign_id": "sign_B_1"}, {"sign_id": "sign_A_2", "match_sign_id": "sign_B_3"}, {"sign_id": "sign_A_2", "match_sign_id": "sign_B_2"}, {"sign_id": "sign_A_2", "match_sign_id": "sign_B_4"}, {"sign_id": "sign_A_2", "match_sign_id": "sign_B_1"}, {"sign_id": "sign_A_3", "match_sign_id": "sign_B_3"}, {"sign_id": "sign_A_3", "match_sign_id": "sign_B_4"}, {"sign_id": "sign_A_3", "match_sign_id": "sign_B_2"}, {"sign_id": "sign_A_3", "match_sign_id": "sign_B_1"}, {"sign_id": "sign_A_4", "match_sign_id": "sign_B_5"}, {"sign_id": "sign_A_4", "match_sign_id": "sign_B_6"}, {"sign_id": "sign_A_5", "match_sign_id": "sign_B_6"}, {"sign_id": "sign_A_5", "match_sign_id": "sign_B_5"}, {"sign_id": "sign_A_6", "match_sign_id": "sign_B_6"}, {"sign_id": "sign_A_6", "match_sign_id": "sign_B_5"}]}