{"group": [{"pic_list": ["19590419111100000153", "19590419111100000154", "19590419111100000155", "19590419111100000156", "19590419111100000157", "19590419111100000160"], "seq_id": "A"}, {"pic_list": ["18558630090600017830", "18558630090600017831", "18558630090600017832", "18558630090600017833", "18558630090600017834"], "seq_id": "B"}], "signs": [{"pic_id": "19590419111100000153", "x": 880, "y": 23, "w": 74, "h": 70, "type": "105", "sign_id": "sign_A_1"}, {"pic_id": "19590419111100000153", "x": 506, "y": 337, "w": 8, "h": 11, "type": "301", "sign_id": "sign_A_2"}, {"pic_id": "19590419111100000154", "x": 513, "y": 315, "w": 9, "h": 12, "type": "301", "sign_id": "sign_A_3"}, {"pic_id": "19590419111100000155", "x": 512, "y": 253, "w": 12, "h": 17, "type": "301", "sign_id": "sign_A_4"}, {"pic_id": "19590419111100000156", "x": 478, "y": 134, "w": 21, "h": 28, "type": "301", "sign_id": "sign_A_5"}, {"pic_id": "19590419111100000160", "x": 1106, "y": 348, "w": 8, "h": 10, "type": "301", "sign_id": "sign_A_6"}, {"pic_id": "18558630090600017830", "x": 840, "y": 143, "w": 48, "h": 47, "type": "105", "sign_id": "sign_B_1"}, {"pic_id": "18558630090600017831", "x": 612, "y": 286, "w": 8, "h": 11, "type": "301", "sign_id": "sign_B_2"}, {"pic_id": "18558630090600017832", "x": 642, "y": 261, "w": 10, "h": 13, "type": "301", "sign_id": "sign_B_3"}, {"pic_id": "18558630090600017833", "x": 641, "y": 224, "w": 13, "h": 16, "type": "301", "sign_id": "sign_B_4"}, {"pic_id": "18558630090600017834", "x": 579, "y": 157, "w": 17, "h": 23, "type": "301", "sign_id": "sign_B_5"}], "match": [{"sign_id": "sign_A_1", "match_sign_id": "sign_B_1"}, {"sign_id": "sign_A_2", "match_sign_id": "sign_B_2"}, {"sign_id": "sign_A_2", "match_sign_id": "sign_B_3"}, {"sign_id": "sign_A_2", "match_sign_id": "sign_B_4"}, {"sign_id": "sign_A_2", "match_sign_id": "sign_B_5"}, {"sign_id": "sign_A_3", "match_sign_id": "sign_B_3"}, {"sign_id": "sign_A_3", "match_sign_id": "sign_B_2"}, {"sign_id": "sign_A_3", "match_sign_id": "sign_B_4"}, {"sign_id": "sign_A_3", "match_sign_id": "sign_B_5"}, {"sign_id": "sign_A_4", "match_sign_id": "sign_B_3"}, {"sign_id": "sign_A_4", "match_sign_id": "sign_B_2"}, {"sign_id": "sign_A_4", "match_sign_id": "sign_B_4"}, {"sign_id": "sign_A_4", "match_sign_id": "sign_B_5"}, {"sign_id": "sign_A_5", "match_sign_id": "sign_B_4"}, {"sign_id": "sign_A_5", "match_sign_id": "sign_B_5"}, {"sign_id": "sign_A_5", "match_sign_id": "sign_B_3"}, {"sign_id": "sign_A_5", "match_sign_id": "sign_B_2"}, {"sign_id": "sign_A_6", "match_sign_id": "sign_B_2"}, {"sign_id": "sign_A_6", "match_sign_id": "sign_B_3"}, {"sign_id": "sign_A_6", "match_sign_id": "sign_B_4"}, {"sign_id": "sign_A_6", "match_sign_id": "sign_B_5"}]}