{"group": [{"pic_list": ["19595433122000005009", "19595433122000005010", "19595433122000005011", "19595433122000005012", "19595433122000005013"], "seq_id": "A"}, {"pic_list": ["18558614090300033699", "18558614090300033700", "18558614090300033701", "18558614090300033702", "18558614090300033703"], "seq_id": "B"}], "signs": [{"pic_id": "19595433122000005009", "x": 513, "y": 206, "w": 11, "h": 13, "type": "301", "sign_id": "sign_A_1"}, {"pic_id": "19595433122000005010", "x": 426, "y": 163, "w": 13, "h": 16, "type": "301", "sign_id": "sign_A_2"}, {"pic_id": "18558614090300033699", "x": 516, "y": 239, "w": 9, "h": 11, "type": "301", "sign_id": "sign_B_1"}, {"pic_id": "18558614090300033700", "x": 401, "y": 199, "w": 11, "h": 13, "type": "301", "sign_id": "sign_B_2"}, {"pic_id": "18558614090300033701", "x": 242, "y": 131, "w": 15, "h": 18, "type": "301", "sign_id": "sign_B_3"}], "match": [{"sign_id": "sign_A_1", "match_sign_id": "sign_B_2"}, {"sign_id": "sign_A_1", "match_sign_id": "sign_B_1"}, {"sign_id": "sign_A_1", "match_sign_id": "sign_B_3"}, {"sign_id": "sign_A_2", "match_sign_id": "sign_B_1"}, {"sign_id": "sign_A_2", "match_sign_id": "sign_B_3"}, {"sign_id": "sign_A_2", "match_sign_id": "sign_B_2"}]}