{"group": [{"pic_list": ["20599449031300021078", "20599449031300021133", "20599449031300021134", "20599449031300021135"], "seq_id": "A"}, {"pic_list": ["18559018092800020691", "18559018092800020692", "18559018092800020693", "18559018092800020694", "18559018092800020695"], "seq_id": "B"}], "signs": [{"pic_id": "20599449031300021078", "x": 783, "y": 435, "w": 19, "h": 19, "type": "104", "sign_id": "sign_A_1"}, {"pic_id": "20599449031300021078", "x": 552, "y": 445, "w": 7, "h": 10, "type": "301", "sign_id": "sign_A_2"}, {"pic_id": "20599449031300021133", "x": 801, "y": 386, "w": 27, "h": 28, "type": "104", "sign_id": "sign_A_3"}, {"pic_id": "20599449031300021133", "x": 506, "y": 403, "w": 9, "h": 12, "type": "301", "sign_id": "sign_A_4"}, {"pic_id": "20599449031300021134", "x": 719, "y": 335, "w": 35, "h": 36, "type": "104", "sign_id": "sign_A_5"}, {"pic_id": "20599449031300021134", "x": 311, "y": 356, "w": 11, "h": 15, "type": "301", "sign_id": "sign_A_6"}, {"pic_id": "20599449031300021135", "x": 775, "y": 201, "w": 60, "h": 62, "type": "104", "sign_id": "sign_A_7"}, {"pic_id": "20599449031300021135", "x": 149, "y": 276, "w": 17, "h": 23, "type": "301", "sign_id": "sign_A_8"}, {"pic_id": "18559018092800020691", "x": 193, "y": 230, "w": 26, "h": 25, "type": "104", "sign_id": "sign_B_1"}, {"pic_id": "18559018092800020692", "x": 265, "y": 215, "w": 28, "h": 29, "type": "104", "sign_id": "sign_B_2"}, {"pic_id": "18559018092800020693", "x": 506, "y": 175, "w": 36, "h": 39, "type": "104", "sign_id": "sign_B_3"}, {"pic_id": "18559018092800020694", "x": 610, "y": 132, "w": 47, "h": 49, "type": "104", "sign_id": "sign_B_4"}, {"pic_id": "18559018092800020695", "x": 725, "y": 44, "w": 65, "h": 70, "type": "104", "sign_id": "sign_B_5"}], "match": [{"sign_id": "sign_A_1", "match_sign_id": "sign_B_1"}, {"sign_id": "sign_A_1", "match_sign_id": "sign_B_4"}, {"sign_id": "sign_A_1", "match_sign_id": "sign_B_5"}, {"sign_id": "sign_A_1", "match_sign_id": "sign_B_3"}, {"sign_id": "sign_A_1", "match_sign_id": "sign_B_2"}, {"sign_id": "sign_A_2", "match_sign_id": " "}, {"sign_id": "sign_A_3", "match_sign_id": "sign_B_4"}, {"sign_id": "sign_A_3", "match_sign_id": "sign_B_5"}, {"sign_id": "sign_A_3", "match_sign_id": "sign_B_2"}, {"sign_id": "sign_A_3", "match_sign_id": "sign_B_1"}, {"sign_id": "sign_A_3", "match_sign_id": "sign_B_3"}, {"sign_id": "sign_A_4", "match_sign_id": " "}, {"sign_id": "sign_A_5", "match_sign_id": "sign_B_1"}, {"sign_id": "sign_A_5", "match_sign_id": "sign_B_3"}, {"sign_id": "sign_A_5", "match_sign_id": "sign_B_4"}, {"sign_id": "sign_A_5", "match_sign_id": "sign_B_5"}, {"sign_id": "sign_A_5", "match_sign_id": "sign_B_2"}, {"sign_id": "sign_A_6", "match_sign_id": " "}, {"sign_id": "sign_A_7", "match_sign_id": "sign_B_3"}, {"sign_id": "sign_A_7", "match_sign_id": "sign_B_4"}, {"sign_id": "sign_A_7", "match_sign_id": "sign_B_1"}, {"sign_id": "sign_A_7", "match_sign_id": "sign_B_5"}, {"sign_id": "sign_A_7", "match_sign_id": "sign_B_2"}, {"sign_id": "sign_A_8", "match_sign_id": " "}]}