{"group": [{"pic_list": ["19581461080500010957", "19581461080500010375", "19581461080500010376", "19581461080500010377", "19581461080500010378", "19581461080500010379", "19581461080500010380"], "seq_id": "A"}, {"pic_list": ["18558962092100001367", "18558962092100001368", "18558962092100001369", "18558962092100001370", "18558962092100001371", "18558962092100001372", "18558962092100001373", "18558962092100001374", "18558962092100001375"], "seq_id": "B"}], "signs": [{"pic_id": "19581461080500010957", "x": 1026, "y": 250, "w": 14, "h": 16, "type": "301", "sign_id": "sign_A_1"}, {"pic_id": "19581461080500010957", "x": 462, "y": 304, "w": 5, "h": 6, "type": "301", "sign_id": "sign_A_2"}, {"pic_id": "19581461080500010377", "x": 409, "y": 276, "w": 8, "h": 9, "type": "301", "sign_id": "sign_A_3"}, {"pic_id": "19581461080500010378", "x": 425, "y": 259, "w": 8, "h": 9, "type": "301", "sign_id": "sign_A_4"}, {"pic_id": "19581461080500010379", "x": 680, "y": 294, "w": 14, "h": 15, "type": "103", "sign_id": "sign_A_5"}, {"pic_id": "19581461080500010379", "x": 398, "y": 239, "w": 9, "h": 10, "type": "301", "sign_id": "sign_A_6"}, {"pic_id": "19581461080500010380", "x": 675, "y": 296, "w": 17, "h": 18, "type": "103", "sign_id": "sign_A_7"}, {"pic_id": "19581461080500010380", "x": 301, "y": 209, "w": 11, "h": 14, "type": "301", "sign_id": "sign_A_8"}, {"pic_id": "18558962092100001367", "x": 369, "y": 286, "w": 6, "h": 7, "type": "301", "sign_id": "sign_B_1"}, {"pic_id": "18558962092100001368", "x": 344, "y": 282, "w": 6, "h": 7, "type": "301", "sign_id": "sign_B_2"}, {"pic_id": "18558962092100001369", "x": 321, "y": 276, "w": 7, "h": 7, "type": "301", "sign_id": "sign_B_3"}, {"pic_id": "18558962092100001370", "x": 293, "y": 264, "w": 7, "h": 8, "type": "301", "sign_id": "sign_B_4"}, {"pic_id": "18558962092100001371", "x": 243, "y": 259, "w": 8, "h": 9, "type": "301", "sign_id": "sign_B_5"}, {"pic_id": "18558962092100001372", "x": 202, "y": 236, "w": 10, "h": 11, "type": "301", "sign_id": "sign_B_6"}, {"pic_id": "18558962092100001373", "x": 527, "y": 278, "w": 16, "h": 17, "type": "103", "sign_id": "sign_B_7"}, {"pic_id": "18558962092100001373", "x": 180, "y": 212, "w": 11, "h": 13, "type": "301", "sign_id": "sign_B_8"}, {"pic_id": "18558962092100001374", "x": 581, "y": 292, "w": 18, "h": 18, "type": "103", "sign_id": "sign_B_9"}, {"pic_id": "18558962092100001374", "x": 172, "y": 213, "w": 11, "h": 14, "type": "301", "sign_id": "sign_B_10"}, {"pic_id": "18558962092100001375", "x": 607, "y": 266, "w": 20, "h": 21, "type": "103", "sign_id": "sign_B_11"}, {"pic_id": "18558962092100001375", "x": 72, "y": 149, "w": 14, "h": 19, "type": "301", "sign_id": "sign_B_12"}], "match": [{"sign_id": "sign_A_1", "match_sign_id": "sign_B_10"}, {"sign_id": "sign_A_1", "match_sign_id": "sign_B_12"}, {"sign_id": "sign_A_1", "match_sign_id": "sign_B_2"}, {"sign_id": "sign_A_1", "match_sign_id": "sign_B_6"}, {"sign_id": "sign_A_1", "match_sign_id": "sign_B_8"}, {"sign_id": "sign_A_2", "match_sign_id": "sign_B_2"}, {"sign_id": "sign_A_2", "match_sign_id": "sign_B_1"}, {"sign_id": "sign_A_2", "match_sign_id": "sign_B_3"}, {"sign_id": "sign_A_2", "match_sign_id": "sign_B_4"}, {"sign_id": "sign_A_2", "match_sign_id": "sign_B_8"}, {"sign_id": "sign_A_2", "match_sign_id": "sign_B_10"}, {"sign_id": "sign_A_2", "match_sign_id": "sign_B_5"}, {"sign_id": "sign_A_3", "match_sign_id": "sign_B_10"}, {"sign_id": "sign_A_3", "match_sign_id": "sign_B_3"}, {"sign_id": "sign_A_3", "match_sign_id": "sign_B_12"}, {"sign_id": "sign_A_3", "match_sign_id": "sign_B_6"}, {"sign_id": "sign_A_3", "match_sign_id": "sign_B_2"}, {"sign_id": "sign_A_4", "match_sign_id": "sign_B_10"}, {"sign_id": "sign_A_4", "match_sign_id": "sign_B_12"}, {"sign_id": "sign_A_4", "match_sign_id": "sign_B_3"}, {"sign_id": "sign_A_4", "match_sign_id": "sign_B_6"}, {"sign_id": "sign_A_4", "match_sign_id": "sign_B_8"}, {"sign_id": "sign_A_4", "match_sign_id": "sign_B_5"}, {"sign_id": "sign_A_4", "match_sign_id": "sign_B_4"}, {"sign_id": "sign_A_5", "match_sign_id": "sign_B_11"}, {"sign_id": "sign_A_5", "match_sign_id": "sign_B_9"}, {"sign_id": "sign_A_5", "match_sign_id": "sign_B_7"}, {"sign_id": "sign_A_6", "match_sign_id": "sign_B_10"}, {"sign_id": "sign_A_6", "match_sign_id": "sign_B_6"}, {"sign_id": "sign_A_6", "match_sign_id": "sign_B_12"}, {"sign_id": "sign_A_6", "match_sign_id": "sign_B_5"}, {"sign_id": "sign_A_6", "match_sign_id": "sign_B_8"}, {"sign_id": "sign_A_6", "match_sign_id": "sign_B_4"}, {"sign_id": "sign_A_6", "match_sign_id": "sign_B_3"}, {"sign_id": "sign_A_7", "match_sign_id": "sign_B_11"}, {"sign_id": "sign_A_7", "match_sign_id": "sign_B_9"}, {"sign_id": "sign_A_7", "match_sign_id": "sign_B_7"}, {"sign_id": "sign_A_8", "match_sign_id": "sign_B_10"}, {"sign_id": "sign_A_8", "match_sign_id": "sign_B_12"}, {"sign_id": "sign_A_8", "match_sign_id": "sign_B_6"}, {"sign_id": "sign_A_8", "match_sign_id": "sign_B_8"}, {"sign_id": "sign_A_8", "match_sign_id": "sign_B_5"}, {"sign_id": "sign_A_8", "match_sign_id": "sign_B_3"}, {"sign_id": "sign_A_8", "match_sign_id": "sign_B_4"}, {"sign_id": "sign_A_3", "match_sign_id": "sign_B_1"}, {"sign_id": "sign_A_8", "match_sign_id": "sign_B_2"}]}