{"group": [{"pic_list": ["20599470031900018447", "20599470031900018996", "20599470031900018997"], "seq_id": "A"}, {"pic_list": ["18558165073000001126", "18558165073000001127"], "seq_id": "B"}], "signs": [{"pic_id": "20599470031900018447", "x": 809, "y": 330, "w": 30, "h": 30, "type": "104", "sign_id": "sign_A_1"}, {"pic_id": "20599470031900018996", "x": 952, "y": 282, "w": 54, "h": 53, "type": "104", "sign_id": "sign_A_2"}, {"pic_id": "18558165073000001126", "x": 881, "y": 313, "w": 38, "h": 38, "type": "104", "sign_id": "sign_B_1"}], "match": [{"sign_id": "sign_A_1", "match_sign_id": "sign_B_1"}, {"sign_id": "sign_A_2", "match_sign_id": "sign_B_1"}]}