{"group": [{"pic_list": ["20597931010400003918", "20597931010400003997", "20597931010400003998", "20597931010400003999"], "seq_id": "A"}, {"pic_list": ["18558422082200036578", "18558422082200036579", "18558422082200036580", "18558422082200036581"], "seq_id": "B"}], "signs": [{"pic_id": "20597931010400003918", "x": 698, "y": 251, "w": 8, "h": 10, "type": "301", "sign_id": "sign_A_1"}, {"pic_id": "20597931010400003997", "x": 740, "y": 222, "w": 10, "h": 13, "type": "301", "sign_id": "sign_A_2"}, {"pic_id": "20597931010400003998", "x": 818, "y": 150, "w": 14, "h": 19, "type": "301", "sign_id": "sign_A_3"}, {"pic_id": "20597931010400003999", "x": 1053, "y": 124, "w": 17, "h": 22, "type": "301", "sign_id": "sign_A_4"}, {"pic_id": "18558422082200036578", "x": 763, "y": 355, "w": 9, "h": 12, "type": "301", "sign_id": "sign_B_1"}, {"pic_id": "18558422082200036579", "x": 815, "y": 313, "w": 11, "h": 15, "type": "301", "sign_id": "sign_B_2"}, {"pic_id": "18558422082200036580", "x": 942, "y": 202, "w": 17, "h": 21, "type": "301", "sign_id": "sign_B_3"}], "match": [{"sign_id": "sign_A_1", "match_sign_id": "sign_B_1"}, {"sign_id": "sign_A_1", "match_sign_id": "sign_B_2"}, {"sign_id": "sign_A_1", "match_sign_id": "sign_B_3"}, {"sign_id": "sign_A_2", "match_sign_id": "sign_B_1"}, {"sign_id": "sign_A_2", "match_sign_id": "sign_B_2"}, {"sign_id": "sign_A_2", "match_sign_id": "sign_B_3"}, {"sign_id": "sign_A_3", "match_sign_id": "sign_B_2"}, {"sign_id": "sign_A_3", "match_sign_id": "sign_B_1"}, {"sign_id": "sign_A_3", "match_sign_id": "sign_B_3"}, {"sign_id": "sign_A_4", "match_sign_id": "sign_B_3"}]}