{"group": [{"pic_list": ["19590516111100004648", "19590516111100004649", "19590516111100004650", "19590516111100004651"], "seq_id": "A"}, {"pic_list": ["18553638011300011636", "18553638011300011637", "18553638011300011714", "18553638011300011715"], "seq_id": "B"}], "signs": [{"pic_id": "19590516111100004649", "x": 931, "y": 276, "w": 28, "h": 27, "type": "103", "sign_id": "sign_A_1"}, {"pic_id": "19590516111100004649", "x": 427, "y": 332, "w": 7, "h": 7, "type": "301", "sign_id": "sign_A_2"}, {"pic_id": "19590516111100004649", "x": 416, "y": 330, "w": 7, "h": 7, "type": "301", "sign_id": "sign_A_3"}, {"pic_id": "19590516111100004650", "x": 1142, "y": 191, "w": 54, "h": 48, "type": "103", "sign_id": "sign_A_4"}, {"pic_id": "19590516111100004650", "x": 325, "y": 311, "w": 10, "h": 11, "type": "301", "sign_id": "sign_A_5"}, {"pic_id": "19590516111100004650", "x": 303, "y": 308, "w": 9, "h": 10, "type": "301", "sign_id": "sign_A_6"}, {"pic_id": "19590516111100004651", "x": 11, "y": 248, "w": 20, "h": 19, "type": "301", "sign_id": "sign_A_7"}, {"pic_id": "19590516111100004651", "x": 78, "y": 259, "w": 18, "h": 19, "type": "301", "sign_id": "sign_A_8"}, {"pic_id": "18553638011300011636", "x": 832, "y": 343, "w": 17, "h": 16, "type": "103", "sign_id": "sign_B_1"}, {"pic_id": "18553638011300011637", "x": 916, "y": 314, "w": 23, "h": 24, "type": "103", "sign_id": "sign_B_2"}, {"pic_id": "18553638011300011714", "x": 1139, "y": 217, "w": 42, "h": 45, "type": "103", "sign_id": "sign_B_3"}, {"pic_id": "18553638011300011714", "x": 264, "y": 339, "w": 11, "h": 12, "type": "301", "sign_id": "sign_B_4"}, {"pic_id": "18553638011300011714", "x": 239, "y": 335, "w": 11, "h": 11, "type": "301", "sign_id": "sign_B_5"}], "match": [{"sign_id": "sign_A_1", "match_sign_id": "sign_B_1"}, {"sign_id": "sign_A_1", "match_sign_id": "sign_B_3"}, {"sign_id": "sign_A_1", "match_sign_id": "sign_B_2"}, {"sign_id": "sign_A_2", "match_sign_id": "sign_B_4"}, {"sign_id": "sign_A_3", "match_sign_id": "sign_B_5"}, {"sign_id": "sign_A_4", "match_sign_id": "sign_B_1"}, {"sign_id": "sign_A_4", "match_sign_id": "sign_B_3"}, {"sign_id": "sign_A_4", "match_sign_id": "sign_B_2"}, {"sign_id": "sign_A_5", "match_sign_id": "sign_B_4"}, {"sign_id": "sign_A_6", "match_sign_id": "sign_B_5"}, {"sign_id": "sign_A_7", "match_sign_id": "sign_B_5"}, {"sign_id": "sign_A_8", "match_sign_id": "sign_B_4"}]}