{"group": [{"pic_list": ["19569055032600004814", "19569055032600004815", "19569055032600004816", "19569055032600004817", "19569055032600004818", "19569055032600004819", "19569055032600004820"], "seq_id": "A"}, {"pic_list": ["18558532082800005658", "18558532082800005659", "18558532082800005660", "18558532082800005661", "18558532082800005662", "18558532082800005663", "18558532082800005664"], "seq_id": "B"}], "signs": [{"pic_id": "19569055032600004815", "x": 787, "y": 235, "w": 8, "h": 11, "type": "301", "sign_id": "sign_A_1"}, {"pic_id": "19569055032600004816", "x": 764, "y": 207, "w": 9, "h": 12, "type": "301", "sign_id": "sign_A_2"}, {"pic_id": "19569055032600004817", "x": 167, "y": 382, "w": 16, "h": 16, "type": "104", "sign_id": "sign_A_3"}, {"pic_id": "19569055032600004817", "x": 827, "y": 31, "w": 16, "h": 23, "type": "301", "sign_id": "sign_A_4"}, {"pic_id": "19569055032600004817", "x": 112, "y": 349, "w": 6, "h": 7, "type": "301", "sign_id": "sign_A_5"}, {"pic_id": "19569055032600004818", "x": 61, "y": 369, "w": 20, "h": 18, "type": "104", "sign_id": "sign_A_6"}, {"pic_id": "19569055032600004818", "x": 6, "y": 331, "w": 7, "h": 8, "type": "301", "sign_id": "sign_A_7"}, {"pic_id": "18558532082800005658", "x": 707, "y": 253, "w": 6, "h": 9, "type": "301", "sign_id": "sign_B_1"}, {"pic_id": "18558532082800005659", "x": 718, "y": 219, "w": 8, "h": 11, "type": "301", "sign_id": "sign_B_2"}, {"pic_id": "18558532082800005660", "x": 757, "y": 148, "w": 10, "h": 14, "type": "301", "sign_id": "sign_B_3"}, {"pic_id": "18558532082800005660", "x": 225, "y": 331, "w": 5, "h": 6, "type": "301", "sign_id": "sign_B_4"}, {"pic_id": "18558532082800005661", "x": 193, "y": 359, "w": 15, "h": 14, "type": "104", "sign_id": "sign_B_5"}, {"pic_id": "18558532082800005662", "x": 49, "y": 346, "w": 20, "h": 19, "type": "104", "sign_id": "sign_B_6"}], "match": [{"sign_id": "sign_A_1", "match_sign_id": "sign_B_2"}, {"sign_id": "sign_A_1", "match_sign_id": "sign_B_1"}, {"sign_id": "sign_A_1", "match_sign_id": "sign_B_3"}, {"sign_id": "sign_A_2", "match_sign_id": "sign_B_2"}, {"sign_id": "sign_A_2", "match_sign_id": "sign_B_3"}, {"sign_id": "sign_A_2", "match_sign_id": "sign_B_1"}, {"sign_id": "sign_A_2", "match_sign_id": "sign_B_4"}, {"sign_id": "sign_A_3", "match_sign_id": "sign_B_6"}, {"sign_id": "sign_A_3", "match_sign_id": "sign_B_5"}, {"sign_id": "sign_A_4", "match_sign_id": "sign_B_3"}, {"sign_id": "sign_A_4", "match_sign_id": "sign_B_2"}, {"sign_id": "sign_A_5", "match_sign_id": "sign_B_4"}, {"sign_id": "sign_A_5", "match_sign_id": "sign_B_1"}, {"sign_id": "sign_A_5", "match_sign_id": "sign_B_2"}, {"sign_id": "sign_A_6", "match_sign_id": "sign_B_6"}, {"sign_id": "sign_A_6", "match_sign_id": "sign_B_5"}, {"sign_id": "sign_A_7", "match_sign_id": "sign_B_4"}, {"sign_id": "sign_A_7", "match_sign_id": "sign_B_2"}]}