{"group": [{"pic_list": ["19581458080500017104", "19581458080500017105", "19581458080500017106"], "seq_id": "A"}, {"pic_list": ["18558234080700005175", "18558234080700005176"], "seq_id": "B"}], "signs": [{"pic_id": "19581458080500017104", "x": 267, "y": 305, "w": 48, "h": 45, "type": "104", "sign_id": "sign_A_1"}, {"pic_id": "19581458080500017104", "x": 405, "y": 252, "w": 18, "h": 22, "type": "301", "sign_id": "sign_A_2"}, {"pic_id": "19581458080500017105", "x": 0, "y": 139, "w": 56, "h": 84, "type": "106", "sign_id": "sign_A_3"}, {"pic_id": "19581458080500017105", "x": 241, "y": 43, "w": 33, "h": 37, "type": "301", "sign_id": "sign_A_4"}, {"pic_id": "18558234080700005175", "x": 309, "y": 203, "w": 58, "h": 57, "type": "104", "sign_id": "sign_B_1"}, {"pic_id": "18558234080700005175", "x": 468, "y": 129, "w": 21, "h": 26, "type": "301", "sign_id": "sign_B_2"}], "match": [{"sign_id": "sign_A_1", "match_sign_id": "sign_B_1"}, {"sign_id": "sign_A_2", "match_sign_id": "sign_B_2"}, {"sign_id": "sign_A_4", "match_sign_id": "sign_B_2"}]}