{"group": [{"pic_list": ["19581898081100017043", "19581898081100017044", "19581898081100017045", "19581898081100017046", "19581898081100017047", "19581898081100017048", "19581898081100017049"], "seq_id": "A"}, {"pic_list": ["18558226080100011608", "18558226080100011609", "18558226080100011610", "18558226080100011611", "18558226080100011612"], "seq_id": "B"}], "signs": [{"pic_id": "19581898081100017048", "x": 1030, "y": 328, "w": 19, "h": 27, "type": "301", "sign_id": "sign_A_1"}, {"pic_id": "19581898081100017049", "x": 1261, "y": 4, "w": 41, "h": 50, "type": "301", "sign_id": "sign_A_2"}, {"pic_id": "19581898081100017049", "x": 12, "y": 425, "w": 17, "h": 21, "type": "301", "sign_id": "sign_A_3"}, {"pic_id": "18558226080100011612", "x": 782, "y": 254, "w": 11, "h": 14, "type": "301", "sign_id": "sign_B_1"}, {"pic_id": "18558226080100011612", "x": 366, "y": 309, "w": 9, "h": 12, "type": "301", "sign_id": "sign_B_2"}], "match": [{"sign_id": "sign_A_1", "match_sign_id": "sign_B_1"}, {"sign_id": "sign_A_1", "match_sign_id": "sign_B_2"}, {"sign_id": "sign_A_2", "match_sign_id": "sign_B_2"}, {"sign_id": "sign_A_2", "match_sign_id": "sign_B_1"}, {"sign_id": "sign_A_3", "match_sign_id": "sign_B_2"}]}