{"group": [{"pic_list": ["19593755121200000149", "19593755121200000163", "19593755121200000164", "19593755121200000165", "19593755121200000166", "19593755121200000167", "19593755121200000168", "19593755121200000169"], "seq_id": "A"}, {"pic_list": ["18553555010900019125", "18553555010900019126", "18553555010900019127", "18553555010900019128", "18553555010900019129", "18553555010900019130", "18553555010900019131", "18553555010900019132", "18553555010900019133", "18553555010900019135"], "seq_id": "B"}], "signs": [{"pic_id": "19593755121200000149", "x": 831, "y": 279, "w": 10, "h": 11, "type": "301", "sign_id": "sign_A_1"}, {"pic_id": "19593755121200000163", "x": 951, "y": 241, "w": 13, "h": 15, "type": "301", "sign_id": "sign_A_2"}, {"pic_id": "19593755121200000164", "x": 1153, "y": 171, "w": 21, "h": 24, "type": "301", "sign_id": "sign_A_3"}, {"pic_id": "19593755121200000164", "x": 404, "y": 312, "w": 7, "h": 7, "type": "301", "sign_id": "sign_A_4"}, {"pic_id": "19593755121200000165", "x": 412, "y": 310, "w": 7, "h": 8, "type": "301", "sign_id": "sign_A_5"}, {"pic_id": "19593755121200000165", "x": 360, "y": 308, "w": 7, "h": 8, "type": "301", "sign_id": "sign_A_6"}, {"pic_id": "19593755121200000166", "x": 361, "y": 298, "w": 8, "h": 8, "type": "301", "sign_id": "sign_A_7"}, {"pic_id": "19593755121200000166", "x": 297, "y": 296, "w": 9, "h": 9, "type": "301", "sign_id": "sign_A_8"}, {"pic_id": "19593755121200000167", "x": 213, "y": 277, "w": 11, "h": 12, "type": "301", "sign_id": "sign_A_9"}, {"pic_id": "19593755121200000167", "x": 293, "y": 280, "w": 9, "h": 10, "type": "301", "sign_id": "sign_A_10"}, {"pic_id": "19593755121200000168", "x": 747, "y": 318, "w": 12, "h": 13, "type": "207", "sign_id": "sign_A_11"}, {"pic_id": "19593755121200000168", "x": 178, "y": 255, "w": 13, "h": 14, "type": "301", "sign_id": "sign_A_12"}, {"pic_id": "19593755121200000168", "x": 72, "y": 251, "w": 14, "h": 15, "type": "301", "sign_id": "sign_A_13"}, {"pic_id": "19593755121200000169", "x": 760, "y": 311, "w": 13, "h": 15, "type": "207", "sign_id": "sign_A_14"}, {"pic_id": "18553555010900019125", "x": 1050, "y": 322, "w": 11, "h": 12, "type": "301", "sign_id": "sign_B_1"}, {"pic_id": "18553555010900019126", "x": 611, "y": 381, "w": 6, "h": 7, "type": "301", "sign_id": "sign_B_2"}, {"pic_id": "18553555010900019126", "x": 575, "y": 380, "w": 6, "h": 6, "type": "301", "sign_id": "sign_B_3"}, {"pic_id": "18553555010900019127", "x": 475, "y": 373, "w": 6, "h": 7, "type": "301", "sign_id": "sign_B_4"}, {"pic_id": "18553555010900019127", "x": 517, "y": 373, "w": 6, "h": 7, "type": "301", "sign_id": "sign_B_5"}, {"pic_id": "18553555010900019128", "x": 345, "y": 358, "w": 7, "h": 7, "type": "301", "sign_id": "sign_B_6"}, {"pic_id": "18553555010900019129", "x": 368, "y": 361, "w": 7, "h": 9, "type": "301", "sign_id": "sign_B_7"}, {"pic_id": "18553555010900019129", "x": 308, "y": 360, "w": 8, "h": 8, "type": "301", "sign_id": "sign_B_8"}, {"pic_id": "18553555010900019130", "x": 265, "y": 349, "w": 11, "h": 11, "type": "301", "sign_id": "sign_B_9"}, {"pic_id": "18553555010900019130", "x": 337, "y": 351, "w": 8, "h": 9, "type": "301", "sign_id": "sign_B_10"}, {"pic_id": "18553555010900019131", "x": 212, "y": 332, "w": 12, "h": 12, "type": "301", "sign_id": "sign_B_11"}, {"pic_id": "18553555010900019131", "x": 297, "y": 334, "w": 11, "h": 13, "type": "301", "sign_id": "sign_B_12"}, {"pic_id": "18553555010900019132", "x": 156, "y": 304, "w": 15, "h": 16, "type": "301", "sign_id": "sign_B_13"}, {"pic_id": "18553555010900019132", "x": 36, "y": 302, "w": 15, "h": 16, "type": "301", "sign_id": "sign_B_14"}, {"pic_id": "18553555010900019133", "x": 63, "y": 280, "w": 19, "h": 21, "type": "301", "sign_id": "sign_B_15"}], "match": [{"sign_id": "sign_A_1", "match_sign_id": "sign_B_1"}, {"sign_id": "sign_A_1", "match_sign_id": "sign_B_10"}, {"sign_id": "sign_A_1", "match_sign_id": "sign_B_5"}, {"sign_id": "sign_A_1", "match_sign_id": "sign_B_7"}, {"sign_id": "sign_A_2", "match_sign_id": "sign_B_1"}, {"sign_id": "sign_A_2", "match_sign_id": "sign_B_10"}, {"sign_id": "sign_A_2", "match_sign_id": "sign_B_15"}, {"sign_id": "sign_A_2", "match_sign_id": "sign_B_11"}, {"sign_id": "sign_A_3", "match_sign_id": "sign_B_1"}, {"sign_id": "sign_A_3", "match_sign_id": "sign_B_10"}, {"sign_id": "sign_A_3", "match_sign_id": "sign_B_15"}, {"sign_id": "sign_A_4", "match_sign_id": "sign_B_6"}, {"sign_id": "sign_A_4", "match_sign_id": "sign_B_9"}, {"sign_id": "sign_A_4", "match_sign_id": "sign_B_11"}, {"sign_id": "sign_A_4", "match_sign_id": "sign_B_8"}, {"sign_id": "sign_A_5", "match_sign_id": "sign_B_6"}, {"sign_id": "sign_A_5", "match_sign_id": "sign_B_5"}, {"sign_id": "sign_A_5", "match_sign_id": "sign_B_12"}, {"sign_id": "sign_A_5", "match_sign_id": "sign_B_2"}, {"sign_id": "sign_A_5", "match_sign_id": "sign_B_10"}, {"sign_id": "sign_A_6", "match_sign_id": "sign_B_9"}, {"sign_id": "sign_A_6", "match_sign_id": "sign_B_11"}, {"sign_id": "sign_A_6", "match_sign_id": "sign_B_6"}, {"sign_id": "sign_A_7", "match_sign_id": "sign_B_12"}, {"sign_id": "sign_A_7", "match_sign_id": "sign_B_11"}, {"sign_id": "sign_A_8", "match_sign_id": "sign_B_9"}, {"sign_id": "sign_A_8", "match_sign_id": "sign_B_11"}, {"sign_id": "sign_A_8", "match_sign_id": "sign_B_8"}, {"sign_id": "sign_A_9", "match_sign_id": "sign_B_9"}, {"sign_id": "sign_A_9", "match_sign_id": "sign_B_11"}, {"sign_id": "sign_A_9", "match_sign_id": "sign_B_8"}, {"sign_id": "sign_A_10", "match_sign_id": "sign_B_12"}, {"sign_id": "sign_A_10", "match_sign_id": "sign_B_11"}, {"sign_id": "sign_A_10", "match_sign_id": "sign_B_15"}, {"sign_id": "sign_A_11", "match_sign_id": " "}, {"sign_id": "sign_A_12", "match_sign_id": "sign_B_11"}, {"sign_id": "sign_A_12", "match_sign_id": "sign_B_9"}, {"sign_id": "sign_A_12", "match_sign_id": "sign_B_14"}, {"sign_id": "sign_A_13", "match_sign_id": "sign_B_11"}, {"sign_id": "sign_A_13", "match_sign_id": "sign_B_9"}, {"sign_id": "sign_A_13", "match_sign_id": "sign_B_14"}, {"sign_id": "sign_A_10", "match_sign_id": "sign_B_1"}, {"sign_id": "sign_A_13", "match_sign_id": "sign_B_1"}, {"sign_id": "sign_A_12", "match_sign_id": "sign_B_1"}, {"sign_id": "sign_A_7", "match_sign_id": "sign_B_2"}, {"sign_id": "sign_A_4", "match_sign_id": "sign_B_3"}, {"sign_id": "sign_A_7", "match_sign_id": "sign_B_3"}, {"sign_id": "sign_A_5", "match_sign_id": "sign_B_4"}, {"sign_id": "sign_A_4", "match_sign_id": "sign_B_4"}, {"sign_id": "sign_A_7", "match_sign_id": "sign_B_4"}, {"sign_id": "sign_A_7", "match_sign_id": "sign_B_5"}, {"sign_id": "sign_A_4", "match_sign_id": "sign_B_5"}, {"sign_id": "sign_A_7", "match_sign_id": "sign_B_6"}, {"sign_id": "sign_A_5", "match_sign_id": "sign_B_7"}, {"sign_id": "sign_A_7", "match_sign_id": "sign_B_7"}, {"sign_id": "sign_A_6", "match_sign_id": "sign_B_8"}, {"sign_id": "sign_A_12", "match_sign_id": "sign_B_8"}, {"sign_id": "sign_A_10", "match_sign_id": "sign_B_10"}, {"sign_id": "sign_A_7", "match_sign_id": "sign_B_10"}, {"sign_id": "sign_A_12", "match_sign_id": "sign_B_10"}, {"sign_id": "sign_A_10", "match_sign_id": "sign_B_13"}, {"sign_id": "sign_A_7", "match_sign_id": "sign_B_13"}, {"sign_id": "sign_A_13", "match_sign_id": "sign_B_13"}, {"sign_id": "sign_A_8", "match_sign_id": "sign_B_14"}, {"sign_id": "sign_A_7", "match_sign_id": "sign_B_14"}, {"sign_id": "sign_A_7", "match_sign_id": "sign_B_15"}, {"sign_id": "sign_A_9", "match_sign_id": "sign_B_15"}, {"sign_id": "sign_A_12", "match_sign_id": "sign_B_15"}]}