{"group": [{"pic_list": ["20598910020400006578", "20598910020400006579", "20598910020400006580", "20598910020400006497"], "seq_id": "A"}, {"pic_list": ["18558604090300026207", "18558604090300026208", "18558604090300026209", "18558604090300026210"], "seq_id": "B"}], "signs": [{"pic_id": "20598910020400006579", "x": 311, "y": 304, "w": 10, "h": 14, "type": "301", "sign_id": "sign_A_1"}, {"pic_id": "20598910020400006580", "x": 218, "y": 258, "w": 15, "h": 19, "type": "301", "sign_id": "sign_A_2"}, {"pic_id": "20598910020400006497", "x": 18, "y": 167, "w": 23, "h": 29, "type": "301", "sign_id": "sign_A_3"}, {"pic_id": "18558604090300026207", "x": 540, "y": 368, "w": 8, "h": 10, "type": "301", "sign_id": "sign_B_1"}, {"pic_id": "18558604090300026208", "x": 487, "y": 345, "w": 10, "h": 13, "type": "301", "sign_id": "sign_B_2"}, {"pic_id": "18558604090300026209", "x": 383, "y": 304, "w": 12, "h": 14, "type": "301", "sign_id": "sign_B_3"}, {"pic_id": "18558604090300026210", "x": 271, "y": 259, "w": 19, "h": 21, "type": "301", "sign_id": "sign_B_4"}], "match": [{"sign_id": "sign_A_1", "match_sign_id": "sign_B_4"}, {"sign_id": "sign_A_1", "match_sign_id": "sign_B_3"}, {"sign_id": "sign_A_1", "match_sign_id": "sign_B_1"}, {"sign_id": "sign_A_1", "match_sign_id": "sign_B_2"}, {"sign_id": "sign_A_2", "match_sign_id": "sign_B_4"}, {"sign_id": "sign_A_2", "match_sign_id": "sign_B_3"}, {"sign_id": "sign_A_2", "match_sign_id": "sign_B_1"}, {"sign_id": "sign_A_2", "match_sign_id": "sign_B_2"}, {"sign_id": "sign_A_3", "match_sign_id": "sign_B_2"}, {"sign_id": "sign_A_3", "match_sign_id": "sign_B_3"}, {"sign_id": "sign_A_3", "match_sign_id": "sign_B_4"}, {"sign_id": "sign_A_3", "match_sign_id": "sign_B_1"}]}