{"group": [{"pic_list": ["20599579040400007388", "20599579040400007389", "20599579040400007390", "20599579040400007391", "20599579040400007392", "20599579040400007393"], "seq_id": "A"}, {"pic_list": ["18558169073000002204", "18558169073000002205", "18558169073000002206", "18558169073000002207", "18558169073000002208", "18558169073000002209", "18558169073000002210"], "seq_id": "B"}], "signs": [{"pic_id": "20599579040400007390", "x": 503, "y": 281, "w": 13, "h": 13, "type": "108", "sign_id": "sign_A_1"}, {"pic_id": "20599579040400007390", "x": 409, "y": 282, "w": 13, "h": 12, "type": "108", "sign_id": "sign_A_2"}, {"pic_id": "20599579040400007390", "x": 592, "y": 280, "w": 13, "h": 13, "type": "108", "sign_id": "sign_A_3"}, {"pic_id": "20599579040400007391", "x": 444, "y": 235, "w": 18, "h": 19, "type": "108", "sign_id": "sign_A_4"}, {"pic_id": "20599579040400007391", "x": 573, "y": 234, "w": 17, "h": 18, "type": "108", "sign_id": "sign_A_5"}, {"pic_id": "20599579040400007391", "x": 307, "y": 235, "w": 18, "h": 19, "type": "108", "sign_id": "sign_A_6"}, {"pic_id": "20599579040400007392", "x": 296, "y": 120, "w": 32, "h": 32, "type": "108", "sign_id": "sign_A_7"}, {"pic_id": "20599579040400007392", "x": 525, "y": 118, "w": 32, "h": 33, "type": "108", "sign_id": "sign_A_8"}, {"pic_id": "20599579040400007392", "x": 60, "y": 124, "w": 32, "h": 32, "type": "108", "sign_id": "sign_A_9"}], "match": [{"sign_id": "sign_A_1", "match_sign_id": " "}, {"sign_id": "sign_A_2", "match_sign_id": " "}, {"sign_id": "sign_A_3", "match_sign_id": " "}, {"sign_id": "sign_A_4", "match_sign_id": " "}, {"sign_id": "sign_A_5", "match_sign_id": " "}, {"sign_id": "sign_A_6", "match_sign_id": " "}, {"sign_id": "sign_A_7", "match_sign_id": " "}, {"sign_id": "sign_A_8", "match_sign_id": " "}, {"sign_id": "sign_A_9", "match_sign_id": " "}]}