{"group": [{"pic_list": ["20599376031000002540", "20599376031000002541", "20599376031000002542", "20599376031000002543", "20599376031000002544"], "seq_id": "A"}, {"pic_list": ["18553409010500026212", "18553409010500026213", "18553409010500026214", "18553409010500026215", "18553409010500026216", "18553409010500026217"], "seq_id": "B"}], "signs": [{"pic_id": "20599376031000002540", "x": 835, "y": 344, "w": 8, "h": 10, "type": "301", "sign_id": "sign_A_1"}, {"pic_id": "20599376031000002541", "x": 1072, "y": 220, "w": 14, "h": 20, "type": "301", "sign_id": "sign_A_2"}, {"pic_id": "20599376031000002542", "x": 734, "y": 411, "w": 15, "h": 16, "type": "106", "sign_id": "sign_A_3"}, {"pic_id": "20599376031000002543", "x": 850, "y": 383, "w": 24, "h": 24, "type": "106", "sign_id": "sign_A_4"}, {"pic_id": "20599376031000002544", "x": 260, "y": 462, "w": 17, "h": 18, "type": "103", "sign_id": "sign_A_5"}, {"pic_id": "18553409010500026212", "x": 809, "y": 209, "w": 11, "h": 14, "type": "301", "sign_id": "sign_B_1"}, {"pic_id": "18553409010500026214", "x": 652, "y": 308, "w": 17, "h": 18, "type": "106", "sign_id": "sign_B_2"}, {"pic_id": "18553409010500026215", "x": 728, "y": 272, "w": 27, "h": 28, "type": "106", "sign_id": "sign_B_3"}, {"pic_id": "18553409010500026216", "x": 1084, "y": 76, "w": 69, "h": 75, "type": "106", "sign_id": "sign_B_4"}], "match": [{"sign_id": "sign_A_1", "match_sign_id": "sign_B_1"}, {"sign_id": "sign_A_2", "match_sign_id": "sign_B_1"}, {"sign_id": "sign_A_3", "match_sign_id": "sign_B_2"}, {"sign_id": "sign_A_3", "match_sign_id": "sign_B_3"}, {"sign_id": "sign_A_3", "match_sign_id": "sign_B_4"}, {"sign_id": "sign_A_4", "match_sign_id": "sign_B_2"}, {"sign_id": "sign_A_4", "match_sign_id": "sign_B_4"}, {"sign_id": "sign_A_4", "match_sign_id": "sign_B_3"}]}