{"group": [{"pic_list": ["20599556033000004087", "20599556033000004088", "20599556033000004089"], "seq_id": "A"}, {"pic_list": ["18558291080800022214", "18558291080800023367", "18558291080800023368"], "seq_id": "B"}], "signs": [{"pic_id": "20599556033000004087", "x": 1007, "y": 227, "w": 63, "h": 62, "type": "104", "sign_id": "sign_A_1"}, {"pic_id": "20599556033000004087", "x": 254, "y": 387, "w": 22, "h": 30, "type": "301", "sign_id": "sign_A_2"}, {"pic_id": "20599556033000004087", "x": 962, "y": 320, "w": 24, "h": 34, "type": "301", "sign_id": "sign_A_3"}, {"pic_id": "20599556033000004088", "x": 1015, "y": 75, "w": 39, "h": 53, "type": "301", "sign_id": "sign_A_4"}, {"pic_id": "20599556033000004088", "x": 1221, "y": 524, "w": 9, "h": 13, "type": "301", "sign_id": "sign_A_5"}, {"pic_id": "18558291080800022214", "x": 632, "y": 96, "w": 40, "h": 41, "type": "104", "sign_id": "sign_B_1"}, {"pic_id": "18558291080800022214", "x": 126, "y": 167, "w": 18, "h": 23, "type": "301", "sign_id": "sign_B_2"}, {"pic_id": "18558291080800022214", "x": 601, "y": 156, "w": 15, "h": 21, "type": "301", "sign_id": "sign_B_3"}, {"pic_id": "18558291080800023367", "x": 623, "y": 0, "w": 56, "h": 49, "type": "104", "sign_id": "sign_B_4"}, {"pic_id": "18558291080800023367", "x": 582, "y": 74, "w": 20, "h": 29, "type": "301", "sign_id": "sign_B_5"}], "match": [{"sign_id": "sign_A_1", "match_sign_id": "sign_B_1"}, {"sign_id": "sign_A_1", "match_sign_id": "sign_B_4"}, {"sign_id": "sign_A_2", "match_sign_id": "sign_B_2"}, {"sign_id": "sign_A_3", "match_sign_id": "sign_B_5"}, {"sign_id": "sign_A_3", "match_sign_id": "sign_B_3"}, {"sign_id": "sign_A_4", "match_sign_id": "sign_B_5"}, {"sign_id": "sign_A_4", "match_sign_id": "sign_B_3"}, {"sign_id": "sign_A_5", "match_sign_id": "sign_B_3"}]}