{"group": [{"pic_list": ["19592936120700004951", "19592936120700004952", "19592936120700004963"], "seq_id": "A"}, {"pic_list": ["18558645090600021134", "18558645090600021135", "18558645090600021136"], "seq_id": "B"}], "signs": [{"pic_id": "19592936120700004951", "x": 1121, "y": 80, "w": 62, "h": 56, "type": "104", "sign_id": "sign_A_1"}, {"pic_id": "19592936120700004951", "x": 1065, "y": 71, "w": 25, "h": 33, "type": "301", "sign_id": "sign_A_2"}, {"pic_id": "18558645090600021134", "x": 1031, "y": 218, "w": 22, "h": 22, "type": "104", "sign_id": "sign_B_1"}], "match": [{"sign_id": "sign_A_1", "match_sign_id": "sign_B_1"}, {"sign_id": "sign_A_2", "match_sign_id": " "}]}