{"group": [{"pic_list": ["19595433122000004959", "19595433122000005477", "19595433122000005478", "19595433122000005479", "19595433122000005480", "19595433122000005481", "19595433122000005482"], "seq_id": "A"}, {"pic_list": ["18558681091000055868", "18558681091000055869", "18558681091000055870", "18558681091000055871", "18558681091000055872", "18558681091000055873", "18558681091000055874", "18558681091000055875", "18558681091000055876", "18558681091000055877", "18558681091000055878", "18558681091000055879", "18558681091000055880"], "seq_id": "B"}], "signs": [{"pic_id": "19595433122000005477", "x": 606, "y": 268, "w": 7, "h": 9, "type": "301", "sign_id": "sign_A_1"}, {"pic_id": "19595433122000005478", "x": 598, "y": 236, "w": 7, "h": 10, "type": "301", "sign_id": "sign_A_2"}, {"pic_id": "19595433122000005479", "x": 540, "y": 25, "w": 18, "h": 24, "type": "301", "sign_id": "sign_A_3"}, {"pic_id": "18558681091000055868", "x": 597, "y": 280, "w": 6, "h": 7, "type": "301", "sign_id": "sign_B_1"}, {"pic_id": "18558681091000055869", "x": 593, "y": 274, "w": 6, "h": 8, "type": "301", "sign_id": "sign_B_2"}, {"pic_id": "18558681091000055870", "x": 588, "y": 264, "w": 7, "h": 8, "type": "301", "sign_id": "sign_B_3"}, {"pic_id": "18558681091000055871", "x": 581, "y": 246, "w": 7, "h": 9, "type": "301", "sign_id": "sign_B_4"}, {"pic_id": "18558681091000055872", "x": 574, "y": 224, "w": 8, "h": 11, "type": "301", "sign_id": "sign_B_5"}, {"pic_id": "18558681091000055873", "x": 577, "y": 178, "w": 10, "h": 13, "type": "301", "sign_id": "sign_B_6"}, {"pic_id": "18558681091000055874", "x": 577, "y": 138, "w": 11, "h": 16, "type": "301", "sign_id": "sign_B_7"}, {"pic_id": "18558681091000055875", "x": 564, "y": 45, "w": 17, "h": 23, "type": "301", "sign_id": "sign_B_8"}], "match": [{"sign_id": "sign_A_1", "match_sign_id": "sign_B_1"}, {"sign_id": "sign_A_1", "match_sign_id": "sign_B_2"}, {"sign_id": "sign_A_1", "match_sign_id": "sign_B_3"}, {"sign_id": "sign_A_1", "match_sign_id": "sign_B_4"}, {"sign_id": "sign_A_1", "match_sign_id": "sign_B_5"}, {"sign_id": "sign_A_1", "match_sign_id": "sign_B_6"}, {"sign_id": "sign_A_1", "match_sign_id": "sign_B_8"}, {"sign_id": "sign_A_1", "match_sign_id": "sign_B_7"}, {"sign_id": "sign_A_2", "match_sign_id": "sign_B_6"}, {"sign_id": "sign_A_2", "match_sign_id": "sign_B_5"}, {"sign_id": "sign_A_2", "match_sign_id": "sign_B_7"}, {"sign_id": "sign_A_2", "match_sign_id": "sign_B_8"}, {"sign_id": "sign_A_2", "match_sign_id": "sign_B_4"}, {"sign_id": "sign_A_2", "match_sign_id": "sign_B_2"}, {"sign_id": "sign_A_2", "match_sign_id": "sign_B_3"}, {"sign_id": "sign_A_2", "match_sign_id": "sign_B_1"}, {"sign_id": "sign_A_3", "match_sign_id": "sign_B_8"}, {"sign_id": "sign_A_3", "match_sign_id": "sign_B_7"}, {"sign_id": "sign_A_3", "match_sign_id": "sign_B_6"}, {"sign_id": "sign_A_3", "match_sign_id": "sign_B_5"}, {"sign_id": "sign_A_3", "match_sign_id": "sign_B_4"}, {"sign_id": "sign_A_3", "match_sign_id": "sign_B_2"}, {"sign_id": "sign_A_3", "match_sign_id": "sign_B_1"}, {"sign_id": "sign_A_3", "match_sign_id": "sign_B_3"}]}