{"group": [{"pic_list": ["20599013021800000546", "20599013021800000654", "20599013021800000655"], "seq_id": "A"}, {"pic_list": ["18559208101200053388", "18559208101200053389", "18559208101200053390", "18559208101200053391"], "seq_id": "B"}], "signs": [{"pic_id": "20599013021800000546", "x": 375, "y": 362, "w": 9, "h": 11, "type": "301", "sign_id": "sign_A_1"}, {"pic_id": "20599013021800000546", "x": 741, "y": 359, "w": 7, "h": 9, "type": "301", "sign_id": "sign_A_2"}, {"pic_id": "20599013021800000654", "x": 319, "y": 332, "w": 10, "h": 12, "type": "301", "sign_id": "sign_A_3"}, {"pic_id": "20599013021800000654", "x": 776, "y": 330, "w": 9, "h": 12, "type": "301", "sign_id": "sign_A_4"}, {"pic_id": "20599013021800000655", "x": 231, "y": 298, "w": 12, "h": 15, "type": "301", "sign_id": "sign_A_5"}, {"pic_id": "20599013021800000655", "x": 848, "y": 288, "w": 11, "h": 16, "type": "301", "sign_id": "sign_A_6"}, {"pic_id": "18559208101200053388", "x": 348, "y": 343, "w": 8, "h": 10, "type": "301", "sign_id": "sign_B_1"}, {"pic_id": "18559208101200053389", "x": 287, "y": 325, "w": 10, "h": 12, "type": "301", "sign_id": "sign_B_2"}, {"pic_id": "18559208101200053390", "x": 194, "y": 291, "w": 12, "h": 15, "type": "301", "sign_id": "sign_B_3"}, {"pic_id": "18559208101200053391", "x": 787, "y": 223, "w": 16, "h": 21, "type": "301", "sign_id": "sign_B_4"}, {"pic_id": "18559208101200053391", "x": 18, "y": 238, "w": 16, "h": 20, "type": "301", "sign_id": "sign_B_5"}], "match": [{"sign_id": "sign_A_1", "match_sign_id": "sign_B_3"}, {"sign_id": "sign_A_1", "match_sign_id": "sign_B_5"}, {"sign_id": "sign_A_1", "match_sign_id": "sign_B_1"}, {"sign_id": "sign_A_1", "match_sign_id": "sign_B_2"}, {"sign_id": "sign_A_3", "match_sign_id": "sign_B_5"}, {"sign_id": "sign_A_3", "match_sign_id": "sign_B_3"}, {"sign_id": "sign_A_3", "match_sign_id": "sign_B_2"}, {"sign_id": "sign_A_3", "match_sign_id": "sign_B_1"}, {"sign_id": "sign_A_4", "match_sign_id": "sign_B_4"}, {"sign_id": "sign_A_5", "match_sign_id": "sign_B_3"}, {"sign_id": "sign_A_5", "match_sign_id": "sign_B_5"}, {"sign_id": "sign_A_5", "match_sign_id": "sign_B_2"}, {"sign_id": "sign_A_5", "match_sign_id": "sign_B_1"}, {"sign_id": "sign_A_6", "match_sign_id": "sign_B_4"}]}