{"group": [{"pic_list": ["20598074010600000895", "20598074010600000896", "20598074010600000897", "20598074010600000898", "20598074010600000899"], "seq_id": "A"}, {"pic_list": ["18558596090300037083", "18558596090300037084", "18558596090300037085", "18558596090300037086", "18558596090300037087"], "seq_id": "B"}], "signs": [{"pic_id": "20598074010600000895", "x": 519, "y": 275, "w": 7, "h": 9, "type": "301", "sign_id": "sign_A_1"}, {"pic_id": "20598074010600000896", "x": 527, "y": 252, "w": 7, "h": 9, "type": "301", "sign_id": "sign_A_2"}, {"pic_id": "20598074010600000897", "x": 538, "y": 214, "w": 9, "h": 12, "type": "301", "sign_id": "sign_A_3"}, {"pic_id": "20598074010600000898", "x": 564, "y": 138, "w": 12, "h": 15, "type": "301", "sign_id": "sign_A_4"}, {"pic_id": "18558596090300037083", "x": 599, "y": 304, "w": 7, "h": 9, "type": "301", "sign_id": "sign_B_1"}, {"pic_id": "18558596090300037083", "x": 291, "y": 314, "w": 7, "h": 8, "type": "301", "sign_id": "sign_B_2"}, {"pic_id": "18558596090300037084", "x": 202, "y": 285, "w": 9, "h": 10, "type": "301", "sign_id": "sign_B_3"}, {"pic_id": "18558596090300037084", "x": 598, "y": 282, "w": 7, "h": 10, "type": "301", "sign_id": "sign_B_4"}, {"pic_id": "18558596090300037085", "x": 599, "y": 255, "w": 9, "h": 12, "type": "301", "sign_id": "sign_B_5"}, {"pic_id": "18558596090300037085", "x": 51, "y": 245, "w": 12, "h": 13, "type": "301", "sign_id": "sign_B_6"}, {"pic_id": "18558596090300037086", "x": 610, "y": 209, "w": 11, "h": 13, "type": "301", "sign_id": "sign_B_7"}, {"pic_id": "18558596090300037087", "x": 640, "y": 115, "w": 15, "h": 20, "type": "301", "sign_id": "sign_B_8"}], "match": [{"sign_id": "sign_A_1", "match_sign_id": "sign_B_1"}, {"sign_id": "sign_A_1", "match_sign_id": "sign_B_4"}, {"sign_id": "sign_A_1", "match_sign_id": "sign_B_5"}, {"sign_id": "sign_A_1", "match_sign_id": "sign_B_8"}, {"sign_id": "sign_A_1", "match_sign_id": "sign_B_7"}, {"sign_id": "sign_A_1", "match_sign_id": "sign_B_6"}, {"sign_id": "sign_A_2", "match_sign_id": "sign_B_4"}, {"sign_id": "sign_A_2", "match_sign_id": "sign_B_8"}, {"sign_id": "sign_A_2", "match_sign_id": "sign_B_1"}, {"sign_id": "sign_A_2", "match_sign_id": "sign_B_5"}, {"sign_id": "sign_A_2", "match_sign_id": "sign_B_7"}, {"sign_id": "sign_A_3", "match_sign_id": "sign_B_4"}, {"sign_id": "sign_A_3", "match_sign_id": "sign_B_1"}, {"sign_id": "sign_A_3", "match_sign_id": "sign_B_5"}, {"sign_id": "sign_A_3", "match_sign_id": "sign_B_8"}, {"sign_id": "sign_A_3", "match_sign_id": "sign_B_7"}, {"sign_id": "sign_A_3", "match_sign_id": "sign_B_6"}, {"sign_id": "sign_A_4", "match_sign_id": "sign_B_4"}, {"sign_id": "sign_A_4", "match_sign_id": "sign_B_8"}, {"sign_id": "sign_A_4", "match_sign_id": "sign_B_5"}, {"sign_id": "sign_A_4", "match_sign_id": "sign_B_1"}, {"sign_id": "sign_A_4", "match_sign_id": "sign_B_7"}]}