{"group": [{"pic_list": ["19597382123000000498", "19597382123000000499", "19597382123000000500", "19597382123000000501", "19597382123000000502"], "seq_id": "A"}, {"pic_list": ["18558681091000055759", "18558681091000055760", "18558681091000055761", "18558681091000055762", "18558681091000055763", "18558681091000055764", "18558681091000055765", "18558681091000055766", "18558681091000055767"], "seq_id": "B"}], "signs": [{"pic_id": "19597382123000000498", "x": 270, "y": 92, "w": 29, "h": 35, "type": "301", "sign_id": "sign_A_1"}, {"pic_id": "19597382123000000499", "x": 712, "y": 263, "w": 9, "h": 12, "type": "301", "sign_id": "sign_A_2"}, {"pic_id": "19597382123000000500", "x": 748, "y": 248, "w": 9, "h": 13, "type": "301", "sign_id": "sign_A_3"}, {"pic_id": "19597382123000000500", "x": 842, "y": 295, "w": 12, "h": 14, "type": "301", "sign_id": "sign_A_4"}, {"pic_id": "19597382123000000501", "x": 749, "y": 222, "w": 11, "h": 16, "type": "301", "sign_id": "sign_A_5"}, {"pic_id": "19597382123000000501", "x": 939, "y": 244, "w": 16, "h": 18, "type": "301", "sign_id": "sign_A_6"}, {"pic_id": "19597382123000000502", "x": 1051, "y": 107, "w": 25, "h": 29, "type": "301", "sign_id": "sign_A_7"}, {"pic_id": "19597382123000000502", "x": 694, "y": 156, "w": 13, "h": 19, "type": "301", "sign_id": "sign_A_8"}, {"pic_id": "18558681091000055760", "x": 605, "y": 314, "w": 8, "h": 12, "type": "301", "sign_id": "sign_B_1"}, {"pic_id": "18558681091000055761", "x": 620, "y": 288, "w": 9, "h": 11, "type": "301", "sign_id": "sign_B_2"}, {"pic_id": "18558681091000055763", "x": 524, "y": 166, "w": 16, "h": 20, "type": "301", "sign_id": "sign_B_3"}, {"pic_id": "18558681091000055765", "x": 910, "y": 147, "w": 9, "h": 13, "type": "301", "sign_id": "sign_B_4"}, {"pic_id": "18558681091000055766", "x": 1220, "y": 137, "w": 18, "h": 21, "type": "301", "sign_id": "sign_B_5"}, {"pic_id": "18558681091000055766", "x": 1024, "y": 109, "w": 12, "h": 15, "type": "301", "sign_id": "sign_B_6"}], "match": [{"sign_id": "sign_A_1", "match_sign_id": "sign_B_3"}, {"sign_id": "sign_A_1", "match_sign_id": "sign_B_5"}, {"sign_id": "sign_A_1", "match_sign_id": "sign_B_2"}, {"sign_id": "sign_A_2", "match_sign_id": "sign_B_4"}, {"sign_id": "sign_A_2", "match_sign_id": "sign_B_6"}, {"sign_id": "sign_A_2", "match_sign_id": "sign_B_1"}, {"sign_id": "sign_A_3", "match_sign_id": "sign_B_4"}, {"sign_id": "sign_A_3", "match_sign_id": "sign_B_6"}, {"sign_id": "sign_A_3", "match_sign_id": "sign_B_3"}, {"sign_id": "sign_A_3", "match_sign_id": "sign_B_1"}, {"sign_id": "sign_A_4", "match_sign_id": "sign_B_5"}, {"sign_id": "sign_A_5", "match_sign_id": "sign_B_4"}, {"sign_id": "sign_A_5", "match_sign_id": "sign_B_6"}, {"sign_id": "sign_A_5", "match_sign_id": "sign_B_1"}, {"sign_id": "sign_A_5", "match_sign_id": "sign_B_3"}, {"sign_id": "sign_A_6", "match_sign_id": "sign_B_5"}, {"sign_id": "sign_A_6", "match_sign_id": "sign_B_3"}, {"sign_id": "sign_A_6", "match_sign_id": "sign_B_4"}, {"sign_id": "sign_A_7", "match_sign_id": "sign_B_5"}, {"sign_id": "sign_A_7", "match_sign_id": "sign_B_1"}, {"sign_id": "sign_A_7", "match_sign_id": "sign_B_3"}, {"sign_id": "sign_A_8", "match_sign_id": "sign_B_6"}, {"sign_id": "sign_A_8", "match_sign_id": "sign_B_4"}, {"sign_id": "sign_A_8", "match_sign_id": "sign_B_3"}, {"sign_id": "sign_A_8", "match_sign_id": "sign_B_1"}, {"sign_id": "sign_A_6", "match_sign_id": "sign_B_1"}, {"sign_id": "sign_A_1", "match_sign_id": "sign_B_1"}, {"sign_id": "sign_A_8", "match_sign_id": "sign_B_2"}, {"sign_id": "sign_A_2", "match_sign_id": "sign_B_2"}, {"sign_id": "sign_A_3", "match_sign_id": "sign_B_2"}, {"sign_id": "sign_A_5", "match_sign_id": "sign_B_2"}, {"sign_id": "sign_A_6", "match_sign_id": "sign_B_2"}, {"sign_id": "sign_A_7", "match_sign_id": "sign_B_2"}, {"sign_id": "sign_A_1", "match_sign_id": "sign_B_4"}, {"sign_id": "sign_A_1", "match_sign_id": "sign_B_6"}]}