{"group": [{"pic_list": ["19567933032200010918", "19567933032200010919", "19567933032200010920", "19567933032200010921", "19567933032200010922", "19567933032200010923", "19567933032200010924", "19567933032200010925"], "seq_id": "A"}, {"pic_list": ["18558179073100016083", "18558179073100016084", "18558179073100016085", "18558179073100016086", "18558179073100016087", "18558179073100016088", "18558179073100016089", "18558179073100016090", "18558179073100016091"], "seq_id": "B"}], "signs": [{"pic_id": "19567933032200010922", "x": 846, "y": 265, "w": 7, "h": 8, "type": "301", "sign_id": "sign_A_1"}, {"pic_id": "19567933032200010925", "x": 947, "y": 217, "w": 15, "h": 18, "type": "301", "sign_id": "sign_A_2"}, {"pic_id": "18558179073100016084", "x": 423, "y": 320, "w": 6, "h": 7, "type": "301", "sign_id": "sign_B_1"}, {"pic_id": "18558179073100016087", "x": 823, "y": 277, "w": 11, "h": 13, "type": "301", "sign_id": "sign_B_2"}, {"pic_id": "18558179073100016087", "x": 303, "y": 309, "w": 8, "h": 9, "type": "301", "sign_id": "sign_B_3"}, {"pic_id": "18558179073100016088", "x": 884, "y": 255, "w": 10, "h": 12, "type": "301", "sign_id": "sign_B_4"}, {"pic_id": "18558179073100016088", "x": 242, "y": 301, "w": 8, "h": 10, "type": "301", "sign_id": "sign_B_5"}, {"pic_id": "18558179073100016089", "x": 970, "y": 208, "w": 12, "h": 15, "type": "301", "sign_id": "sign_B_6"}, {"pic_id": "18558179073100016089", "x": 137, "y": 281, "w": 9, "h": 11, "type": "301", "sign_id": "sign_B_7"}, {"pic_id": "18558179073100016089", "x": 144, "y": 289, "w": 10, "h": 11, "type": "301", "sign_id": "sign_B_8"}, {"pic_id": "18558179073100016090", "x": 1204, "y": 96, "w": 21, "h": 27, "type": "301", "sign_id": "sign_B_9"}, {"pic_id": "18558179073100016090", "x": 11, "y": 274, "w": 14, "h": 17, "type": "301", "sign_id": "sign_B_10"}], "match": [{"sign_id": "sign_A_1", "match_sign_id": "sign_B_6"}, {"sign_id": "sign_A_1", "match_sign_id": "sign_B_4"}, {"sign_id": "sign_A_1", "match_sign_id": "sign_B_2"}, {"sign_id": "sign_A_1", "match_sign_id": "sign_B_9"}, {"sign_id": "sign_A_1", "match_sign_id": "sign_B_1"}, {"sign_id": "sign_A_2", "match_sign_id": "sign_B_2"}, {"sign_id": "sign_A_2", "match_sign_id": "sign_B_6"}, {"sign_id": "sign_A_2", "match_sign_id": "sign_B_9"}, {"sign_id": "sign_A_2", "match_sign_id": "sign_B_4"}, {"sign_id": "sign_A_2", "match_sign_id": "sign_B_5"}, {"sign_id": "sign_A_2", "match_sign_id": "sign_B_1"}]}