{"group": [{"pic_list": ["19594020121400004627", "19594020121400004628", "19594020121400004629", "19594020121400004630"], "seq_id": "A"}, {"pic_list": ["18559440102500012171", "18559440102500012172", "18559440102500012173", "18559440102500012174", "18559440102500012175"], "seq_id": "B"}], "signs": [{"pic_id": "19594020121400004627", "x": 434, "y": 87, "w": 16, "h": 22, "type": "301", "sign_id": "sign_A_1"}, {"pic_id": "19594020121400004628", "x": 400, "y": 0, "w": 21, "h": 20, "type": "301", "sign_id": "sign_A_2"}, {"pic_id": "19594020121400004629", "x": 117, "y": 177, "w": 24, "h": 27, "type": "106", "sign_id": "sign_A_3"}, {"pic_id": "19594020121400004630", "x": 174, "y": 114, "w": 34, "h": 38, "type": "106", "sign_id": "sign_A_4"}], "match": [{"sign_id": "sign_A_1", "match_sign_id": " "}, {"sign_id": "sign_A_2", "match_sign_id": " "}, {"sign_id": "sign_A_3", "match_sign_id": " "}, {"sign_id": "sign_A_4", "match_sign_id": " "}]}