{"group": [{"pic_list": ["19596629122600002393", "19596629122600002394", "19596629122600002395", "19596629122600002396", "19596629122600002397"], "seq_id": "A"}, {"pic_list": ["18558536082900033964", "18558536082900033965", "18558536082900033966", "18558536082900033967"], "seq_id": "B"}], "signs": [{"pic_id": "19596629122600002393", "x": 884, "y": 554, "w": 8, "h": 10, "type": "301", "sign_id": "sign_A_1"}, {"pic_id": "19596629122600002394", "x": 904, "y": 555, "w": 7, "h": 9, "type": "301", "sign_id": "sign_A_2"}, {"pic_id": "19596629122600002395", "x": 942, "y": 542, "w": 8, "h": 11, "type": "301", "sign_id": "sign_A_3"}, {"pic_id": "19596629122600002396", "x": 976, "y": 529, "w": 10, "h": 15, "type": "301", "sign_id": "sign_A_4"}, {"pic_id": "19596629122600002397", "x": 1068, "y": 475, "w": 16, "h": 21, "type": "301", "sign_id": "sign_A_5"}], "match": [{"sign_id": "sign_A_1", "match_sign_id": " "}, {"sign_id": "sign_A_2", "match_sign_id": " "}, {"sign_id": "sign_A_3", "match_sign_id": " "}, {"sign_id": "sign_A_4", "match_sign_id": " "}, {"sign_id": "sign_A_5", "match_sign_id": " "}]}