{"group": [{"pic_list": ["19582672082100011394", "19582672082100011852", "19582672082100011853"], "seq_id": "A"}, {"pic_list": ["18557733071700014664", "18557733071700014665"], "seq_id": "B"}], "signs": [{"pic_id": "19582672082100011852", "x": 339, "y": 207, "w": 19, "h": 25, "type": "301", "sign_id": "sign_A_1"}, {"pic_id": "19582672082100011852", "x": 807, "y": 175, "w": 17, "h": 23, "type": "301", "sign_id": "sign_A_2"}, {"pic_id": "19582672082100011853", "x": 801, "y": 25, "w": 24, "h": 33, "type": "301", "sign_id": "sign_A_3"}], "match": [{"sign_id": "sign_A_1", "match_sign_id": " "}, {"sign_id": "sign_A_2", "match_sign_id": " "}, {"sign_id": "sign_A_3", "match_sign_id": " "}]}