{"group": [{"pic_list": ["20598229010900004567", "20598229010900004656", "20598229010900004657", "20598229010900004658"], "seq_id": "A"}, {"pic_list": ["18559207101300041666", "18559207101300041667", "18559207101300041668", "18559207101300041669", "18559207101300041670"], "seq_id": "B"}], "signs": [{"pic_id": "20598229010900004567", "x": 184, "y": 357, "w": 21, "h": 21, "type": "103", "sign_id": "sign_A_1"}, {"pic_id": "20598229010900004567", "x": 281, "y": 372, "w": 11, "h": 13, "type": "301", "sign_id": "sign_A_2"}, {"pic_id": "20598229010900004656", "x": 488, "y": 316, "w": 29, "h": 28, "type": "103", "sign_id": "sign_A_3"}, {"pic_id": "20598229010900004656", "x": 616, "y": 339, "w": 15, "h": 16, "type": "301", "sign_id": "sign_A_4"}, {"pic_id": "18559207101300041666", "x": 686, "y": 353, "w": 16, "h": 17, "type": "301", "sign_id": "sign_B_1"}, {"pic_id": "18559207101300041667", "x": 907, "y": 315, "w": 24, "h": 22, "type": "301", "sign_id": "sign_B_2"}], "match": [{"sign_id": "sign_A_1", "match_sign_id": " "}, {"sign_id": "sign_A_2", "match_sign_id": "sign_B_2"}, {"sign_id": "sign_A_2", "match_sign_id": "sign_B_1"}, {"sign_id": "sign_A_3", "match_sign_id": " "}, {"sign_id": "sign_A_4", "match_sign_id": "sign_B_2"}, {"sign_id": "sign_A_4", "match_sign_id": "sign_B_1"}]}