{"group": [{"pic_list": ["19590979111600000668", "19590979111600000712", "19590979111600000713", "19590979111600000714", "19590979111600000715"], "seq_id": "A"}, {"pic_list": ["18558865091900044637", "18558865091900044638", "18558865091900044639", "18558865091900044640", "18558865091900044641", "18558865091900044642"], "seq_id": "B"}], "signs": [{"pic_id": "19590979111600000668", "x": 617, "y": 286, "w": 6, "h": 7, "type": "301", "sign_id": "sign_A_1"}, {"pic_id": "19590979111600000712", "x": 595, "y": 280, "w": 6, "h": 7, "type": "301", "sign_id": "sign_A_2"}, {"pic_id": "19590979111600000713", "x": 1247, "y": 254, "w": 13, "h": 17, "type": "301", "sign_id": "sign_A_3"}, {"pic_id": "19590979111600000713", "x": 577, "y": 268, "w": 6, "h": 8, "type": "301", "sign_id": "sign_A_4"}, {"pic_id": "19590979111600000713", "x": 745, "y": 276, "w": 8, "h": 9, "type": "301", "sign_id": "sign_A_5"}, {"pic_id": "19590979111600000714", "x": 790, "y": 240, "w": 12, "h": 13, "type": "301", "sign_id": "sign_A_6"}, {"pic_id": "19590979111600000714", "x": 561, "y": 250, "w": 7, "h": 10, "type": "301", "sign_id": "sign_A_7"}, {"pic_id": "19590979111600000715", "x": 917, "y": 150, "w": 17, "h": 19, "type": "301", "sign_id": "sign_A_8"}, {"pic_id": "19590979111600000715", "x": 950, "y": 127, "w": 19, "h": 20, "type": "301", "sign_id": "sign_A_9"}, {"pic_id": "19590979111600000715", "x": 540, "y": 224, "w": 8, "h": 10, "type": "301", "sign_id": "sign_A_10"}, {"pic_id": "18558865091900044637", "x": 210, "y": 370, "w": 7, "h": 8, "type": "301", "sign_id": "sign_B_1"}, {"pic_id": "18558865091900044638", "x": 583, "y": 392, "w": 7, "h": 7, "type": "301", "sign_id": "sign_B_2"}, {"pic_id": "18558865091900044639", "x": 521, "y": 367, "w": 6, "h": 8, "type": "301", "sign_id": "sign_B_3"}, {"pic_id": "18558865091900044639", "x": 674, "y": 386, "w": 7, "h": 7, "type": "301", "sign_id": "sign_B_4"}, {"pic_id": "18558865091900044640", "x": 553, "y": 363, "w": 7, "h": 9, "type": "301", "sign_id": "sign_B_5"}, {"pic_id": "18558865091900044640", "x": 732, "y": 378, "w": 8, "h": 8, "type": "301", "sign_id": "sign_B_6"}, {"pic_id": "18558865091900044641", "x": 799, "y": 350, "w": 10, "h": 12, "type": "301", "sign_id": "sign_B_7"}, {"pic_id": "18558865091900044641", "x": 565, "y": 349, "w": 7, "h": 8, "type": "301", "sign_id": "sign_B_8"}, {"pic_id": "18558865091900044641", "x": 811, "y": 344, "w": 9, "h": 10, "type": "301", "sign_id": "sign_B_9"}, {"pic_id": "18558865091900044642", "x": 923, "y": 297, "w": 13, "h": 15, "type": "301", "sign_id": "sign_B_10"}, {"pic_id": "18558865091900044642", "x": 900, "y": 309, "w": 14, "h": 16, "type": "301", "sign_id": "sign_B_11"}, {"pic_id": "18558865091900044642", "x": 580, "y": 333, "w": 7, "h": 9, "type": "301", "sign_id": "sign_B_12"}], "match": [{"sign_id": "sign_A_1", "match_sign_id": "sign_B_3"}, {"sign_id": "sign_A_1", "match_sign_id": "sign_B_5"}, {"sign_id": "sign_A_1", "match_sign_id": "sign_B_8"}, {"sign_id": "sign_A_1", "match_sign_id": "sign_B_1"}, {"sign_id": "sign_A_1", "match_sign_id": "sign_B_12"}, {"sign_id": "sign_A_2", "match_sign_id": "sign_B_8"}, {"sign_id": "sign_A_2", "match_sign_id": "sign_B_3"}, {"sign_id": "sign_A_2", "match_sign_id": "sign_B_5"}, {"sign_id": "sign_A_2", "match_sign_id": "sign_B_1"}, {"sign_id": "sign_A_2", "match_sign_id": "sign_B_12"}, {"sign_id": "sign_A_3", "match_sign_id": "sign_B_12"}, {"sign_id": "sign_A_4", "match_sign_id": "sign_B_8"}, {"sign_id": "sign_A_4", "match_sign_id": "sign_B_3"}, {"sign_id": "sign_A_4", "match_sign_id": "sign_B_5"}, {"sign_id": "sign_A_4", "match_sign_id": "sign_B_1"}, {"sign_id": "sign_A_4", "match_sign_id": "sign_B_12"}, {"sign_id": "sign_A_5", "match_sign_id": "sign_B_9"}, {"sign_id": "sign_A_5", "match_sign_id": "sign_B_10"}, {"sign_id": "sign_A_5", "match_sign_id": "sign_B_7"}, {"sign_id": "sign_A_5", "match_sign_id": "sign_B_4"}, {"sign_id": "sign_A_5", "match_sign_id": "sign_B_6"}, {"sign_id": "sign_A_5", "match_sign_id": "sign_B_3"}, {"sign_id": "sign_A_5", "match_sign_id": "sign_B_2"}, {"sign_id": "sign_A_6", "match_sign_id": "sign_B_10"}, {"sign_id": "sign_A_6", "match_sign_id": "sign_B_9"}, {"sign_id": "sign_A_6", "match_sign_id": "sign_B_2"}, {"sign_id": "sign_A_6", "match_sign_id": "sign_B_6"}, {"sign_id": "sign_A_6", "match_sign_id": "sign_B_4"}, {"sign_id": "sign_A_7", "match_sign_id": "sign_B_8"}, {"sign_id": "sign_A_7", "match_sign_id": "sign_B_1"}, {"sign_id": "sign_A_7", "match_sign_id": "sign_B_3"}, {"sign_id": "sign_A_7", "match_sign_id": "sign_B_5"}, {"sign_id": "sign_A_7", "match_sign_id": "sign_B_12"}, {"sign_id": "sign_A_8", "match_sign_id": "sign_B_10"}, {"sign_id": "sign_A_8", "match_sign_id": "sign_B_9"}, {"sign_id": "sign_A_8", "match_sign_id": "sign_B_2"}, {"sign_id": "sign_A_8", "match_sign_id": "sign_B_6"}, {"sign_id": "sign_A_8", "match_sign_id": "sign_B_7"}, {"sign_id": "sign_A_8", "match_sign_id": "sign_B_4"}, {"sign_id": "sign_A_9", "match_sign_id": "sign_B_10"}, {"sign_id": "sign_A_9", "match_sign_id": "sign_B_9"}, {"sign_id": "sign_A_9", "match_sign_id": "sign_B_2"}, {"sign_id": "sign_A_9", "match_sign_id": "sign_B_6"}, {"sign_id": "sign_A_9", "match_sign_id": "sign_B_4"}, {"sign_id": "sign_A_10", "match_sign_id": "sign_B_12"}, {"sign_id": "sign_A_10", "match_sign_id": "sign_B_8"}, {"sign_id": "sign_A_10", "match_sign_id": "sign_B_5"}, {"sign_id": "sign_A_10", "match_sign_id": "sign_B_1"}]}