{"group": [{"pic_list": ["19587914101600012862", "19587914101600012863", "19587914101600012864", "19587914101600012865", "19587914101600012866", "19587914101600012867", "19587914101600012868", "19587914101600012869"], "seq_id": "A"}, {"pic_list": ["18559172101000001019", "18559172101000001020", "18559172101000001021", "18559172101000001022", "18559172101000001023", "18559172101000001024", "18559172101000001025", "18559172101000001026"], "seq_id": "B"}], "signs": [{"pic_id": "19587914101600012862", "x": 279, "y": 262, "w": 11, "h": 14, "type": "301", "sign_id": "sign_A_1"}, {"pic_id": "19587914101600012862", "x": 664, "y": 351, "w": 7, "h": 9, "type": "301", "sign_id": "sign_A_2"}, {"pic_id": "19587914101600012863", "x": 41, "y": 172, "w": 16, "h": 20, "type": "301", "sign_id": "sign_A_3"}, {"pic_id": "19587914101600012863", "x": 607, "y": 325, "w": 8, "h": 11, "type": "301", "sign_id": "sign_A_4"}, {"pic_id": "19587914101600012864", "x": 226, "y": 356, "w": 25, "h": 24, "type": "104", "sign_id": "sign_A_5"}, {"pic_id": "19587914101600012864", "x": 561, "y": 294, "w": 9, "h": 12, "type": "301", "sign_id": "sign_A_6"}, {"pic_id": "19587914101600012865", "x": 147, "y": 330, "w": 33, "h": 31, "type": "104", "sign_id": "sign_A_7"}, {"pic_id": "19587914101600012865", "x": 594, "y": 237, "w": 12, "h": 16, "type": "301", "sign_id": "sign_A_8"}, {"pic_id": "19587914101600012866", "x": 4, "y": 273, "w": 44, "h": 45, "type": "104", "sign_id": "sign_A_9"}, {"pic_id": "19587914101600012866", "x": 641, "y": 108, "w": 19, "h": 27, "type": "301", "sign_id": "sign_A_10"}, {"pic_id": "18559172101000001019", "x": 295, "y": 187, "w": 10, "h": 13, "type": "301", "sign_id": "sign_B_1"}, {"pic_id": "18559172101000001019", "x": 644, "y": 263, "w": 6, "h": 8, "type": "301", "sign_id": "sign_B_2"}, {"pic_id": "18559172101000001020", "x": 407, "y": 292, "w": 15, "h": 15, "type": "104", "sign_id": "sign_B_3"}, {"pic_id": "18559172101000001020", "x": 176, "y": 140, "w": 12, "h": 16, "type": "301", "sign_id": "sign_B_4"}, {"pic_id": "18559172101000001020", "x": 635, "y": 251, "w": 7, "h": 9, "type": "301", "sign_id": "sign_B_5"}, {"pic_id": "18559172101000001021", "x": 342, "y": 286, "w": 19, "h": 19, "type": "104", "sign_id": "sign_B_6"}, {"pic_id": "18559172101000001021", "x": 621, "y": 235, "w": 8, "h": 11, "type": "301", "sign_id": "sign_B_7"}, {"pic_id": "18559172101000001022", "x": 237, "y": 262, "w": 26, "h": 24, "type": "104", "sign_id": "sign_B_8"}, {"pic_id": "18559172101000001022", "x": 598, "y": 194, "w": 10, "h": 13, "type": "301", "sign_id": "sign_B_9"}, {"pic_id": "18559172101000001023", "x": 66, "y": 222, "w": 35, "h": 34, "type": "104", "sign_id": "sign_B_10"}, {"pic_id": "18559172101000001023", "x": 570, "y": 116, "w": 14, "h": 20, "type": "301", "sign_id": "sign_B_11"}], "match": [{"sign_id": "sign_A_1", "match_sign_id": "sign_B_4"}, {"sign_id": "sign_A_1", "match_sign_id": "sign_B_1"}, {"sign_id": "sign_A_2", "match_sign_id": "sign_B_5"}, {"sign_id": "sign_A_2", "match_sign_id": "sign_B_2"}, {"sign_id": "sign_A_2", "match_sign_id": "sign_B_7"}, {"sign_id": "sign_A_2", "match_sign_id": "sign_B_9"}, {"sign_id": "sign_A_2", "match_sign_id": "sign_B_11"}, {"sign_id": "sign_A_3", "match_sign_id": "sign_B_4"}, {"sign_id": "sign_A_4", "match_sign_id": "sign_B_7"}, {"sign_id": "sign_A_4", "match_sign_id": "sign_B_9"}, {"sign_id": "sign_A_4", "match_sign_id": "sign_B_5"}, {"sign_id": "sign_A_4", "match_sign_id": "sign_B_2"}, {"sign_id": "sign_A_4", "match_sign_id": "sign_B_11"}, {"sign_id": "sign_A_5", "match_sign_id": "sign_B_10"}, {"sign_id": "sign_A_5", "match_sign_id": "sign_B_8"}, {"sign_id": "sign_A_5", "match_sign_id": "sign_B_6"}, {"sign_id": "sign_A_5", "match_sign_id": "sign_B_3"}, {"sign_id": "sign_A_6", "match_sign_id": "sign_B_9"}, {"sign_id": "sign_A_6", "match_sign_id": "sign_B_5"}, {"sign_id": "sign_A_6", "match_sign_id": "sign_B_7"}, {"sign_id": "sign_A_6", "match_sign_id": "sign_B_11"}, {"sign_id": "sign_A_6", "match_sign_id": "sign_B_2"}, {"sign_id": "sign_A_7", "match_sign_id": "sign_B_10"}, {"sign_id": "sign_A_7", "match_sign_id": "sign_B_8"}, {"sign_id": "sign_A_7", "match_sign_id": "sign_B_6"}, {"sign_id": "sign_A_7", "match_sign_id": "sign_B_3"}, {"sign_id": "sign_A_8", "match_sign_id": "sign_B_11"}, {"sign_id": "sign_A_8", "match_sign_id": "sign_B_7"}, {"sign_id": "sign_A_8", "match_sign_id": "sign_B_9"}, {"sign_id": "sign_A_8", "match_sign_id": "sign_B_5"}, {"sign_id": "sign_A_8", "match_sign_id": "sign_B_1"}, {"sign_id": "sign_A_8", "match_sign_id": "sign_B_2"}, {"sign_id": "sign_A_9", "match_sign_id": "sign_B_10"}, {"sign_id": "sign_A_9", "match_sign_id": "sign_B_8"}, {"sign_id": "sign_A_9", "match_sign_id": "sign_B_6"}, {"sign_id": "sign_A_9", "match_sign_id": "sign_B_3"}, {"sign_id": "sign_A_10", "match_sign_id": "sign_B_11"}, {"sign_id": "sign_A_10", "match_sign_id": "sign_B_7"}, {"sign_id": "sign_A_10", "match_sign_id": "sign_B_9"}, {"sign_id": "sign_A_10", "match_sign_id": "sign_B_4"}, {"sign_id": "sign_A_10", "match_sign_id": "sign_B_1"}, {"sign_id": "sign_A_10", "match_sign_id": "sign_B_5"}, {"sign_id": "sign_A_10", "match_sign_id": "sign_B_2"}, {"sign_id": "sign_A_8", "match_sign_id": "sign_B_4"}]}