{"group": [{"pic_list": ["19594020121400004030", "19594020121400004031", "19594020121400004032", "19594020121400004033", "19594020121400004034", "19594020121400004035", "19594020121400004036"], "seq_id": "A"}, {"pic_list": ["18558600090300035841", "18558600090300035842", "18558600090300035843", "18558600090300035844", "18558600090300035845", "18558600090300035846"], "seq_id": "B"}], "signs": [{"pic_id": "19594020121400004030", "x": 410, "y": 187, "w": 7, "h": 10, "type": "301", "sign_id": "sign_A_1"}, {"pic_id": "19594020121400004031", "x": 380, "y": 156, "w": 9, "h": 12, "type": "301", "sign_id": "sign_A_2"}, {"pic_id": "19594020121400004032", "x": 298, "y": 84, "w": 12, "h": 16, "type": "301", "sign_id": "sign_A_3"}, {"pic_id": "19594020121400004033", "x": 246, "y": 24, "w": 14, "h": 20, "type": "301", "sign_id": "sign_A_4"}, {"pic_id": "18558600090300035841", "x": 399, "y": 207, "w": 8, "h": 11, "type": "301", "sign_id": "sign_B_1"}, {"pic_id": "18558600090300035842", "x": 366, "y": 176, "w": 9, "h": 12, "type": "301", "sign_id": "sign_B_2"}, {"pic_id": "18558600090300035843", "x": 317, "y": 121, "w": 11, "h": 14, "type": "301", "sign_id": "sign_B_3"}, {"pic_id": "18558600090300035844", "x": 207, "y": 13, "w": 17, "h": 22, "type": "301", "sign_id": "sign_B_4"}], "match": [{"sign_id": "sign_A_1", "match_sign_id": "sign_B_2"}, {"sign_id": "sign_A_1", "match_sign_id": "sign_B_3"}, {"sign_id": "sign_A_1", "match_sign_id": "sign_B_1"}, {"sign_id": "sign_A_1", "match_sign_id": "sign_B_4"}, {"sign_id": "sign_A_2", "match_sign_id": "sign_B_2"}, {"sign_id": "sign_A_2", "match_sign_id": "sign_B_1"}, {"sign_id": "sign_A_2", "match_sign_id": "sign_B_3"}, {"sign_id": "sign_A_2", "match_sign_id": "sign_B_4"}, {"sign_id": "sign_A_3", "match_sign_id": "sign_B_2"}, {"sign_id": "sign_A_3", "match_sign_id": "sign_B_1"}, {"sign_id": "sign_A_3", "match_sign_id": "sign_B_3"}, {"sign_id": "sign_A_3", "match_sign_id": "sign_B_4"}, {"sign_id": "sign_A_4", "match_sign_id": "sign_B_2"}, {"sign_id": "sign_A_4", "match_sign_id": "sign_B_4"}, {"sign_id": "sign_A_4", "match_sign_id": "sign_B_1"}, {"sign_id": "sign_A_4", "match_sign_id": "sign_B_3"}]}