{"group": [{"pic_list": ["20599449031300001712", "20599449031300001713", "20599449031300001714"], "seq_id": "A"}, {"pic_list": ["18559018092800044127", "18559018092800044128", "18559018092800044129"], "seq_id": "B"}], "signs": [{"pic_id": "20599449031300001712", "x": 294, "y": 389, "w": 10, "h": 12, "type": "301", "sign_id": "sign_A_1"}, {"pic_id": "20599449031300001712", "x": 939, "y": 434, "w": 8, "h": 10, "type": "301", "sign_id": "sign_A_2"}, {"pic_id": "20599449031300001712", "x": 692, "y": 453, "w": 7, "h": 9, "type": "301", "sign_id": "sign_A_3"}, {"pic_id": "20599449031300001713", "x": 235, "y": 371, "w": 10, "h": 12, "type": "301", "sign_id": "sign_A_4"}, {"pic_id": "20599449031300001713", "x": 979, "y": 420, "w": 9, "h": 12, "type": "301", "sign_id": "sign_A_5"}, {"pic_id": "20599449031300001713", "x": 689, "y": 444, "w": 8, "h": 10, "type": "301", "sign_id": "sign_A_6"}, {"pic_id": "20599449031300001714", "x": 719, "y": 389, "w": 11, "h": 14, "type": "301", "sign_id": "sign_A_7"}, {"pic_id": "20599449031300001714", "x": 355, "y": 416, "w": 9, "h": 12, "type": "301", "sign_id": "sign_A_8"}, {"pic_id": "20599449031300001714", "x": 631, "y": 408, "w": 9, "h": 11, "type": "301", "sign_id": "sign_A_9"}, {"pic_id": "18559018092800044127", "x": 334, "y": 252, "w": 9, "h": 11, "type": "301", "sign_id": "sign_B_1"}, {"pic_id": "18559018092800044128", "x": 240, "y": 224, "w": 11, "h": 13, "type": "301", "sign_id": "sign_B_2"}, {"pic_id": "18559018092800044128", "x": 1058, "y": 268, "w": 12, "h": 14, "type": "301", "sign_id": "sign_B_3"}, {"pic_id": "18559018092800044129", "x": 945, "y": 251, "w": 12, "h": 16, "type": "301", "sign_id": "sign_B_4"}], "match": [{"sign_id": "sign_A_1", "match_sign_id": "sign_B_1"}, {"sign_id": "sign_A_1", "match_sign_id": "sign_B_2"}, {"sign_id": "sign_A_2", "match_sign_id": "sign_B_4"}, {"sign_id": "sign_A_2", "match_sign_id": "sign_B_3"}, {"sign_id": "sign_A_3", "match_sign_id": "sign_B_2"}, {"sign_id": "sign_A_4", "match_sign_id": "sign_B_1"}, {"sign_id": "sign_A_4", "match_sign_id": "sign_B_2"}, {"sign_id": "sign_A_5", "match_sign_id": "sign_B_4"}, {"sign_id": "sign_A_5", "match_sign_id": "sign_B_3"}, {"sign_id": "sign_A_6", "match_sign_id": "sign_B_2"}, {"sign_id": "sign_A_7", "match_sign_id": "sign_B_4"}, {"sign_id": "sign_A_7", "match_sign_id": "sign_B_3"}, {"sign_id": "sign_A_8", "match_sign_id": "sign_B_1"}, {"sign_id": "sign_A_8", "match_sign_id": "sign_B_2"}, {"sign_id": "sign_A_9", "match_sign_id": "sign_B_1"}, {"sign_id": "sign_A_9", "match_sign_id": "sign_B_2"}]}