{"group": [{"pic_list": ["19587290101100008874", "19587290101100008875", "19587290101100008876", "19587290101100008877", "19587290101100008878", "19587290101100008879"], "seq_id": "A"}, {"pic_list": ["18559612110300007745", "18559612110300007746", "18559612110300007747", "18559612110300007748"], "seq_id": "B"}], "signs": [{"pic_id": "19587290101100008874", "x": 460, "y": 290, "w": 9, "h": 11, "type": "301", "sign_id": "sign_A_1"}, {"pic_id": "19587290101100008875", "x": 428, "y": 273, "w": 10, "h": 14, "type": "301", "sign_id": "sign_A_2"}, {"pic_id": "19587290101100008876", "x": 380, "y": 205, "w": 13, "h": 17, "type": "301", "sign_id": "sign_A_3"}, {"pic_id": "19587290101100008877", "x": 284, "y": 157, "w": 18, "h": 25, "type": "301", "sign_id": "sign_A_4"}, {"pic_id": "18559612110300007745", "x": 100, "y": 207, "w": 13, "h": 17, "type": "301", "sign_id": "sign_B_1"}, {"pic_id": "18559612110300007746", "x": 128, "y": 142, "w": 17, "h": 22, "type": "301", "sign_id": "sign_B_2"}, {"pic_id": "18559612110300007747", "x": 131, "y": 38, "w": 27, "h": 33, "type": "301", "sign_id": "sign_B_3"}], "match": [{"sign_id": "sign_A_1", "match_sign_id": "sign_B_1"}, {"sign_id": "sign_A_1", "match_sign_id": "sign_B_2"}, {"sign_id": "sign_A_1", "match_sign_id": "sign_B_3"}, {"sign_id": "sign_A_2", "match_sign_id": "sign_B_1"}, {"sign_id": "sign_A_2", "match_sign_id": "sign_B_2"}, {"sign_id": "sign_A_2", "match_sign_id": "sign_B_3"}, {"sign_id": "sign_A_3", "match_sign_id": "sign_B_1"}, {"sign_id": "sign_A_3", "match_sign_id": "sign_B_2"}, {"sign_id": "sign_A_3", "match_sign_id": "sign_B_3"}, {"sign_id": "sign_A_4", "match_sign_id": "sign_B_2"}, {"sign_id": "sign_A_4", "match_sign_id": "sign_B_1"}, {"sign_id": "sign_A_4", "match_sign_id": "sign_B_3"}]}