{"group": [{"pic_list": ["20598810012700004717", "20598810012700004718", "20598810012700004719", "20598810012700004720", "20598810012700004721"], "seq_id": "A"}, {"pic_list": ["18558789091300044626", "18558789091300044627", "18558789091300044628", "18558789091300041686", "18558789091300041687", "18558789091300041688"], "seq_id": "B"}], "signs": [{"pic_id": "20598810012700004717", "x": 396, "y": 301, "w": 20, "h": 19, "type": "106", "sign_id": "sign_A_1"}, {"pic_id": "20598810012700004717", "x": 792, "y": 301, "w": 21, "h": 20, "type": "106", "sign_id": "sign_A_2"}, {"pic_id": "20598810012700004717", "x": 699, "y": 143, "w": 13, "h": 16, "type": "301", "sign_id": "sign_A_3"}, {"pic_id": "20598810012700004717", "x": 629, "y": 324, "w": 5, "h": 6, "type": "301", "sign_id": "sign_A_4"}, {"pic_id": "20598810012700004718", "x": 859, "y": 267, "w": 31, "h": 30, "type": "106", "sign_id": "sign_A_5"}, {"pic_id": "20598810012700004718", "x": 292, "y": 267, "w": 29, "h": 28, "type": "106", "sign_id": "sign_A_6"}, {"pic_id": "20598810012700004718", "x": 632, "y": 316, "w": 5, "h": 7, "type": "301", "sign_id": "sign_A_7"}, {"pic_id": "20598810012700004719", "x": 1020, "y": 188, "w": 52, "h": 49, "type": "106", "sign_id": "sign_A_8"}, {"pic_id": "20598810012700004719", "x": 54, "y": 192, "w": 48, "h": 47, "type": "106", "sign_id": "sign_A_9"}, {"pic_id": "20598810012700004719", "x": 641, "y": 306, "w": 6, "h": 7, "type": "301", "sign_id": "sign_A_10"}, {"pic_id": "20598810012700004720", "x": 647, "y": 297, "w": 6, "h": 8, "type": "301", "sign_id": "sign_A_11"}, {"pic_id": "20598810012700004721", "x": 646, "y": 284, "w": 6, "h": 8, "type": "301", "sign_id": "sign_A_12"}, {"pic_id": "18558789091300044626", "x": 472, "y": 281, "w": 17, "h": 17, "type": "104", "sign_id": "sign_B_1"}, {"pic_id": "18558789091300044626", "x": 832, "y": 243, "w": 19, "h": 18, "type": "106", "sign_id": "sign_B_2"}, {"pic_id": "18558789091300044626", "x": 473, "y": 247, "w": 19, "h": 18, "type": "106", "sign_id": "sign_B_3"}, {"pic_id": "18558789091300044626", "x": 813, "y": 98, "w": 12, "h": 15, "type": "301", "sign_id": "sign_B_4"}, {"pic_id": "18558789091300044627", "x": 441, "y": 274, "w": 20, "h": 19, "type": "104", "sign_id": "sign_B_5"}, {"pic_id": "18558789091300044627", "x": 877, "y": 230, "w": 24, "h": 24, "type": "106", "sign_id": "sign_B_6"}, {"pic_id": "18558789091300044627", "x": 444, "y": 233, "w": 23, "h": 22, "type": "106", "sign_id": "sign_B_7"}, {"pic_id": "18558789091300044627", "x": 917, "y": 0, "w": 19, "h": 14, "type": "301", "sign_id": "sign_B_8"}, {"pic_id": "18558789091300044628", "x": 355, "y": 248, "w": 31, "h": 30, "type": "104", "sign_id": "sign_B_9"}, {"pic_id": "18558789091300044628", "x": 358, "y": 186, "w": 35, "h": 34, "type": "106", "sign_id": "sign_B_10"}, {"pic_id": "18558789091300044628", "x": 1013, "y": 183, "w": 36, "h": 35, "type": "106", "sign_id": "sign_B_11"}, {"pic_id": "18558789091300044628", "x": 647, "y": 254, "w": 6, "h": 7, "type": "301", "sign_id": "sign_B_12"}, {"pic_id": "18558789091300041686", "x": 208, "y": 214, "w": 48, "h": 48, "type": "104", "sign_id": "sign_B_13"}, {"pic_id": "18558789091300041686", "x": 212, "y": 117, "w": 54, "h": 54, "type": "106", "sign_id": "sign_B_14"}, {"pic_id": "18558789091300041686", "x": 1229, "y": 114, "w": 50, "h": 54, "type": "106", "sign_id": "sign_B_15"}, {"pic_id": "18558789091300041686", "x": 647, "y": 252, "w": 7, "h": 7, "type": "301", "sign_id": "sign_B_16"}, {"pic_id": "18558789091300041687", "x": 651, "y": 242, "w": 7, "h": 8, "type": "301", "sign_id": "sign_B_17"}, {"pic_id": "18558789091300041688", "x": 666, "y": 230, "w": 7, "h": 9, "type": "301", "sign_id": "sign_B_18"}], "match": [{"sign_id": "sign_A_1", "match_sign_id": "sign_B_7"}, {"sign_id": "sign_A_1", "match_sign_id": "sign_B_10"}, {"sign_id": "sign_A_1", "match_sign_id": "sign_B_3"}, {"sign_id": "sign_A_2", "match_sign_id": "sign_B_11"}, {"sign_id": "sign_A_2", "match_sign_id": "sign_B_2"}, {"sign_id": "sign_A_2", "match_sign_id": "sign_B_6"}, {"sign_id": "sign_A_2", "match_sign_id": "sign_B_15"}, {"sign_id": "sign_A_3", "match_sign_id": "sign_B_4"}, {"sign_id": "sign_A_3", "match_sign_id": "sign_B_8"}, {"sign_id": "sign_A_3", "match_sign_id": "sign_B_18"}, {"sign_id": "sign_A_3", "match_sign_id": "sign_B_12"}, {"sign_id": "sign_A_3", "match_sign_id": "sign_B_16"}, {"sign_id": "sign_A_4", "match_sign_id": "sign_B_12"}, {"sign_id": "sign_A_4", "match_sign_id": "sign_B_17"}, {"sign_id": "sign_A_4", "match_sign_id": "sign_B_18"}, {"sign_id": "sign_A_4", "match_sign_id": "sign_B_16"}, {"sign_id": "sign_A_5", "match_sign_id": "sign_B_11"}, {"sign_id": "sign_A_5", "match_sign_id": "sign_B_15"}, {"sign_id": "sign_A_5", "match_sign_id": "sign_B_6"}, {"sign_id": "sign_A_5", "match_sign_id": "sign_B_2"}, {"sign_id": "sign_A_6", "match_sign_id": "sign_B_7"}, {"sign_id": "sign_A_6", "match_sign_id": "sign_B_10"}, {"sign_id": "sign_A_6", "match_sign_id": "sign_B_3"}, {"sign_id": "sign_A_6", "match_sign_id": "sign_B_14"}, {"sign_id": "sign_A_7", "match_sign_id": "sign_B_12"}, {"sign_id": "sign_A_7", "match_sign_id": "sign_B_18"}, {"sign_id": "sign_A_7", "match_sign_id": "sign_B_17"}, {"sign_id": "sign_A_7", "match_sign_id": "sign_B_8"}, {"sign_id": "sign_A_7", "match_sign_id": "sign_B_16"}, {"sign_id": "sign_A_8", "match_sign_id": "sign_B_11"}, {"sign_id": "sign_A_8", "match_sign_id": "sign_B_15"}, {"sign_id": "sign_A_8", "match_sign_id": "sign_B_6"}, {"sign_id": "sign_A_9", "match_sign_id": "sign_B_7"}, {"sign_id": "sign_A_9", "match_sign_id": "sign_B_10"}, {"sign_id": "sign_A_9", "match_sign_id": "sign_B_15"}, {"sign_id": "sign_A_9", "match_sign_id": "sign_B_3"}, {"sign_id": "sign_A_9", "match_sign_id": "sign_B_14"}, {"sign_id": "sign_A_10", "match_sign_id": "sign_B_18"}, {"sign_id": "sign_A_10", "match_sign_id": "sign_B_8"}, {"sign_id": "sign_A_10", "match_sign_id": "sign_B_17"}, {"sign_id": "sign_A_10", "match_sign_id": "sign_B_12"}, {"sign_id": "sign_A_10", "match_sign_id": "sign_B_4"}, {"sign_id": "sign_A_11", "match_sign_id": "sign_B_18"}, {"sign_id": "sign_A_11", "match_sign_id": "sign_B_8"}, {"sign_id": "sign_A_11", "match_sign_id": "sign_B_12"}, {"sign_id": "sign_A_11", "match_sign_id": "sign_B_17"}, {"sign_id": "sign_A_11", "match_sign_id": "sign_B_4"}, {"sign_id": "sign_A_12", "match_sign_id": "sign_B_4"}, {"sign_id": "sign_A_12", "match_sign_id": "sign_B_8"}, {"sign_id": "sign_A_12", "match_sign_id": "sign_B_18"}, {"sign_id": "sign_A_12", "match_sign_id": "sign_B_17"}, {"sign_id": "sign_A_12", "match_sign_id": "sign_B_12"}, {"sign_id": "sign_A_8", "match_sign_id": "sign_B_2"}, {"sign_id": "sign_A_7", "match_sign_id": "sign_B_4"}, {"sign_id": "sign_A_1", "match_sign_id": "sign_B_14"}, {"sign_id": "sign_A_10", "match_sign_id": "sign_B_16"}, {"sign_id": "sign_A_11", "match_sign_id": "sign_B_16"}, {"sign_id": "sign_A_12", "match_sign_id": "sign_B_16"}]}