{"group": [{"pic_list": ["20599444031100014565", "20599444031100014566", "20599444031100014567", "20599444031100014568", "20599444031100014779", "20599444031100014511", "20599444031100014512", "20599444031100014513"], "seq_id": "A"}, {"pic_list": ["18559099101500058155", "18559099101500058156", "18559099101500058157", "18559099101500058158", "18559099101500058159", "18559099101500058150", "18559099101500059844", "18559099101500059845", "18559099101500059846"], "seq_id": "B"}], "signs": [{"pic_id": "20599444031100014565", "x": 739, "y": 594, "w": 10, "h": 14, "type": "301", "sign_id": "sign_A_1"}, {"pic_id": "20599444031100014566", "x": 749, "y": 548, "w": 11, "h": 17, "type": "301", "sign_id": "sign_A_2"}, {"pic_id": "20599444031100014567", "x": 720, "y": 485, "w": 16, "h": 22, "type": "301", "sign_id": "sign_A_3"}, {"pic_id": "20599444031100014568", "x": 671, "y": 435, "w": 18, "h": 26, "type": "301", "sign_id": "sign_A_4"}, {"pic_id": "20599444031100014568", "x": 663, "y": 658, "w": 7, "h": 9, "type": "301", "sign_id": "sign_A_5"}, {"pic_id": "20599444031100014513", "x": 746, "y": 684, "w": 6, "h": 7, "type": "301", "sign_id": "sign_A_6"}, {"pic_id": "18559099101500058155", "x": 612, "y": 259, "w": 8, "h": 11, "type": "301", "sign_id": "sign_B_1"}, {"pic_id": "18559099101500058156", "x": 622, "y": 247, "w": 8, "h": 12, "type": "301", "sign_id": "sign_B_2"}, {"pic_id": "18559099101500058157", "x": 652, "y": 220, "w": 10, "h": 14, "type": "301", "sign_id": "sign_B_3"}, {"pic_id": "18559099101500058158", "x": 651, "y": 194, "w": 11, "h": 16, "type": "301", "sign_id": "sign_B_4"}, {"pic_id": "18559099101500058159", "x": 661, "y": 173, "w": 12, "h": 17, "type": "301", "sign_id": "sign_B_5"}], "match": [{"sign_id": "sign_A_1", "match_sign_id": "sign_B_1"}, {"sign_id": "sign_A_1", "match_sign_id": "sign_B_2"}, {"sign_id": "sign_A_1", "match_sign_id": "sign_B_3"}, {"sign_id": "sign_A_1", "match_sign_id": "sign_B_4"}, {"sign_id": "sign_A_1", "match_sign_id": "sign_B_5"}, {"sign_id": "sign_A_2", "match_sign_id": "sign_B_4"}, {"sign_id": "sign_A_2", "match_sign_id": "sign_B_3"}, {"sign_id": "sign_A_2", "match_sign_id": "sign_B_2"}, {"sign_id": "sign_A_2", "match_sign_id": "sign_B_1"}, {"sign_id": "sign_A_2", "match_sign_id": "sign_B_5"}, {"sign_id": "sign_A_3", "match_sign_id": "sign_B_4"}, {"sign_id": "sign_A_3", "match_sign_id": "sign_B_5"}, {"sign_id": "sign_A_3", "match_sign_id": "sign_B_3"}, {"sign_id": "sign_A_3", "match_sign_id": "sign_B_2"}, {"sign_id": "sign_A_3", "match_sign_id": "sign_B_1"}, {"sign_id": "sign_A_4", "match_sign_id": "sign_B_4"}, {"sign_id": "sign_A_4", "match_sign_id": "sign_B_5"}, {"sign_id": "sign_A_4", "match_sign_id": "sign_B_3"}, {"sign_id": "sign_A_4", "match_sign_id": "sign_B_2"}, {"sign_id": "sign_A_4", "match_sign_id": "sign_B_1"}, {"sign_id": "sign_A_5", "match_sign_id": "sign_B_1"}, {"sign_id": "sign_A_5", "match_sign_id": "sign_B_2"}, {"sign_id": "sign_A_5", "match_sign_id": "sign_B_3"}, {"sign_id": "sign_A_6", "match_sign_id": "sign_B_1"}, {"sign_id": "sign_A_6", "match_sign_id": "sign_B_2"}, {"sign_id": "sign_A_6", "match_sign_id": "sign_B_3"}, {"sign_id": "sign_A_6", "match_sign_id": "sign_B_4"}, {"sign_id": "sign_A_6", "match_sign_id": "sign_B_5"}]}