{"group": [{"pic_list": ["20598793012600003030", "20598793012600003031", "20598793012600003032", "20598793012600003033"], "seq_id": "A"}, {"pic_list": ["18558681091000046539", "18558681091000046540", "18558681091000046541", "18558681091000046542"], "seq_id": "B"}], "signs": [{"pic_id": "20598793012600003030", "x": 977, "y": 186, "w": 17, "h": 21, "type": "301", "sign_id": "sign_A_1"}, {"pic_id": "20598793012600003031", "x": 713, "y": 402, "w": 17, "h": 17, "type": "103", "sign_id": "sign_A_2"}, {"pic_id": "20598793012600003031", "x": 1245, "y": 49, "w": 25, "h": 33, "type": "301", "sign_id": "sign_A_3"}, {"pic_id": "20598793012600003032", "x": 759, "y": 389, "w": 21, "h": 21, "type": "103", "sign_id": "sign_A_4"}, {"pic_id": "20598793012600003033", "x": 825, "y": 379, "w": 26, "h": 27, "type": "103", "sign_id": "sign_A_5"}, {"pic_id": "18558681091000046539", "x": 1056, "y": 100, "w": 18, "h": 24, "type": "301", "sign_id": "sign_B_1"}, {"pic_id": "18558681091000046540", "x": 783, "y": 342, "w": 18, "h": 18, "type": "103", "sign_id": "sign_B_2"}, {"pic_id": "18558681091000046541", "x": 845, "y": 331, "w": 21, "h": 21, "type": "103", "sign_id": "sign_B_3"}, {"pic_id": "18558681091000046542", "x": 906, "y": 321, "w": 24, "h": 24, "type": "103", "sign_id": "sign_B_4"}], "match": [{"sign_id": "sign_A_1", "match_sign_id": "sign_B_1"}, {"sign_id": "sign_A_2", "match_sign_id": "sign_B_2"}, {"sign_id": "sign_A_2", "match_sign_id": "sign_B_4"}, {"sign_id": "sign_A_2", "match_sign_id": "sign_B_3"}, {"sign_id": "sign_A_3", "match_sign_id": "sign_B_1"}, {"sign_id": "sign_A_4", "match_sign_id": "sign_B_2"}, {"sign_id": "sign_A_4", "match_sign_id": "sign_B_4"}, {"sign_id": "sign_A_4", "match_sign_id": "sign_B_3"}, {"sign_id": "sign_A_5", "match_sign_id": "sign_B_2"}, {"sign_id": "sign_A_5", "match_sign_id": "sign_B_4"}, {"sign_id": "sign_A_5", "match_sign_id": "sign_B_3"}]}