{"group": [{"pic_list": ["20599470031900002458", "20599470031900002459", "20599470031900002460", "20599470031900002461"], "seq_id": "A"}, {"pic_list": ["18558195080800032485", "18558195080800032486", "18558195080800032487", "18558195080800032488"], "seq_id": "B"}], "signs": [{"pic_id": "20599470031900002458", "x": 935, "y": 338, "w": 27, "h": 26, "type": "104", "sign_id": "sign_A_1"}, {"pic_id": "20599470031900002459", "x": 995, "y": 324, "w": 36, "h": 35, "type": "104", "sign_id": "sign_A_2"}, {"pic_id": "20599470031900002460", "x": 1197, "y": 275, "w": 61, "h": 59, "type": "104", "sign_id": "sign_A_3"}, {"pic_id": "18558195080800032485", "x": 635, "y": 283, "w": 28, "h": 29, "type": "104", "sign_id": "sign_B_1"}, {"pic_id": "18558195080800032486", "x": 846, "y": 262, "w": 38, "h": 39, "type": "104", "sign_id": "sign_B_2"}, {"pic_id": "18558195080800032487", "x": 1149, "y": 213, "w": 64, "h": 63, "type": "104", "sign_id": "sign_B_3"}], "match": [{"sign_id": "sign_A_1", "match_sign_id": "sign_B_1"}, {"sign_id": "sign_A_1", "match_sign_id": "sign_B_2"}, {"sign_id": "sign_A_1", "match_sign_id": "sign_B_3"}, {"sign_id": "sign_A_2", "match_sign_id": "sign_B_1"}, {"sign_id": "sign_A_2", "match_sign_id": "sign_B_2"}, {"sign_id": "sign_A_2", "match_sign_id": "sign_B_3"}, {"sign_id": "sign_A_3", "match_sign_id": "sign_B_3"}, {"sign_id": "sign_A_3", "match_sign_id": "sign_B_2"}, {"sign_id": "sign_A_3", "match_sign_id": "sign_B_1"}]}