{"group": [{"pic_list": ["20599445031100012819", "20599445031100012820", "20599445031100012821", "20599445031100012822"], "seq_id": "A"}, {"pic_list": ["18559018092800051769", "18559018092800051770", "18559018092800051771", "18559018092800051772", "18559018092800051773", "18559018092800051774", "18559018092800051775"], "seq_id": "B"}], "signs": [{"pic_id": "20599445031100012819", "x": 496, "y": 280, "w": 14, "h": 15, "type": "301", "sign_id": "sign_A_1"}, {"pic_id": "20599445031100012821", "x": 416, "y": 421, "w": 6, "h": 7, "type": "301", "sign_id": "sign_A_2"}, {"pic_id": "20599445031100012822", "x": 323, "y": 385, "w": 9, "h": 9, "type": "301", "sign_id": "sign_A_3"}, {"pic_id": "18559018092800051769", "x": 425, "y": 161, "w": 13, "h": 15, "type": "301", "sign_id": "sign_B_1"}, {"pic_id": "18559018092800051769", "x": 869, "y": 262, "w": 11, "h": 13, "type": "301", "sign_id": "sign_B_2"}, {"pic_id": "18559018092800051770", "x": 294, "y": 26, "w": 21, "h": 24, "type": "301", "sign_id": "sign_B_3"}, {"pic_id": "18559018092800051771", "x": 174, "y": 310, "w": 8, "h": 9, "type": "301", "sign_id": "sign_B_4"}, {"pic_id": "18559018092800051772", "x": 82, "y": 298, "w": 8, "h": 9, "type": "301", "sign_id": "sign_B_5"}, {"pic_id": "18559018092800051773", "x": 423, "y": 280, "w": 6, "h": 8, "type": "301", "sign_id": "sign_B_6"}, {"pic_id": "18559018092800051774", "x": 422, "y": 260, "w": 8, "h": 9, "type": "301", "sign_id": "sign_B_7"}], "match": [{"sign_id": "sign_A_1", "match_sign_id": "sign_B_1"}, {"sign_id": "sign_A_1", "match_sign_id": "sign_B_3"}, {"sign_id": "sign_A_1", "match_sign_id": "sign_B_7"}, {"sign_id": "sign_A_1", "match_sign_id": "sign_B_6"}, {"sign_id": "sign_A_1", "match_sign_id": "sign_B_4"}, {"sign_id": "sign_A_1", "match_sign_id": "sign_B_5"}, {"sign_id": "sign_A_2", "match_sign_id": "sign_B_6"}, {"sign_id": "sign_A_2", "match_sign_id": "sign_B_1"}, {"sign_id": "sign_A_2", "match_sign_id": "sign_B_3"}, {"sign_id": "sign_A_2", "match_sign_id": "sign_B_7"}, {"sign_id": "sign_A_2", "match_sign_id": "sign_B_2"}, {"sign_id": "sign_A_2", "match_sign_id": "sign_B_5"}, {"sign_id": "sign_A_3", "match_sign_id": "sign_B_1"}, {"sign_id": "sign_A_3", "match_sign_id": "sign_B_3"}, {"sign_id": "sign_A_3", "match_sign_id": "sign_B_6"}, {"sign_id": "sign_A_3", "match_sign_id": "sign_B_7"}, {"sign_id": "sign_A_3", "match_sign_id": "sign_B_4"}, {"sign_id": "sign_A_3", "match_sign_id": "sign_B_5"}]}