{"group": [{"pic_list": ["19591680112600000605", "19591680112600000606", "19591680112600000607", "19591680112600000608", "19591680112600000609", "19591680112600000610", "19591680112600000611", "19591680112600000612"], "seq_id": "A"}, {"pic_list": ["18558647090600006444", "18558647090600006445", "18558647090600006446", "18558647090600006447", "18558647090600006448", "18558647090600006449", "18558647090600006450"], "seq_id": "B"}], "signs": [{"pic_id": "19591680112600000605", "x": 116, "y": 188, "w": 8, "h": 10, "type": "301", "sign_id": "sign_A_1"}, {"pic_id": "19591680112600000606", "x": 450, "y": 257, "w": 8, "h": 9, "type": "301", "sign_id": "sign_A_2"}, {"pic_id": "19591680112600000607", "x": 594, "y": 251, "w": 17, "h": 16, "type": "106", "sign_id": "sign_A_3"}, {"pic_id": "19591680112600000607", "x": 337, "y": 244, "w": 8, "h": 11, "type": "301", "sign_id": "sign_A_4"}, {"pic_id": "19591680112600000608", "x": 555, "y": 246, "w": 18, "h": 18, "type": "106", "sign_id": "sign_A_5"}, {"pic_id": "19591680112600000608", "x": 250, "y": 233, "w": 9, "h": 12, "type": "301", "sign_id": "sign_A_6"}, {"pic_id": "19591680112600000608", "x": 736, "y": 151, "w": 10, "h": 12, "type": "301", "sign_id": "sign_A_7"}, {"pic_id": "19591680112600000609", "x": 557, "y": 230, "w": 20, "h": 20, "type": "106", "sign_id": "sign_A_8"}, {"pic_id": "19591680112600000609", "x": 589, "y": 295, "w": 13, "h": 12, "type": "207", "sign_id": "sign_A_9"}, {"pic_id": "19591680112600000609", "x": 779, "y": 98, "w": 11, "h": 14, "type": "301", "sign_id": "sign_A_10"}, {"pic_id": "19591680112600000609", "x": 187, "y": 199, "w": 10, "h": 13, "type": "301", "sign_id": "sign_A_11"}, {"pic_id": "19591680112600000610", "x": 520, "y": 229, "w": 24, "h": 24, "type": "106", "sign_id": "sign_A_12"}, {"pic_id": "19591680112600000610", "x": 564, "y": 306, "w": 15, "h": 14, "type": "207", "sign_id": "sign_A_13"}, {"pic_id": "19591680112600000610", "x": 44, "y": 194, "w": 13, "h": 16, "type": "301", "sign_id": "sign_A_14"}, {"pic_id": "19591680112600000610", "x": 793, "y": 7, "w": 17, "h": 21, "type": "301", "sign_id": "sign_A_15"}, {"pic_id": "19591680112600000611", "x": 554, "y": 205, "w": 29, "h": 29, "type": "106", "sign_id": "sign_A_16"}, {"pic_id": "19591680112600000611", "x": 613, "y": 301, "w": 17, "h": 17, "type": "207", "sign_id": "sign_A_17"}, {"pic_id": "19591680112600000612", "x": 517, "y": 129, "w": 38, "h": 37, "type": "106", "sign_id": "sign_A_18"}, {"pic_id": "19591680112600000612", "x": 608, "y": 257, "w": 20, "h": 20, "type": "207", "sign_id": "sign_A_19"}, {"pic_id": "18558647090600006445", "x": 240, "y": 116, "w": 12, "h": 18, "type": "301", "sign_id": "sign_B_1"}, {"pic_id": "18558647090600006447", "x": 539, "y": 300, "w": 16, "h": 15, "type": "104", "sign_id": "sign_B_2"}, {"pic_id": "18558647090600006447", "x": 287, "y": 288, "w": 8, "h": 10, "type": "301", "sign_id": "sign_B_3"}, {"pic_id": "18558647090600006448", "x": 515, "y": 287, "w": 17, "h": 17, "type": "106", "sign_id": "sign_B_4"}, {"pic_id": "18558647090600006448", "x": 714, "y": 182, "w": 9, "h": 12, "type": "301", "sign_id": "sign_B_5"}, {"pic_id": "18558647090600006448", "x": 188, "y": 268, "w": 10, "h": 11, "type": "301", "sign_id": "sign_B_6"}, {"pic_id": "18558647090600006449", "x": 489, "y": 259, "w": 23, "h": 22, "type": "106", "sign_id": "sign_B_7"}, {"pic_id": "18558647090600006449", "x": 785, "y": 43, "w": 15, "h": 21, "type": "301", "sign_id": "sign_B_8"}, {"pic_id": "18558647090600006449", "x": 16, "y": 221, "w": 13, "h": 16, "type": "301", "sign_id": "sign_B_9"}, {"pic_id": "18558647090600006450", "x": 448, "y": 224, "w": 31, "h": 31, "type": "106", "sign_id": "sign_B_10"}], "match": [{"sign_id": "sign_A_1", "match_sign_id": "sign_B_6"}, {"sign_id": "sign_A_1", "match_sign_id": "sign_B_3"}, {"sign_id": "sign_A_1", "match_sign_id": "sign_B_9"}, {"sign_id": "sign_A_2", "match_sign_id": "sign_B_6"}, {"sign_id": "sign_A_2", "match_sign_id": "sign_B_3"}, {"sign_id": "sign_A_2", "match_sign_id": "sign_B_9"}, {"sign_id": "sign_A_3", "match_sign_id": "sign_B_7"}, {"sign_id": "sign_A_3", "match_sign_id": "sign_B_4"}, {"sign_id": "sign_A_3", "match_sign_id": "sign_B_10"}, {"sign_id": "sign_A_4", "match_sign_id": "sign_B_6"}, {"sign_id": "sign_A_4", "match_sign_id": "sign_B_3"}, {"sign_id": "sign_A_4", "match_sign_id": "sign_B_9"}, {"sign_id": "sign_A_5", "match_sign_id": "sign_B_7"}, {"sign_id": "sign_A_5", "match_sign_id": "sign_B_4"}, {"sign_id": "sign_A_5", "match_sign_id": "sign_B_10"}, {"sign_id": "sign_A_6", "match_sign_id": "sign_B_6"}, {"sign_id": "sign_A_6", "match_sign_id": "sign_B_9"}, {"sign_id": "sign_A_6", "match_sign_id": "sign_B_3"}, {"sign_id": "sign_A_7", "match_sign_id": "sign_B_8"}, {"sign_id": "sign_A_7", "match_sign_id": "sign_B_5"}, {"sign_id": "sign_A_8", "match_sign_id": "sign_B_10"}, {"sign_id": "sign_A_8", "match_sign_id": "sign_B_7"}, {"sign_id": "sign_A_8", "match_sign_id": "sign_B_4"}, {"sign_id": "sign_A_10", "match_sign_id": "sign_B_8"}, {"sign_id": "sign_A_10", "match_sign_id": "sign_B_5"}, {"sign_id": "sign_A_11", "match_sign_id": "sign_B_9"}, {"sign_id": "sign_A_11", "match_sign_id": "sign_B_6"}, {"sign_id": "sign_A_11", "match_sign_id": "sign_B_3"}, {"sign_id": "sign_A_12", "match_sign_id": "sign_B_10"}, {"sign_id": "sign_A_12", "match_sign_id": "sign_B_7"}, {"sign_id": "sign_A_12", "match_sign_id": "sign_B_4"}, {"sign_id": "sign_A_14", "match_sign_id": "sign_B_9"}, {"sign_id": "sign_A_14", "match_sign_id": "sign_B_3"}, {"sign_id": "sign_A_14", "match_sign_id": "sign_B_6"}, {"sign_id": "sign_A_15", "match_sign_id": "sign_B_8"}, {"sign_id": "sign_A_15", "match_sign_id": "sign_B_5"}, {"sign_id": "sign_A_16", "match_sign_id": "sign_B_10"}, {"sign_id": "sign_A_16", "match_sign_id": "sign_B_7"}, {"sign_id": "sign_A_16", "match_sign_id": "sign_B_4"}, {"sign_id": "sign_A_18", "match_sign_id": "sign_B_10"}, {"sign_id": "sign_A_18", "match_sign_id": "sign_B_7"}, {"sign_id": "sign_A_18", "match_sign_id": "sign_B_4"}, {"sign_id": "sign_A_15", "match_sign_id": "sign_B_1"}, {"sign_id": "sign_A_10", "match_sign_id": "sign_B_1"}, {"sign_id": "sign_A_7", "match_sign_id": "sign_B_1"}]}