{"group": [{"pic_list": ["19595672122100000429", "19595672122100000430", "19595672122100000431", "19595672122100000432", "19595672122100000433"], "seq_id": "A"}, {"pic_list": ["19570870040900000606", "19570870040900000607", "19570870040900000608", "19570870040900000609", "19570870040900000610"], "seq_id": "B"}], "signs": [{"pic_id": "19595672122100000429", "x": 998, "y": 372, "w": 27, "h": 27, "type": "105", "sign_id": "sign_A_1"}, {"pic_id": "19595672122100000430", "x": 949, "y": 352, "w": 32, "h": 30, "type": "105", "sign_id": "sign_A_2"}, {"pic_id": "19595672122100000430", "x": 318, "y": 141, "w": 24, "h": 27, "type": "301", "sign_id": "sign_A_3"}, {"pic_id": "19595672122100000431", "x": 931, "y": 291, "w": 40, "h": 39, "type": "105", "sign_id": "sign_A_4"}, {"pic_id": "19595672122100000432", "x": 981, "y": 234, "w": 53, "h": 52, "type": "105", "sign_id": "sign_A_5"}, {"pic_id": "19570870040900000606", "x": 868, "y": 331, "w": 24, "h": 24, "type": "105", "sign_id": "sign_B_1"}, {"pic_id": "19570870040900000607", "x": 817, "y": 292, "w": 32, "h": 32, "type": "105", "sign_id": "sign_B_2"}, {"pic_id": "19570870040900000608", "x": 781, "y": 260, "w": 37, "h": 37, "type": "105", "sign_id": "sign_B_3"}, {"pic_id": "19570870040900000609", "x": 727, "y": 197, "w": 51, "h": 50, "type": "105", "sign_id": "sign_B_4"}, {"pic_id": "19570870040900000610", "x": 890, "y": 56, "w": 87, "h": 82, "type": "105", "sign_id": "sign_B_5"}], "match": [{"sign_id": "sign_A_1", "match_sign_id": "sign_B_1"}, {"sign_id": "sign_A_1", "match_sign_id": "sign_B_2"}, {"sign_id": "sign_A_1", "match_sign_id": "sign_B_3"}, {"sign_id": "sign_A_1", "match_sign_id": "sign_B_4"}, {"sign_id": "sign_A_1", "match_sign_id": "sign_B_5"}, {"sign_id": "sign_A_2", "match_sign_id": "sign_B_1"}, {"sign_id": "sign_A_2", "match_sign_id": "sign_B_2"}, {"sign_id": "sign_A_2", "match_sign_id": "sign_B_3"}, {"sign_id": "sign_A_2", "match_sign_id": "sign_B_4"}, {"sign_id": "sign_A_2", "match_sign_id": "sign_B_5"}, {"sign_id": "sign_A_3", "match_sign_id": " "}, {"sign_id": "sign_A_4", "match_sign_id": "sign_B_3"}, {"sign_id": "sign_A_4", "match_sign_id": "sign_B_2"}, {"sign_id": "sign_A_4", "match_sign_id": "sign_B_1"}, {"sign_id": "sign_A_4", "match_sign_id": "sign_B_4"}, {"sign_id": "sign_A_4", "match_sign_id": "sign_B_5"}, {"sign_id": "sign_A_5", "match_sign_id": "sign_B_3"}, {"sign_id": "sign_A_5", "match_sign_id": "sign_B_2"}, {"sign_id": "sign_A_5", "match_sign_id": "sign_B_1"}, {"sign_id": "sign_A_5", "match_sign_id": "sign_B_4"}, {"sign_id": "sign_A_5", "match_sign_id": "sign_B_5"}]}