{"group": [{"pic_list": ["19590635111300001952", "19590635111300001953", "19590635111300001954", "19590635111300001955", "19590635111300001956", "19590635111300001957", "19590635111300001958"], "seq_id": "A"}, {"pic_list": ["18553485010800025443", "18553485010800025444", "18553485010800025445", "18553485010800025446", "18553485010800025447", "18553485010800025448", "18553485010800025449", "18553485010800025450"], "seq_id": "B"}], "signs": [{"pic_id": "19590635111300001952", "x": 400, "y": 286, "w": 10, "h": 12, "type": "301", "sign_id": "sign_A_1"}, {"pic_id": "19590635111300001952", "x": 387, "y": 280, "w": 11, "h": 12, "type": "301", "sign_id": "sign_A_2"}, {"pic_id": "19590635111300001953", "x": 365, "y": 267, "w": 12, "h": 14, "type": "301", "sign_id": "sign_A_3"}, {"pic_id": "19590635111300001953", "x": 349, "y": 260, "w": 12, "h": 13, "type": "301", "sign_id": "sign_A_4"}, {"pic_id": "19590635111300001954", "x": 227, "y": 194, "w": 18, "h": 20, "type": "301", "sign_id": "sign_A_5"}, {"pic_id": "19590635111300001954", "x": 260, "y": 210, "w": 17, "h": 19, "type": "301", "sign_id": "sign_A_6"}, {"pic_id": "19590635111300001955", "x": 66, "y": 115, "w": 28, "h": 29, "type": "301", "sign_id": "sign_A_7"}, {"pic_id": "19590635111300001955", "x": 0, "y": 77, "w": 21, "h": 31, "type": "301", "sign_id": "sign_A_8"}, {"pic_id": "18553485010800025443", "x": 473, "y": 233, "w": 6, "h": 8, "type": "301", "sign_id": "sign_B_1"}, {"pic_id": "18553485010800025444", "x": 429, "y": 218, "w": 8, "h": 9, "type": "301", "sign_id": "sign_B_2"}, {"pic_id": "18553485010800025444", "x": 436, "y": 221, "w": 8, "h": 10, "type": "301", "sign_id": "sign_B_3"}, {"pic_id": "18553485010800025445", "x": 425, "y": 216, "w": 9, "h": 10, "type": "301", "sign_id": "sign_B_4"}, {"pic_id": "18553485010800025446", "x": 316, "y": 170, "w": 13, "h": 15, "type": "301", "sign_id": "sign_B_5"}, {"pic_id": "18553485010800025446", "x": 297, "y": 162, "w": 12, "h": 13, "type": "301", "sign_id": "sign_B_6"}, {"pic_id": "18553485010800025447", "x": 178, "y": 109, "w": 19, "h": 22, "type": "301", "sign_id": "sign_B_7"}, {"pic_id": "18553485010800025447", "x": 130, "y": 85, "w": 23, "h": 25, "type": "301", "sign_id": "sign_B_8"}], "match": [{"sign_id": "sign_A_1", "match_sign_id": "sign_B_5"}, {"sign_id": "sign_A_1", "match_sign_id": "sign_B_3"}, {"sign_id": "sign_A_1", "match_sign_id": "sign_B_7"}, {"sign_id": "sign_A_2", "match_sign_id": "sign_B_7"}, {"sign_id": "sign_A_3", "match_sign_id": "sign_B_5"}, {"sign_id": "sign_A_3", "match_sign_id": "sign_B_3"}, {"sign_id": "sign_A_3", "match_sign_id": "sign_B_7"}, {"sign_id": "sign_A_4", "match_sign_id": "sign_B_8"}, {"sign_id": "sign_A_4", "match_sign_id": "sign_B_7"}, {"sign_id": "sign_A_4", "match_sign_id": "sign_B_5"}, {"sign_id": "sign_A_5", "match_sign_id": "sign_B_8"}, {"sign_id": "sign_A_5", "match_sign_id": "sign_B_7"}, {"sign_id": "sign_A_5", "match_sign_id": "sign_B_3"}, {"sign_id": "sign_A_6", "match_sign_id": "sign_B_3"}, {"sign_id": "sign_A_6", "match_sign_id": "sign_B_5"}, {"sign_id": "sign_A_6", "match_sign_id": "sign_B_7"}, {"sign_id": "sign_A_7", "match_sign_id": "sign_B_3"}, {"sign_id": "sign_A_7", "match_sign_id": "sign_B_8"}, {"sign_id": "sign_A_7", "match_sign_id": "sign_B_5"}, {"sign_id": "sign_A_8", "match_sign_id": "sign_B_8"}, {"sign_id": "sign_A_8", "match_sign_id": "sign_B_3"}, {"sign_id": "sign_A_8", "match_sign_id": "sign_B_7"}, {"sign_id": "sign_A_1", "match_sign_id": "sign_B_1"}, {"sign_id": "sign_A_4", "match_sign_id": "sign_B_1"}, {"sign_id": "sign_A_7", "match_sign_id": "sign_B_1"}, {"sign_id": "sign_A_4", "match_sign_id": "sign_B_2"}, {"sign_id": "sign_A_7", "match_sign_id": "sign_B_2"}, {"sign_id": "sign_A_4", "match_sign_id": "sign_B_3"}, {"sign_id": "sign_A_1", "match_sign_id": "sign_B_4"}, {"sign_id": "sign_A_7", "match_sign_id": "sign_B_4"}, {"sign_id": "sign_A_5", "match_sign_id": "sign_B_4"}, {"sign_id": "sign_A_4", "match_sign_id": "sign_B_6"}, {"sign_id": "sign_A_5", "match_sign_id": "sign_B_6"}, {"sign_id": "sign_A_1", "match_sign_id": "sign_B_8"}]}