{"group": [{"pic_list": ["20599488032000015503", "20599488032000015504", "20599488032000015505", "20599488032000015506", "20599488032000015507", "20599488032000015508", "20599488032000015509", "20599488032000015510"], "seq_id": "A"}, {"pic_list": ["18558157073000015986", "18558157073000015987", "18558157073000015988", "18558157073000015989", "18558157073000015990", "18558157073000015991", "18558157073000015992", "18558157073000015993", "18558157073000015994", "18558157073000015995"], "seq_id": "B"}], "signs": [{"pic_id": "20599488032000015503", "x": 725, "y": 83, "w": 40, "h": 44, "type": "301", "sign_id": "sign_A_1"}, {"pic_id": "20599488032000015503", "x": 496, "y": 508, "w": 13, "h": 17, "type": "301", "sign_id": "sign_A_2"}, {"pic_id": "20599488032000015504", "x": 415, "y": 475, "w": 16, "h": 21, "type": "301", "sign_id": "sign_A_3"}, {"pic_id": "20599488032000015505", "x": 292, "y": 411, "w": 21, "h": 28, "type": "301", "sign_id": "sign_A_4"}, {"pic_id": "20599488032000015506", "x": 240, "y": 437, "w": 14, "h": 21, "type": "301", "sign_id": "sign_A_5"}, {"pic_id": "20599488032000015510", "x": 877, "y": 531, "w": 9, "h": 11, "type": "301", "sign_id": "sign_A_6"}, {"pic_id": "18558157073000015986", "x": 608, "y": 441, "w": 7, "h": 9, "type": "301", "sign_id": "sign_B_1"}, {"pic_id": "18558157073000015987", "x": 619, "y": 428, "w": 9, "h": 11, "type": "301", "sign_id": "sign_B_2"}, {"pic_id": "18558157073000015988", "x": 535, "y": 412, "w": 9, "h": 12, "type": "301", "sign_id": "sign_B_3"}, {"pic_id": "18558157073000015989", "x": 431, "y": 392, "w": 10, "h": 14, "type": "301", "sign_id": "sign_B_4"}, {"pic_id": "18558157073000015990", "x": 314, "y": 354, "w": 12, "h": 17, "type": "301", "sign_id": "sign_B_5"}, {"pic_id": "18558157073000015991", "x": 147, "y": 291, "w": 16, "h": 23, "type": "301", "sign_id": "sign_B_6"}], "match": [{"sign_id": "sign_A_1", "match_sign_id": "sign_B_6"}, {"sign_id": "sign_A_1", "match_sign_id": "sign_B_2"}, {"sign_id": "sign_A_2", "match_sign_id": " "}, {"sign_id": "sign_A_3", "match_sign_id": " "}, {"sign_id": "sign_A_4", "match_sign_id": " "}, {"sign_id": "sign_A_5", "match_sign_id": "sign_B_6"}, {"sign_id": "sign_A_5", "match_sign_id": "sign_B_5"}, {"sign_id": "sign_A_5", "match_sign_id": "sign_B_4"}, {"sign_id": "sign_A_5", "match_sign_id": "sign_B_3"}, {"sign_id": "sign_A_5", "match_sign_id": "sign_B_2"}, {"sign_id": "sign_A_5", "match_sign_id": "sign_B_1"}, {"sign_id": "sign_A_6", "match_sign_id": "sign_B_3"}, {"sign_id": "sign_A_6", "match_sign_id": "sign_B_1"}, {"sign_id": "sign_A_6", "match_sign_id": "sign_B_2"}, {"sign_id": "sign_A_6", "match_sign_id": "sign_B_4"}, {"sign_id": "sign_A_6", "match_sign_id": "sign_B_5"}]}