{"group": [{"pic_list": ["19582193081500007741", "19582193081500007742", "19582193081500007743", "19582193081500007744", "19582193081500007745", "19582193081500007746"], "seq_id": "A"}, {"pic_list": ["18558482082800018637", "18558482082800015602", "18558482082800015603", "18558482082800015604", "18558482082800015605", "18558482082800015606", "18558482082800015607", "18558482082800015608", "18558482082800015609"], "seq_id": "B"}], "signs": [{"pic_id": "19582193081500007741", "x": 6, "y": 555, "w": 32, "h": 59, "type": "104", "sign_id": "sign_A_1"}, {"pic_id": "19582193081500007741", "x": 697, "y": 569, "w": 8, "h": 9, "type": "301", "sign_id": "sign_A_2"}, {"pic_id": "19582193081500007742", "x": 714, "y": 557, "w": 8, "h": 9, "type": "301", "sign_id": "sign_A_3"}, {"pic_id": "19582193081500007743", "x": 723, "y": 548, "w": 9, "h": 10, "type": "301", "sign_id": "sign_A_4"}, {"pic_id": "19582193081500007744", "x": 775, "y": 534, "w": 9, "h": 10, "type": "301", "sign_id": "sign_A_5"}, {"pic_id": "19582193081500007745", "x": 815, "y": 508, "w": 12, "h": 13, "type": "301", "sign_id": "sign_A_6"}, {"pic_id": "19582193081500007746", "x": 871, "y": 423, "w": 16, "h": 20, "type": "301", "sign_id": "sign_A_7"}, {"pic_id": "18558482082800015607", "x": 586, "y": 326, "w": 7, "h": 8, "type": "301", "sign_id": "sign_B_1"}, {"pic_id": "18558482082800015608", "x": 416, "y": 314, "w": 8, "h": 8, "type": "301", "sign_id": "sign_B_2"}, {"pic_id": "18558482082800015609", "x": 46, "y": 285, "w": 9, "h": 10, "type": "301", "sign_id": "sign_B_3"}], "match": [{"sign_id": "sign_A_1", "match_sign_id": " "}, {"sign_id": "sign_A_2", "match_sign_id": "sign_B_1"}, {"sign_id": "sign_A_2", "match_sign_id": "sign_B_2"}, {"sign_id": "sign_A_2", "match_sign_id": "sign_B_3"}, {"sign_id": "sign_A_3", "match_sign_id": "sign_B_2"}, {"sign_id": "sign_A_3", "match_sign_id": "sign_B_1"}, {"sign_id": "sign_A_3", "match_sign_id": "sign_B_3"}, {"sign_id": "sign_A_4", "match_sign_id": "sign_B_2"}, {"sign_id": "sign_A_4", "match_sign_id": "sign_B_1"}, {"sign_id": "sign_A_4", "match_sign_id": "sign_B_3"}, {"sign_id": "sign_A_5", "match_sign_id": "sign_B_1"}, {"sign_id": "sign_A_5", "match_sign_id": "sign_B_2"}, {"sign_id": "sign_A_5", "match_sign_id": "sign_B_3"}, {"sign_id": "sign_A_6", "match_sign_id": "sign_B_2"}, {"sign_id": "sign_A_6", "match_sign_id": "sign_B_1"}, {"sign_id": "sign_A_6", "match_sign_id": "sign_B_3"}, {"sign_id": "sign_A_7", "match_sign_id": "sign_B_2"}, {"sign_id": "sign_A_7", "match_sign_id": "sign_B_1"}, {"sign_id": "sign_A_7", "match_sign_id": "sign_B_3"}]}