{"group": [{"pic_list": ["19580154071500006044", "19580154071500006045", "19580154071500006046", "19580154071500006047", "19580154071500006048", "19580154071500006049", "19580154071500006050", "19580154071500006051"], "seq_id": "A"}, {"pic_list": ["18558673090600046210", "18558673090600042931", "18558673090600042932", "18558673090600042933", "18558673090600042934", "18558673090600042935", "18558673090600042936", "18558673090600042937"], "seq_id": "B"}], "signs": [{"pic_id": "19580154071500006044", "x": 983, "y": 262, "w": 10, "h": 13, "type": "301", "sign_id": "sign_A_1"}, {"pic_id": "19580154071500006045", "x": 825, "y": 228, "w": 13, "h": 17, "type": "301", "sign_id": "sign_A_2"}, {"pic_id": "19580154071500006046", "x": 955, "y": 168, "w": 17, "h": 22, "type": "301", "sign_id": "sign_A_3"}, {"pic_id": "19580154071500006047", "x": 1252, "y": 22, "w": 27, "h": 36, "type": "301", "sign_id": "sign_A_4"}, {"pic_id": "19580154071500006048", "x": 358, "y": 369, "w": 5, "h": 6, "type": "301", "sign_id": "sign_A_5"}, {"pic_id": "19580154071500006049", "x": 296, "y": 366, "w": 5, "h": 7, "type": "301", "sign_id": "sign_A_6"}, {"pic_id": "19580154071500006050", "x": 223, "y": 356, "w": 6, "h": 7, "type": "301", "sign_id": "sign_A_7"}, {"pic_id": "19580154071500006051", "x": 175, "y": 352, "w": 6, "h": 8, "type": "301", "sign_id": "sign_A_8"}, {"pic_id": "18558673090600046210", "x": 854, "y": 243, "w": 10, "h": 13, "type": "301", "sign_id": "sign_B_1"}, {"pic_id": "18558673090600046210", "x": 1050, "y": 285, "w": 7, "h": 8, "type": "301", "sign_id": "sign_B_2"}, {"pic_id": "18558673090600042931", "x": 910, "y": 213, "w": 11, "h": 16, "type": "301", "sign_id": "sign_B_3"}, {"pic_id": "18558673090600042932", "x": 986, "y": 170, "w": 15, "h": 20, "type": "301", "sign_id": "sign_B_4"}, {"pic_id": "18558673090600042933", "x": 1260, "y": 1, "w": 19, "h": 30, "type": "301", "sign_id": "sign_B_5"}, {"pic_id": "18558673090600042933", "x": 362, "y": 314, "w": 6, "h": 7, "type": "301", "sign_id": "sign_B_6"}, {"pic_id": "18558673090600042935", "x": 356, "y": 320, "w": 6, "h": 8, "type": "301", "sign_id": "sign_B_7"}, {"pic_id": "18558673090600042936", "x": 302, "y": 317, "w": 7, "h": 8, "type": "301", "sign_id": "sign_B_8"}, {"pic_id": "18558673090600042937", "x": 244, "y": 299, "w": 7, "h": 9, "type": "301", "sign_id": "sign_B_9"}], "match": [{"sign_id": "sign_A_1", "match_sign_id": "sign_B_3"}, {"sign_id": "sign_A_1", "match_sign_id": "sign_B_1"}, {"sign_id": "sign_A_1", "match_sign_id": "sign_B_4"}, {"sign_id": "sign_A_1", "match_sign_id": "sign_B_5"}, {"sign_id": "sign_A_2", "match_sign_id": "sign_B_3"}, {"sign_id": "sign_A_2", "match_sign_id": "sign_B_4"}, {"sign_id": "sign_A_2", "match_sign_id": "sign_B_1"}, {"sign_id": "sign_A_2", "match_sign_id": "sign_B_5"}, {"sign_id": "sign_A_3", "match_sign_id": "sign_B_3"}, {"sign_id": "sign_A_3", "match_sign_id": "sign_B_4"}, {"sign_id": "sign_A_3", "match_sign_id": "sign_B_1"}, {"sign_id": "sign_A_3", "match_sign_id": "sign_B_5"}, {"sign_id": "sign_A_3", "match_sign_id": "sign_B_2"}, {"sign_id": "sign_A_4", "match_sign_id": "sign_B_3"}, {"sign_id": "sign_A_4", "match_sign_id": "sign_B_5"}, {"sign_id": "sign_A_4", "match_sign_id": "sign_B_4"}, {"sign_id": "sign_A_4", "match_sign_id": "sign_B_1"}, {"sign_id": "sign_A_5", "match_sign_id": "sign_B_8"}, {"sign_id": "sign_A_5", "match_sign_id": "sign_B_9"}, {"sign_id": "sign_A_5", "match_sign_id": "sign_B_7"}, {"sign_id": "sign_A_5", "match_sign_id": "sign_B_3"}, {"sign_id": "sign_A_5", "match_sign_id": "sign_B_6"}, {"sign_id": "sign_A_6", "match_sign_id": "sign_B_8"}, {"sign_id": "sign_A_6", "match_sign_id": "sign_B_7"}, {"sign_id": "sign_A_6", "match_sign_id": "sign_B_9"}, {"sign_id": "sign_A_6", "match_sign_id": "sign_B_3"}, {"sign_id": "sign_A_6", "match_sign_id": "sign_B_4"}, {"sign_id": "sign_A_7", "match_sign_id": "sign_B_8"}, {"sign_id": "sign_A_7", "match_sign_id": "sign_B_9"}, {"sign_id": "sign_A_7", "match_sign_id": "sign_B_3"}, {"sign_id": "sign_A_7", "match_sign_id": "sign_B_7"}, {"sign_id": "sign_A_7", "match_sign_id": "sign_B_4"}, {"sign_id": "sign_A_8", "match_sign_id": "sign_B_2"}, {"sign_id": "sign_A_8", "match_sign_id": "sign_B_8"}, {"sign_id": "sign_A_8", "match_sign_id": "sign_B_7"}, {"sign_id": "sign_A_8", "match_sign_id": "sign_B_3"}, {"sign_id": "sign_A_8", "match_sign_id": "sign_B_9"}, {"sign_id": "sign_A_8", "match_sign_id": "sign_B_1"}, {"sign_id": "sign_A_6", "match_sign_id": "sign_B_6"}]}