{"group": [{"pic_list": ["19596049122300002795", "19596049122300003103", "19596049122300003104", "19596049122300003105", "19596049122300003106"], "seq_id": "A"}, {"pic_list": ["18559005092600024871", "18559005092600024872", "18559005092600024873", "18559005092600024874"], "seq_id": "B"}], "signs": [{"pic_id": "19596049122300002795", "x": 693, "y": 511, "w": 17, "h": 17, "type": "103", "sign_id": "sign_A_1"}, {"pic_id": "19596049122300003103", "x": 722, "y": 497, "w": 19, "h": 20, "type": "103", "sign_id": "sign_A_2"}, {"pic_id": "19596049122300003103", "x": 357, "y": 426, "w": 10, "h": 13, "type": "301", "sign_id": "sign_A_3"}, {"pic_id": "19596049122300003104", "x": 766, "y": 468, "w": 25, "h": 25, "type": "103", "sign_id": "sign_A_4"}, {"pic_id": "19596049122300003104", "x": 833, "y": 487, "w": 8, "h": 10, "type": "301", "sign_id": "sign_A_5"}, {"pic_id": "19596049122300003105", "x": 812, "y": 439, "w": 32, "h": 32, "type": "103", "sign_id": "sign_A_6"}, {"pic_id": "19596049122300003105", "x": 902, "y": 466, "w": 10, "h": 12, "type": "301", "sign_id": "sign_A_7"}, {"pic_id": "19596049122300003106", "x": 894, "y": 379, "w": 45, "h": 48, "type": "103", "sign_id": "sign_A_8"}, {"pic_id": "19596049122300003106", "x": 1028, "y": 414, "w": 14, "h": 16, "type": "301", "sign_id": "sign_A_9"}, {"pic_id": "18559005092600024871", "x": 721, "y": 358, "w": 17, "h": 18, "type": "103", "sign_id": "sign_B_1"}, {"pic_id": "18559005092600024872", "x": 733, "y": 342, "w": 22, "h": 24, "type": "103", "sign_id": "sign_B_2"}, {"pic_id": "18559005092600024873", "x": 805, "y": 312, "w": 30, "h": 32, "type": "103", "sign_id": "sign_B_3"}, {"pic_id": "18559005092600024874", "x": 911, "y": 255, "w": 44, "h": 46, "type": "103", "sign_id": "sign_B_4"}], "match": [{"sign_id": "sign_A_1", "match_sign_id": "sign_B_3"}, {"sign_id": "sign_A_1", "match_sign_id": "sign_B_2"}, {"sign_id": "sign_A_1", "match_sign_id": "sign_B_4"}, {"sign_id": "sign_A_1", "match_sign_id": "sign_B_1"}, {"sign_id": "sign_A_2", "match_sign_id": "sign_B_3"}, {"sign_id": "sign_A_2", "match_sign_id": "sign_B_2"}, {"sign_id": "sign_A_2", "match_sign_id": "sign_B_4"}, {"sign_id": "sign_A_2", "match_sign_id": "sign_B_1"}, {"sign_id": "sign_A_3", "match_sign_id": " "}, {"sign_id": "sign_A_4", "match_sign_id": "sign_B_3"}, {"sign_id": "sign_A_4", "match_sign_id": "sign_B_4"}, {"sign_id": "sign_A_4", "match_sign_id": "sign_B_2"}, {"sign_id": "sign_A_4", "match_sign_id": "sign_B_1"}, {"sign_id": "sign_A_6", "match_sign_id": "sign_B_3"}, {"sign_id": "sign_A_6", "match_sign_id": "sign_B_4"}, {"sign_id": "sign_A_6", "match_sign_id": "sign_B_2"}, {"sign_id": "sign_A_6", "match_sign_id": "sign_B_1"}, {"sign_id": "sign_A_7", "match_sign_id": " "}, {"sign_id": "sign_A_8", "match_sign_id": "sign_B_4"}, {"sign_id": "sign_A_8", "match_sign_id": "sign_B_3"}, {"sign_id": "sign_A_8", "match_sign_id": "sign_B_2"}, {"sign_id": "sign_A_8", "match_sign_id": "sign_B_1"}]}