{"group": [{"pic_list": ["19566704031400003600", "19566704031400000946", "19566704031400000947"], "seq_id": "A"}, {"pic_list": ["18558275080800014177", "18558275080800014178", "18558275080800014179"], "seq_id": "B"}], "signs": [{"pic_id": "19566704031400003600", "x": 791, "y": 274, "w": 24, "h": 24, "type": "104", "sign_id": "sign_A_1"}, {"pic_id": "19566704031400003600", "x": 1028, "y": 48, "w": 25, "h": 32, "type": "301", "sign_id": "sign_A_2"}, {"pic_id": "19566704031400000946", "x": 935, "y": 208, "w": 43, "h": 40, "type": "104", "sign_id": "sign_A_3"}, {"pic_id": "18558275080800014177", "x": 740, "y": 313, "w": 18, "h": 17, "type": "104", "sign_id": "sign_B_1"}, {"pic_id": "18558275080800014177", "x": 815, "y": 214, "w": 13, "h": 17, "type": "301", "sign_id": "sign_B_2"}, {"pic_id": "18558275080800014178", "x": 794, "y": 289, "w": 24, "h": 24, "type": "104", "sign_id": "sign_B_3"}, {"pic_id": "18558275080800014178", "x": 1065, "y": 31, "w": 28, "h": 35, "type": "301", "sign_id": "sign_B_4"}, {"pic_id": "18558275080800014179", "x": 912, "y": 237, "w": 42, "h": 38, "type": "104", "sign_id": "sign_B_5"}], "match": [{"sign_id": "sign_A_1", "match_sign_id": "sign_B_5"}, {"sign_id": "sign_A_1", "match_sign_id": "sign_B_3"}, {"sign_id": "sign_A_1", "match_sign_id": "sign_B_1"}, {"sign_id": "sign_A_2", "match_sign_id": "sign_B_4"}, {"sign_id": "sign_A_2", "match_sign_id": "sign_B_2"}, {"sign_id": "sign_A_3", "match_sign_id": "sign_B_5"}, {"sign_id": "sign_A_3", "match_sign_id": "sign_B_3"}, {"sign_id": "sign_A_3", "match_sign_id": "sign_B_1"}]}