{"group": [{"pic_list": ["19582442081800009071", "19582442081800009072", "19582442081800009073", "19582442081800009074", "19582442081800009075", "19582442081800009076"], "seq_id": "A"}, {"pic_list": ["18557975072400013326", "18557975072400013327", "18557975072400013328", "18557975072400013329", "18557975072400013330", "18557975072400010710"], "seq_id": "B"}], "signs": [{"pic_id": "19582442081800009071", "x": 411, "y": 574, "w": 14, "h": 18, "type": "301", "sign_id": "sign_A_1"}, {"pic_id": "19582442081800009072", "x": 337, "y": 516, "w": 17, "h": 22, "type": "301", "sign_id": "sign_A_2"}, {"pic_id": "19582442081800009073", "x": 175, "y": 402, "w": 23, "h": 31, "type": "301", "sign_id": "sign_A_3"}, {"pic_id": "19582442081800009073", "x": 782, "y": 642, "w": 12, "h": 14, "type": "301", "sign_id": "sign_A_4"}, {"pic_id": "19582442081800009074", "x": 570, "y": 619, "w": 24, "h": 24, "type": "103", "sign_id": "sign_A_5"}, {"pic_id": "19582442081800009074", "x": 786, "y": 607, "w": 13, "h": 15, "type": "301", "sign_id": "sign_A_6"}, {"pic_id": "19582442081800009075", "x": 552, "y": 586, "w": 28, "h": 27, "type": "103", "sign_id": "sign_A_7"}, {"pic_id": "19582442081800009075", "x": 809, "y": 563, "w": 14, "h": 19, "type": "301", "sign_id": "sign_A_8"}, {"pic_id": "19582442081800009076", "x": 119, "y": 501, "w": 32, "h": 33, "type": "103", "sign_id": "sign_A_9"}, {"pic_id": "19582442081800009076", "x": 415, "y": 459, "w": 18, "h": 25, "type": "301", "sign_id": "sign_A_10"}, {"pic_id": "18557975072400013326", "x": 534, "y": 161, "w": 11, "h": 14, "type": "301", "sign_id": "sign_B_1"}, {"pic_id": "18557975072400013327", "x": 649, "y": 241, "w": 13, "h": 14, "type": "105", "sign_id": "sign_B_2"}, {"pic_id": "18557975072400013327", "x": 491, "y": 102, "w": 15, "h": 19, "type": "301", "sign_id": "sign_B_3"}, {"pic_id": "18557975072400013328", "x": 403, "y": 3, "w": 21, "h": 29, "type": "301", "sign_id": "sign_B_4"}, {"pic_id": "18557975072400013328", "x": 782, "y": 224, "w": 9, "h": 12, "type": "301", "sign_id": "sign_B_5"}, {"pic_id": "18557975072400013329", "x": 608, "y": 210, "w": 16, "h": 17, "type": "103", "sign_id": "sign_B_6"}, {"pic_id": "18557975072400013329", "x": 778, "y": 198, "w": 10, "h": 13, "type": "301", "sign_id": "sign_B_7"}, {"pic_id": "18557975072400013330", "x": 580, "y": 182, "w": 20, "h": 21, "type": "103", "sign_id": "sign_B_8"}, {"pic_id": "18557975072400013330", "x": 800, "y": 155, "w": 12, "h": 16, "type": "301", "sign_id": "sign_B_9"}, {"pic_id": "18557975072400010710", "x": 669, "y": 156, "w": 24, "h": 25, "type": "103", "sign_id": "sign_B_10"}, {"pic_id": "18557975072400010710", "x": 961, "y": 102, "w": 15, "h": 20, "type": "301", "sign_id": "sign_B_11"}], "match": [{"sign_id": "sign_A_1", "match_sign_id": "sign_B_3"}, {"sign_id": "sign_A_1", "match_sign_id": "sign_B_1"}, {"sign_id": "sign_A_1", "match_sign_id": "sign_B_4"}, {"sign_id": "sign_A_1", "match_sign_id": "sign_B_11"}, {"sign_id": "sign_A_2", "match_sign_id": "sign_B_3"}, {"sign_id": "sign_A_2", "match_sign_id": "sign_B_4"}, {"sign_id": "sign_A_2", "match_sign_id": "sign_B_1"}, {"sign_id": "sign_A_2", "match_sign_id": "sign_B_11"}, {"sign_id": "sign_A_3", "match_sign_id": "sign_B_4"}, {"sign_id": "sign_A_3", "match_sign_id": "sign_B_1"}, {"sign_id": "sign_A_3", "match_sign_id": "sign_B_3"}, {"sign_id": "sign_A_4", "match_sign_id": "sign_B_9"}, {"sign_id": "sign_A_4", "match_sign_id": "sign_B_11"}, {"sign_id": "sign_A_4", "match_sign_id": "sign_B_5"}, {"sign_id": "sign_A_4", "match_sign_id": "sign_B_7"}, {"sign_id": "sign_A_5", "match_sign_id": "sign_B_10"}, {"sign_id": "sign_A_5", "match_sign_id": "sign_B_8"}, {"sign_id": "sign_A_5", "match_sign_id": "sign_B_6"}, {"sign_id": "sign_A_6", "match_sign_id": "sign_B_9"}, {"sign_id": "sign_A_6", "match_sign_id": "sign_B_11"}, {"sign_id": "sign_A_6", "match_sign_id": "sign_B_5"}, {"sign_id": "sign_A_6", "match_sign_id": "sign_B_7"}, {"sign_id": "sign_A_7", "match_sign_id": "sign_B_10"}, {"sign_id": "sign_A_7", "match_sign_id": "sign_B_8"}, {"sign_id": "sign_A_7", "match_sign_id": "sign_B_6"}, {"sign_id": "sign_A_8", "match_sign_id": "sign_B_11"}, {"sign_id": "sign_A_8", "match_sign_id": "sign_B_9"}, {"sign_id": "sign_A_8", "match_sign_id": "sign_B_5"}, {"sign_id": "sign_A_8", "match_sign_id": "sign_B_7"}, {"sign_id": "sign_A_9", "match_sign_id": "sign_B_10"}, {"sign_id": "sign_A_9", "match_sign_id": "sign_B_8"}, {"sign_id": "sign_A_9", "match_sign_id": "sign_B_6"}, {"sign_id": "sign_A_10", "match_sign_id": "sign_B_11"}, {"sign_id": "sign_A_10", "match_sign_id": "sign_B_9"}, {"sign_id": "sign_A_10", "match_sign_id": "sign_B_7"}, {"sign_id": "sign_A_10", "match_sign_id": "sign_B_5"}, {"sign_id": "sign_A_8", "match_sign_id": "sign_B_1"}, {"sign_id": "sign_A_8", "match_sign_id": "sign_B_3"}, {"sign_id": "sign_A_6", "match_sign_id": "sign_B_3"}, {"sign_id": "sign_A_1", "match_sign_id": "sign_B_7"}, {"sign_id": "sign_A_1", "match_sign_id": "sign_B_9"}]}