{"group": [{"pic_list": ["20599336030700005122", "20599336030700005123", "20599336030700005124"], "seq_id": "A"}, {"pic_list": ["18553459010500001608", "18553459010500001609", "18553459010500001610", "18553459010500001611", "18553459010500001612", "18553459010500001613"], "seq_id": "B"}], "signs": [{"pic_id": "20599336030700005122", "x": 915, "y": 393, "w": 15, "h": 19, "type": "301", "sign_id": "sign_A_1"}, {"pic_id": "20599336030700005123", "x": 1181, "y": 268, "w": 32, "h": 38, "type": "301", "sign_id": "sign_A_2"}, {"pic_id": "20599336030700005123", "x": 1020, "y": 266, "w": 16, "h": 20, "type": "301", "sign_id": "sign_A_3"}, {"pic_id": "20599336030700005124", "x": 1146, "y": 143, "w": 24, "h": 30, "type": "301", "sign_id": "sign_A_4"}, {"pic_id": "18553459010500001608", "x": 892, "y": 292, "w": 7, "h": 10, "type": "301", "sign_id": "sign_B_1"}, {"pic_id": "18553459010500001609", "x": 910, "y": 266, "w": 9, "h": 11, "type": "301", "sign_id": "sign_B_2"}, {"pic_id": "18553459010500001610", "x": 919, "y": 249, "w": 11, "h": 13, "type": "301", "sign_id": "sign_B_3"}, {"pic_id": "18553459010500001611", "x": 944, "y": 215, "w": 12, "h": 15, "type": "301", "sign_id": "sign_B_4"}, {"pic_id": "18553459010500001612", "x": 962, "y": 190, "w": 13, "h": 18, "type": "301", "sign_id": "sign_B_5"}], "match": [{"sign_id": "sign_A_1", "match_sign_id": "sign_B_4"}, {"sign_id": "sign_A_1", "match_sign_id": "sign_B_3"}, {"sign_id": "sign_A_1", "match_sign_id": "sign_B_5"}, {"sign_id": "sign_A_1", "match_sign_id": "sign_B_2"}, {"sign_id": "sign_A_1", "match_sign_id": "sign_B_1"}, {"sign_id": "sign_A_2", "match_sign_id": "sign_B_5"}, {"sign_id": "sign_A_2", "match_sign_id": "sign_B_4"}, {"sign_id": "sign_A_2", "match_sign_id": "sign_B_3"}, {"sign_id": "sign_A_2", "match_sign_id": "sign_B_2"}, {"sign_id": "sign_A_2", "match_sign_id": "sign_B_1"}, {"sign_id": "sign_A_3", "match_sign_id": "sign_B_3"}, {"sign_id": "sign_A_3", "match_sign_id": "sign_B_2"}, {"sign_id": "sign_A_4", "match_sign_id": "sign_B_5"}, {"sign_id": "sign_A_4", "match_sign_id": "sign_B_4"}, {"sign_id": "sign_A_4", "match_sign_id": "sign_B_2"}, {"sign_id": "sign_A_4", "match_sign_id": "sign_B_3"}]}