{"group": [{"pic_list": ["19593150120900004180", "19593150120900004181", "19593150120900004182", "19593150120900004183", "19593150120900004184", "19593150120900004185", "19593150120900004186"], "seq_id": "A"}, {"pic_list": ["18558957092100028272", "18558957092100028273", "18558957092100028274", "18558957092100028275", "18558957092100028276", "18558957092100028277", "18558957092100028278"], "seq_id": "B"}], "signs": [{"pic_id": "19593150120900004180", "x": 583, "y": 559, "w": 6, "h": 7, "type": "301", "sign_id": "sign_A_1"}, {"pic_id": "19593150120900004181", "x": 569, "y": 541, "w": 6, "h": 7, "type": "301", "sign_id": "sign_A_2"}, {"pic_id": "19593150120900004182", "x": 550, "y": 529, "w": 7, "h": 9, "type": "301", "sign_id": "sign_A_3"}, {"pic_id": "19593150120900004183", "x": 514, "y": 506, "w": 9, "h": 11, "type": "301", "sign_id": "sign_A_4"}, {"pic_id": "19593150120900004183", "x": 611, "y": 579, "w": 5, "h": 5, "type": "301", "sign_id": "sign_A_5"}, {"pic_id": "19593150120900004184", "x": 448, "y": 461, "w": 10, "h": 12, "type": "301", "sign_id": "sign_A_6"}, {"pic_id": "19593150120900004185", "x": 311, "y": 371, "w": 15, "h": 17, "type": "301", "sign_id": "sign_A_7"}, {"pic_id": "19593150120900004185", "x": 589, "y": 572, "w": 5, "h": 5, "type": "301", "sign_id": "sign_A_8"}, {"pic_id": "19593150120900004186", "x": 580, "y": 568, "w": 5, "h": 6, "type": "301", "sign_id": "sign_A_9"}, {"pic_id": "18558957092100028273", "x": 81, "y": 132, "w": 16, "h": 16, "type": "301", "sign_id": "sign_B_1"}, {"pic_id": "18558957092100028276", "x": 402, "y": 182, "w": 12, "h": 14, "type": "301", "sign_id": "sign_B_2"}, {"pic_id": "18558957092100028277", "x": 157, "y": 8, "w": 20, "h": 26, "type": "301", "sign_id": "sign_B_3"}, {"pic_id": "18558957092100028278", "x": 544, "y": 311, "w": 5, "h": 6, "type": "301", "sign_id": "sign_B_4"}], "match": [{"sign_id": "sign_A_1", "match_sign_id": "sign_B_2"}, {"sign_id": "sign_A_1", "match_sign_id": "sign_B_1"}, {"sign_id": "sign_A_2", "match_sign_id": "sign_B_2"}, {"sign_id": "sign_A_2", "match_sign_id": "sign_B_1"}, {"sign_id": "sign_A_3", "match_sign_id": "sign_B_2"}, {"sign_id": "sign_A_3", "match_sign_id": "sign_B_1"}, {"sign_id": "sign_A_4", "match_sign_id": "sign_B_2"}, {"sign_id": "sign_A_4", "match_sign_id": "sign_B_1"}, {"sign_id": "sign_A_5", "match_sign_id": "sign_B_2"}, {"sign_id": "sign_A_5", "match_sign_id": "sign_B_4"}, {"sign_id": "sign_A_6", "match_sign_id": "sign_B_1"}, {"sign_id": "sign_A_6", "match_sign_id": "sign_B_3"}, {"sign_id": "sign_A_7", "match_sign_id": "sign_B_1"}, {"sign_id": "sign_A_7", "match_sign_id": "sign_B_3"}, {"sign_id": "sign_A_7", "match_sign_id": "sign_B_2"}, {"sign_id": "sign_A_8", "match_sign_id": "sign_B_4"}, {"sign_id": "sign_A_8", "match_sign_id": "sign_B_2"}, {"sign_id": "sign_A_9", "match_sign_id": "sign_B_2"}, {"sign_id": "sign_A_9", "match_sign_id": "sign_B_1"}, {"sign_id": "sign_A_4", "match_sign_id": "sign_B_3"}, {"sign_id": "sign_A_3", "match_sign_id": "sign_B_3"}, {"sign_id": "sign_A_2", "match_sign_id": "sign_B_3"}, {"sign_id": "sign_A_5", "match_sign_id": "sign_B_3"}, {"sign_id": "sign_A_1", "match_sign_id": "sign_B_3"}, {"sign_id": "sign_A_3", "match_sign_id": "sign_B_4"}, {"sign_id": "sign_A_9", "match_sign_id": "sign_B_4"}, {"sign_id": "sign_A_2", "match_sign_id": "sign_B_4"}, {"sign_id": "sign_A_4", "match_sign_id": "sign_B_4"}, {"sign_id": "sign_A_1", "match_sign_id": "sign_B_4"}, {"sign_id": "sign_A_6", "match_sign_id": "sign_B_4"}]}