{"group": [{"pic_list": ["19596197122300001827", "19596197122300001828", "19596197122300001829", "19596197122300001830", "19596197122300001831"], "seq_id": "A"}, {"pic_list": ["18558493090600049004", "18558493090600049005", "18558493090600049006", "18558493090600049007", "18558493090600049008", "18558493090600049009"], "seq_id": "B"}], "signs": [{"pic_id": "19596197122300001827", "x": 694, "y": 225, "w": 10, "h": 12, "type": "301", "sign_id": "sign_A_1"}, {"pic_id": "19596197122300001828", "x": 755, "y": 193, "w": 12, "h": 14, "type": "301", "sign_id": "sign_A_2"}, {"pic_id": "19596197122300001828", "x": 375, "y": 299, "w": 7, "h": 8, "type": "301", "sign_id": "sign_A_3"}, {"pic_id": "19596197122300001829", "x": 806, "y": 156, "w": 15, "h": 17, "type": "301", "sign_id": "sign_A_4"}, {"pic_id": "19596197122300001830", "x": 788, "y": 273, "w": 17, "h": 17, "type": "106", "sign_id": "sign_A_5"}, {"pic_id": "19596197122300001830", "x": 972, "y": 6, "w": 23, "h": 28, "type": "301", "sign_id": "sign_A_6"}, {"pic_id": "19596197122300001831", "x": 1086, "y": 231, "w": 27, "h": 26, "type": "106", "sign_id": "sign_A_7"}, {"pic_id": "18558493090600049004", "x": 758, "y": 311, "w": 8, "h": 10, "type": "301", "sign_id": "sign_B_1"}, {"pic_id": "18558493090600049005", "x": 788, "y": 269, "w": 10, "h": 12, "type": "301", "sign_id": "sign_B_2"}, {"pic_id": "18558493090600049006", "x": 835, "y": 193, "w": 14, "h": 17, "type": "301", "sign_id": "sign_B_3"}, {"pic_id": "18558493090600049007", "x": 815, "y": 330, "w": 16, "h": 16, "type": "106", "sign_id": "sign_B_4"}, {"pic_id": "18558493090600049007", "x": 940, "y": 88, "w": 20, "h": 25, "type": "301", "sign_id": "sign_B_5"}, {"pic_id": "18558493090600049008", "x": 884, "y": 299, "w": 21, "h": 21, "type": "106", "sign_id": "sign_B_6"}, {"pic_id": "18558493090600049009", "x": 940, "y": 269, "w": 27, "h": 27, "type": "106", "sign_id": "sign_B_7"}], "match": [{"sign_id": "sign_A_1", "match_sign_id": "sign_B_3"}, {"sign_id": "sign_A_1", "match_sign_id": "sign_B_5"}, {"sign_id": "sign_A_1", "match_sign_id": "sign_B_2"}, {"sign_id": "sign_A_1", "match_sign_id": "sign_B_1"}, {"sign_id": "sign_A_2", "match_sign_id": "sign_B_5"}, {"sign_id": "sign_A_2", "match_sign_id": "sign_B_3"}, {"sign_id": "sign_A_2", "match_sign_id": "sign_B_2"}, {"sign_id": "sign_A_2", "match_sign_id": "sign_B_1"}, {"sign_id": "sign_A_4", "match_sign_id": "sign_B_5"}, {"sign_id": "sign_A_4", "match_sign_id": "sign_B_3"}, {"sign_id": "sign_A_4", "match_sign_id": "sign_B_2"}, {"sign_id": "sign_A_4", "match_sign_id": "sign_B_1"}, {"sign_id": "sign_A_5", "match_sign_id": "sign_B_4"}, {"sign_id": "sign_A_5", "match_sign_id": "sign_B_6"}, {"sign_id": "sign_A_5", "match_sign_id": "sign_B_7"}, {"sign_id": "sign_A_6", "match_sign_id": "sign_B_5"}, {"sign_id": "sign_A_6", "match_sign_id": "sign_B_3"}, {"sign_id": "sign_A_6", "match_sign_id": "sign_B_2"}, {"sign_id": "sign_A_6", "match_sign_id": "sign_B_1"}, {"sign_id": "sign_A_7", "match_sign_id": "sign_B_7"}, {"sign_id": "sign_A_7", "match_sign_id": "sign_B_6"}, {"sign_id": "sign_A_7", "match_sign_id": "sign_B_4"}]}