{"group": [{"pic_list": ["19592411120400000242", "19592411120400000457", "19592411120400000458"], "seq_id": "A"}, {"pic_list": ["18553566010900016754", "18553566010900016755", "18553566010900016756", "18553566010900016757"], "seq_id": "B"}], "signs": [{"pic_id": "19592411120400000242", "x": 807, "y": 430, "w": 10, "h": 11, "type": "301", "sign_id": "sign_A_1"}, {"pic_id": "19592411120400000242", "x": 828, "y": 427, "w": 10, "h": 11, "type": "301", "sign_id": "sign_A_2"}, {"pic_id": "19592411120400000457", "x": 895, "y": 407, "w": 13, "h": 15, "type": "301", "sign_id": "sign_A_3"}, {"pic_id": "19592411120400000457", "x": 930, "y": 403, "w": 12, "h": 14, "type": "301", "sign_id": "sign_A_4"}, {"pic_id": "18553566010900016754", "x": 1122, "y": 298, "w": 24, "h": 23, "type": "301", "sign_id": "sign_B_1"}], "match": [{"sign_id": "sign_A_1", "match_sign_id": "sign_B_1"}, {"sign_id": "sign_A_2", "match_sign_id": "sign_B_1"}, {"sign_id": "sign_A_3", "match_sign_id": "sign_B_1"}, {"sign_id": "sign_A_4", "match_sign_id": "sign_B_1"}]}