{"group": [{"pic_list": ["19581460080500012790", "19581460080500011689", "19581460080500011690", "19581460080500012792", "19581460080500012793", "19581460080500012794"], "seq_id": "A"}, {"pic_list": ["18558331080900005805", "18558331080900005806", "18558331080900005807", "18558331080900005741", "18558331080900005742"], "seq_id": "B"}], "signs": [{"pic_id": "19581460080500012790", "x": 999, "y": 218, "w": 18, "h": 23, "type": "301", "sign_id": "sign_A_1"}, {"pic_id": "19581460080500011689", "x": 1263, "y": 113, "w": 16, "h": 34, "type": "301", "sign_id": "sign_A_2"}, {"pic_id": "19581460080500011690", "x": 823, "y": 312, "w": 55, "h": 54, "type": "103", "sign_id": "sign_A_3"}, {"pic_id": "19581460080500012792", "x": 745, "y": 354, "w": 35, "h": 30, "type": "103", "sign_id": "sign_A_4"}, {"pic_id": "19581460080500012794", "x": 926, "y": 243, "w": 72, "h": 64, "type": "103", "sign_id": "sign_A_5"}, {"pic_id": "18558331080900005805", "x": 737, "y": 269, "w": 40, "h": 37, "type": "103", "sign_id": "sign_B_1"}, {"pic_id": "18558331080900005807", "x": 931, "y": 141, "w": 82, "h": 80, "type": "103", "sign_id": "sign_B_2"}, {"pic_id": "18558331080900005741", "x": 171, "y": 223, "w": 13, "h": 15, "type": "301", "sign_id": "sign_B_3"}, {"pic_id": "18558331080900005741", "x": 920, "y": 218, "w": 13, "h": 15, "type": "301", "sign_id": "sign_B_4"}, {"pic_id": "18558331080900005742", "x": 1162, "y": 125, "w": 22, "h": 28, "type": "301", "sign_id": "sign_B_5"}], "match": [{"sign_id": "sign_A_1", "match_sign_id": "sign_B_5"}, {"sign_id": "sign_A_1", "match_sign_id": "sign_B_4"}, {"sign_id": "sign_A_2", "match_sign_id": "sign_B_4"}, {"sign_id": "sign_A_2", "match_sign_id": "sign_B_5"}, {"sign_id": "sign_A_3", "match_sign_id": "sign_B_2"}, {"sign_id": "sign_A_3", "match_sign_id": "sign_B_1"}, {"sign_id": "sign_A_4", "match_sign_id": "sign_B_1"}, {"sign_id": "sign_A_4", "match_sign_id": "sign_B_2"}, {"sign_id": "sign_A_5", "match_sign_id": "sign_B_2"}, {"sign_id": "sign_A_5", "match_sign_id": "sign_B_1"}]}