{"group": [{"pic_list": ["19581545080600018428", "19581545080600018429", "19581545080600018430", "19581545080600018431", "19581545080600018374", "19581545080600018375"], "seq_id": "A"}, {"pic_list": ["18558105073000007062", "18558105073000007063", "18558105073000005246", "18558105073000005247", "18558105073000005248", "18558105073000005249"], "seq_id": "B"}], "signs": [{"pic_id": "19581545080600018428", "x": 720, "y": 411, "w": 25, "h": 24, "type": "105", "sign_id": "sign_A_1"}, {"pic_id": "19581545080600018429", "x": 803, "y": 397, "w": 33, "h": 32, "type": "105", "sign_id": "sign_A_2"}, {"pic_id": "19581545080600018430", "x": 895, "y": 377, "w": 42, "h": 40, "type": "105", "sign_id": "sign_A_3"}, {"pic_id": "19581545080600018430", "x": 909, "y": 207, "w": 17, "h": 21, "type": "301", "sign_id": "sign_A_4"}, {"pic_id": "19581545080600018430", "x": 1158, "y": 139, "w": 23, "h": 32, "type": "301", "sign_id": "sign_A_5"}, {"pic_id": "19581545080600018431", "x": 1100, "y": 315, "w": 63, "h": 62, "type": "105", "sign_id": "sign_A_6"}, {"pic_id": "19581545080600018431", "x": 1113, "y": 62, "w": 25, "h": 32, "type": "301", "sign_id": "sign_A_7"}, {"pic_id": "19581545080600018374", "x": 808, "y": 369, "w": 44, "h": 40, "type": "105", "sign_id": "sign_A_8"}, {"pic_id": "19581545080600018375", "x": 1072, "y": 248, "w": 84, "h": 79, "type": "105", "sign_id": "sign_A_9"}, {"pic_id": "18558105073000007062", "x": 883, "y": 351, "w": 41, "h": 38, "type": "105", "sign_id": "sign_B_1"}, {"pic_id": "18558105073000007063", "x": 1113, "y": 187, "w": 102, "h": 89, "type": "105", "sign_id": "sign_B_2"}, {"pic_id": "18558105073000005246", "x": 881, "y": 403, "w": 21, "h": 20, "type": "105", "sign_id": "sign_B_3"}, {"pic_id": "18558105073000005246", "x": 332, "y": 206, "w": 18, "h": 23, "type": "301", "sign_id": "sign_B_4"}, {"pic_id": "18558105073000005246", "x": 939, "y": 319, "w": 11, "h": 13, "type": "301", "sign_id": "sign_B_5"}, {"pic_id": "18558105073000005246", "x": 279, "y": 205, "w": 18, "h": 23, "type": "301", "sign_id": "sign_B_6"}, {"pic_id": "18558105073000005246", "x": 884, "y": 317, "w": 10, "h": 13, "type": "301", "sign_id": "sign_B_7"}, {"pic_id": "18558105073000005247", "x": 868, "y": 373, "w": 29, "h": 27, "type": "105", "sign_id": "sign_B_8"}, {"pic_id": "18558105073000005247", "x": 870, "y": 262, "w": 12, "h": 15, "type": "301", "sign_id": "sign_B_9"}, {"pic_id": "18558105073000005248", "x": 936, "y": 336, "w": 42, "h": 39, "type": "105", "sign_id": "sign_B_10"}, {"pic_id": "18558105073000005248", "x": 1129, "y": 115, "w": 23, "h": 28, "type": "301", "sign_id": "sign_B_11"}, {"pic_id": "18558105073000005248", "x": 944, "y": 176, "w": 15, "h": 19, "type": "301", "sign_id": "sign_B_12"}, {"pic_id": "18558105073000005249", "x": 1219, "y": 227, "w": 60, "h": 75, "type": "105", "sign_id": "sign_B_13"}], "match": [{"sign_id": "sign_A_1", "match_sign_id": "sign_B_13"}, {"sign_id": "sign_A_1", "match_sign_id": "sign_B_8"}, {"sign_id": "sign_A_1", "match_sign_id": "sign_B_3"}, {"sign_id": "sign_A_1", "match_sign_id": "sign_B_1"}, {"sign_id": "sign_A_1", "match_sign_id": "sign_B_10"}, {"sign_id": "sign_A_2", "match_sign_id": "sign_B_13"}, {"sign_id": "sign_A_2", "match_sign_id": "sign_B_8"}, {"sign_id": "sign_A_2", "match_sign_id": "sign_B_1"}, {"sign_id": "sign_A_2", "match_sign_id": "sign_B_10"}, {"sign_id": "sign_A_2", "match_sign_id": "sign_B_3"}, {"sign_id": "sign_A_3", "match_sign_id": "sign_B_13"}, {"sign_id": "sign_A_3", "match_sign_id": "sign_B_8"}, {"sign_id": "sign_A_3", "match_sign_id": "sign_B_3"}, {"sign_id": "sign_A_3", "match_sign_id": "sign_B_1"}, {"sign_id": "sign_A_3", "match_sign_id": "sign_B_10"}, {"sign_id": "sign_A_4", "match_sign_id": "sign_B_12"}, {"sign_id": "sign_A_4", "match_sign_id": "sign_B_9"}, {"sign_id": "sign_A_4", "match_sign_id": "sign_B_7"}, {"sign_id": "sign_A_5", "match_sign_id": "sign_B_11"}, {"sign_id": "sign_A_5", "match_sign_id": "sign_B_5"}, {"sign_id": "sign_A_6", "match_sign_id": "sign_B_13"}, {"sign_id": "sign_A_6", "match_sign_id": "sign_B_8"}, {"sign_id": "sign_A_6", "match_sign_id": "sign_B_1"}, {"sign_id": "sign_A_6", "match_sign_id": "sign_B_2"}, {"sign_id": "sign_A_6", "match_sign_id": "sign_B_3"}, {"sign_id": "sign_A_7", "match_sign_id": "sign_B_11"}, {"sign_id": "sign_A_7", "match_sign_id": "sign_B_12"}, {"sign_id": "sign_A_7", "match_sign_id": "sign_B_7"}, {"sign_id": "sign_A_7", "match_sign_id": "sign_B_9"}, {"sign_id": "sign_A_8", "match_sign_id": "sign_B_8"}, {"sign_id": "sign_A_8", "match_sign_id": "sign_B_1"}, {"sign_id": "sign_A_8", "match_sign_id": "sign_B_10"}, {"sign_id": "sign_A_8", "match_sign_id": "sign_B_3"}, {"sign_id": "sign_A_8", "match_sign_id": "sign_B_2"}, {"sign_id": "sign_A_9", "match_sign_id": "sign_B_1"}, {"sign_id": "sign_A_9", "match_sign_id": "sign_B_2"}, {"sign_id": "sign_A_9", "match_sign_id": "sign_B_8"}, {"sign_id": "sign_A_9", "match_sign_id": "sign_B_3"}, {"sign_id": "sign_A_9", "match_sign_id": "sign_B_10"}, {"sign_id": "sign_A_3", "match_sign_id": "sign_B_2"}, {"sign_id": "sign_A_2", "match_sign_id": "sign_B_2"}, {"sign_id": "sign_A_8", "match_sign_id": "sign_B_13"}, {"sign_id": "sign_A_9", "match_sign_id": "sign_B_13"}]}