{"group": [{"pic_list": ["20598299011000006045", "20598299011000006046", "20598299011000006047", "20598299011000006048", "20598299011000006049", "20598299011000006050", "20598299011000006051"], "seq_id": "A"}, {"pic_list": ["18558504082400026496", "18558504082400026497", "18558504082400026498", "18558504082400026499", "18558504082400026500", "18558504082400026501"], "seq_id": "B"}], "signs": [{"pic_id": "20598299011000006045", "x": 326, "y": 319, "w": 7, "h": 9, "type": "301", "sign_id": "sign_A_1"}, {"pic_id": "20598299011000006046", "x": 343, "y": 327, "w": 8, "h": 9, "type": "301", "sign_id": "sign_A_2"}, {"pic_id": "20598299011000006047", "x": 301, "y": 318, "w": 8, "h": 9, "type": "301", "sign_id": "sign_A_3"}, {"pic_id": "20598299011000006048", "x": 253, "y": 311, "w": 9, "h": 10, "type": "301", "sign_id": "sign_A_4"}, {"pic_id": "20598299011000006049", "x": 218, "y": 300, "w": 10, "h": 13, "type": "301", "sign_id": "sign_A_5"}, {"pic_id": "20598299011000006050", "x": 88, "y": 256, "w": 14, "h": 18, "type": "301", "sign_id": "sign_A_6"}], "match": [{"sign_id": "sign_A_1", "match_sign_id": " "}, {"sign_id": "sign_A_2", "match_sign_id": " "}, {"sign_id": "sign_A_3", "match_sign_id": " "}, {"sign_id": "sign_A_4", "match_sign_id": " "}, {"sign_id": "sign_A_5", "match_sign_id": " "}, {"sign_id": "sign_A_6", "match_sign_id": " "}]}