{"group": [{"pic_list": ["20599305030500027480", "20599305030500027855", "20599305030500027856", "20599305030500027857", "20599305030500027858", "20599305030500027859", "20599305030500027860"], "seq_id": "A"}, {"pic_list": ["18559057092800019643", "18559057092800019581", "18559057092800019582", "18559057092800019583", "18559057092800019584", "18559057092800019585", "18559057092800019586"], "seq_id": "B"}], "signs": [{"pic_id": "20599305030500027480", "x": 699, "y": 663, "w": 7, "h": 9, "type": "301", "sign_id": "sign_A_1"}, {"pic_id": "20599305030500027855", "x": 696, "y": 639, "w": 8, "h": 10, "type": "301", "sign_id": "sign_A_2"}, {"pic_id": "20599305030500027856", "x": 712, "y": 618, "w": 9, "h": 12, "type": "301", "sign_id": "sign_A_3"}, {"pic_id": "20599305030500027857", "x": 713, "y": 578, "w": 10, "h": 14, "type": "301", "sign_id": "sign_A_4"}, {"pic_id": "20599305030500027858", "x": 718, "y": 533, "w": 13, "h": 17, "type": "301", "sign_id": "sign_A_5"}, {"pic_id": "20599305030500027859", "x": 742, "y": 454, "w": 17, "h": 23, "type": "301", "sign_id": "sign_A_6"}, {"pic_id": "20599305030500027860", "x": 791, "y": 272, "w": 26, "h": 35, "type": "301", "sign_id": "sign_A_7"}, {"pic_id": "18559057092800019643", "x": 647, "y": 323, "w": 6, "h": 6, "type": "301", "sign_id": "sign_B_1"}, {"pic_id": "18559057092800019581", "x": 640, "y": 315, "w": 6, "h": 7, "type": "301", "sign_id": "sign_B_2"}, {"pic_id": "18559057092800019582", "x": 641, "y": 302, "w": 6, "h": 8, "type": "301", "sign_id": "sign_B_3"}, {"pic_id": "18559057092800019583", "x": 648, "y": 285, "w": 7, "h": 9, "type": "301", "sign_id": "sign_B_4"}, {"pic_id": "18559057092800019584", "x": 659, "y": 262, "w": 8, "h": 10, "type": "301", "sign_id": "sign_B_5"}, {"pic_id": "18559057092800019585", "x": 674, "y": 228, "w": 10, "h": 14, "type": "301", "sign_id": "sign_B_6"}, {"pic_id": "18559057092800019586", "x": 694, "y": 183, "w": 12, "h": 17, "type": "301", "sign_id": "sign_B_7"}], "match": [{"sign_id": "sign_A_1", "match_sign_id": "sign_B_4"}, {"sign_id": "sign_A_1", "match_sign_id": "sign_B_3"}, {"sign_id": "sign_A_1", "match_sign_id": "sign_B_2"}, {"sign_id": "sign_A_1", "match_sign_id": "sign_B_1"}, {"sign_id": "sign_A_1", "match_sign_id": "sign_B_5"}, {"sign_id": "sign_A_2", "match_sign_id": "sign_B_4"}, {"sign_id": "sign_A_2", "match_sign_id": "sign_B_3"}, {"sign_id": "sign_A_2", "match_sign_id": "sign_B_5"}, {"sign_id": "sign_A_2", "match_sign_id": "sign_B_2"}, {"sign_id": "sign_A_3", "match_sign_id": "sign_B_4"}, {"sign_id": "sign_A_3", "match_sign_id": "sign_B_3"}, {"sign_id": "sign_A_3", "match_sign_id": "sign_B_5"}, {"sign_id": "sign_A_3", "match_sign_id": "sign_B_2"}, {"sign_id": "sign_A_4", "match_sign_id": "sign_B_4"}, {"sign_id": "sign_A_4", "match_sign_id": "sign_B_5"}, {"sign_id": "sign_A_4", "match_sign_id": "sign_B_3"}, {"sign_id": "sign_A_4", "match_sign_id": "sign_B_2"}, {"sign_id": "sign_A_5", "match_sign_id": "sign_B_6"}, {"sign_id": "sign_A_5", "match_sign_id": "sign_B_5"}, {"sign_id": "sign_A_5", "match_sign_id": "sign_B_7"}, {"sign_id": "sign_A_5", "match_sign_id": "sign_B_4"}, {"sign_id": "sign_A_6", "match_sign_id": "sign_B_6"}, {"sign_id": "sign_A_6", "match_sign_id": "sign_B_5"}, {"sign_id": "sign_A_6", "match_sign_id": "sign_B_4"}, {"sign_id": "sign_A_6", "match_sign_id": "sign_B_7"}, {"sign_id": "sign_A_7", "match_sign_id": "sign_B_6"}, {"sign_id": "sign_A_7", "match_sign_id": "sign_B_7"}, {"sign_id": "sign_A_7", "match_sign_id": "sign_B_5"}, {"sign_id": "sign_A_7", "match_sign_id": "sign_B_4"}, {"sign_id": "sign_A_2", "match_sign_id": "sign_B_1"}, {"sign_id": "sign_A_3", "match_sign_id": "sign_B_1"}, {"sign_id": "sign_A_4", "match_sign_id": "sign_B_1"}, {"sign_id": "sign_A_3", "match_sign_id": "sign_B_6"}, {"sign_id": "sign_A_2", "match_sign_id": "sign_B_6"}, {"sign_id": "sign_A_4", "match_sign_id": "sign_B_6"}, {"sign_id": "sign_A_3", "match_sign_id": "sign_B_7"}]}