{"group": [{"pic_list": ["19569540040200014208", "19569540040200014209", "19569540040200014210", "19569540040200014211", "19569540040200014212"], "seq_id": "A"}, {"pic_list": ["18558024072600020284", "18558024072600020285", "18558024072600020286", "18558024072600020287"], "seq_id": "B"}], "signs": [{"pic_id": "19569540040200014209", "x": 703, "y": 284, "w": 8, "h": 10, "type": "301", "sign_id": "sign_A_1"}, {"pic_id": "19569540040200014210", "x": 749, "y": 254, "w": 11, "h": 13, "type": "301", "sign_id": "sign_A_2"}, {"pic_id": "19569540040200014211", "x": 822, "y": 193, "w": 13, "h": 17, "type": "301", "sign_id": "sign_A_3"}, {"pic_id": "19569540040200014211", "x": 670, "y": 361, "w": 6, "h": 7, "type": "301", "sign_id": "sign_A_4"}, {"pic_id": "19569540040200014212", "x": 981, "y": 46, "w": 23, "h": 28, "type": "301", "sign_id": "sign_A_5"}, {"pic_id": "19569540040200014212", "x": 676, "y": 354, "w": 7, "h": 8, "type": "301", "sign_id": "sign_A_6"}, {"pic_id": "18558024072600020284", "x": 665, "y": 403, "w": 9, "h": 11, "type": "301", "sign_id": "sign_B_1"}, {"pic_id": "18558024072600020285", "x": 698, "y": 370, "w": 10, "h": 12, "type": "301", "sign_id": "sign_B_2"}, {"pic_id": "18558024072600020287", "x": 774, "y": 243, "w": 17, "h": 23, "type": "301", "sign_id": "sign_B_3"}], "match": [{"sign_id": "sign_A_1", "match_sign_id": "sign_B_1"}, {"sign_id": "sign_A_1", "match_sign_id": "sign_B_2"}, {"sign_id": "sign_A_1", "match_sign_id": "sign_B_3"}, {"sign_id": "sign_A_2", "match_sign_id": "sign_B_1"}, {"sign_id": "sign_A_2", "match_sign_id": "sign_B_2"}, {"sign_id": "sign_A_2", "match_sign_id": "sign_B_3"}, {"sign_id": "sign_A_3", "match_sign_id": "sign_B_3"}, {"sign_id": "sign_A_3", "match_sign_id": "sign_B_1"}, {"sign_id": "sign_A_3", "match_sign_id": "sign_B_2"}, {"sign_id": "sign_A_5", "match_sign_id": "sign_B_2"}, {"sign_id": "sign_A_5", "match_sign_id": "sign_B_1"}, {"sign_id": "sign_A_5", "match_sign_id": "sign_B_3"}]}