{"group": [{"pic_list": ["20598530011400000579", "20598530011400000580", "20598530011400000581", "20598530011400000582", "20598530011400000583", "20598530011400000584", "20598530011400000585"], "seq_id": "A"}, {"pic_list": ["18558681091000037409", "18558681091000037410", "18558681091000037411", "18558681091000037412", "18558681091000037413", "18558681091000037414", "18558681091000041143"], "seq_id": "B"}], "signs": [{"pic_id": "20598530011400000579", "x": 573, "y": 344, "w": 6, "h": 7, "type": "301", "sign_id": "sign_A_1"}, {"pic_id": "20598530011400000579", "x": 713, "y": 301, "w": 6, "h": 8, "type": "301", "sign_id": "sign_A_2"}, {"pic_id": "20598530011400000580", "x": 573, "y": 340, "w": 7, "h": 7, "type": "301", "sign_id": "sign_A_3"}, {"pic_id": "20598530011400000580", "x": 735, "y": 284, "w": 8, "h": 10, "type": "301", "sign_id": "sign_A_4"}, {"pic_id": "20598530011400000581", "x": 569, "y": 335, "w": 6, "h": 8, "type": "301", "sign_id": "sign_A_5"}, {"pic_id": "20598530011400000581", "x": 758, "y": 260, "w": 9, "h": 12, "type": "301", "sign_id": "sign_A_6"}, {"pic_id": "20598530011400000582", "x": 783, "y": 228, "w": 10, "h": 14, "type": "301", "sign_id": "sign_A_7"}, {"pic_id": "20598530011400000582", "x": 556, "y": 329, "w": 6, "h": 7, "type": "301", "sign_id": "sign_A_8"}, {"pic_id": "20598530011400000583", "x": 830, "y": 175, "w": 13, "h": 17, "type": "301", "sign_id": "sign_A_9"}, {"pic_id": "20598530011400000583", "x": 538, "y": 323, "w": 6, "h": 8, "type": "301", "sign_id": "sign_A_10"}, {"pic_id": "20598530011400000584", "x": 932, "y": 73, "w": 17, "h": 23, "type": "301", "sign_id": "sign_A_11"}, {"pic_id": "20598530011400000584", "x": 529, "y": 314, "w": 7, "h": 9, "type": "301", "sign_id": "sign_A_12"}, {"pic_id": "20598530011400000585", "x": 522, "y": 302, "w": 7, "h": 10, "type": "301", "sign_id": "sign_A_13"}, {"pic_id": "18558681091000037409", "x": 629, "y": 364, "w": 7, "h": 8, "type": "301", "sign_id": "sign_B_1"}, {"pic_id": "18558681091000037409", "x": 484, "y": 398, "w": 6, "h": 8, "type": "301", "sign_id": "sign_B_2"}, {"pic_id": "18558681091000037410", "x": 645, "y": 348, "w": 9, "h": 11, "type": "301", "sign_id": "sign_B_3"}, {"pic_id": "18558681091000037410", "x": 471, "y": 398, "w": 6, "h": 8, "type": "301", "sign_id": "sign_B_4"}, {"pic_id": "18558681091000037411", "x": 715, "y": 286, "w": 11, "h": 13, "type": "301", "sign_id": "sign_B_5"}, {"pic_id": "18558681091000037411", "x": 467, "y": 378, "w": 6, "h": 8, "type": "301", "sign_id": "sign_B_6"}, {"pic_id": "18558681091000037412", "x": 747, "y": 271, "w": 11, "h": 14, "type": "301", "sign_id": "sign_B_7"}, {"pic_id": "18558681091000037412", "x": 470, "y": 379, "w": 6, "h": 9, "type": "301", "sign_id": "sign_B_8"}, {"pic_id": "18558681091000037413", "x": 839, "y": 205, "w": 14, "h": 18, "type": "301", "sign_id": "sign_B_9"}, {"pic_id": "18558681091000037413", "x": 478, "y": 366, "w": 7, "h": 8, "type": "301", "sign_id": "sign_B_10"}, {"pic_id": "18558681091000037414", "x": 959, "y": 130, "w": 17, "h": 23, "type": "301", "sign_id": "sign_B_11"}, {"pic_id": "18558681091000037414", "x": 483, "y": 362, "w": 7, "h": 8, "type": "301", "sign_id": "sign_B_12"}, {"pic_id": "18558681091000041143", "x": 478, "y": 351, "w": 7, "h": 10, "type": "301", "sign_id": "sign_B_13"}], "match": [{"sign_id": "sign_A_1", "match_sign_id": "sign_B_2"}, {"sign_id": "sign_A_1", "match_sign_id": "sign_B_4"}, {"sign_id": "sign_A_1", "match_sign_id": "sign_B_13"}, {"sign_id": "sign_A_2", "match_sign_id": "sign_B_3"}, {"sign_id": "sign_A_2", "match_sign_id": "sign_B_13"}, {"sign_id": "sign_A_3", "match_sign_id": "sign_B_4"}, {"sign_id": "sign_A_3", "match_sign_id": "sign_B_2"}, {"sign_id": "sign_A_3", "match_sign_id": "sign_B_6"}, {"sign_id": "sign_A_3", "match_sign_id": "sign_B_8"}, {"sign_id": "sign_A_4", "match_sign_id": "sign_B_3"}, {"sign_id": "sign_A_4", "match_sign_id": "sign_B_1"}, {"sign_id": "sign_A_4", "match_sign_id": "sign_B_13"}, {"sign_id": "sign_A_5", "match_sign_id": "sign_B_2"}, {"sign_id": "sign_A_5", "match_sign_id": "sign_B_4"}, {"sign_id": "sign_A_5", "match_sign_id": "sign_B_6"}, {"sign_id": "sign_A_5", "match_sign_id": "sign_B_8"}, {"sign_id": "sign_A_6", "match_sign_id": "sign_B_3"}, {"sign_id": "sign_A_6", "match_sign_id": "sign_B_1"}, {"sign_id": "sign_A_6", "match_sign_id": "sign_B_7"}, {"sign_id": "sign_A_6", "match_sign_id": "sign_B_11"}, {"sign_id": "sign_A_7", "match_sign_id": "sign_B_3"}, {"sign_id": "sign_A_7", "match_sign_id": "sign_B_11"}, {"sign_id": "sign_A_7", "match_sign_id": "sign_B_7"}, {"sign_id": "sign_A_7", "match_sign_id": "sign_B_1"}, {"sign_id": "sign_A_7", "match_sign_id": "sign_B_5"}, {"sign_id": "sign_A_8", "match_sign_id": "sign_B_8"}, {"sign_id": "sign_A_8", "match_sign_id": "sign_B_4"}, {"sign_id": "sign_A_8", "match_sign_id": "sign_B_10"}, {"sign_id": "sign_A_8", "match_sign_id": "sign_B_2"}, {"sign_id": "sign_A_9", "match_sign_id": "sign_B_7"}, {"sign_id": "sign_A_9", "match_sign_id": "sign_B_5"}, {"sign_id": "sign_A_9", "match_sign_id": "sign_B_11"}, {"sign_id": "sign_A_9", "match_sign_id": "sign_B_9"}, {"sign_id": "sign_A_9", "match_sign_id": "sign_B_1"}, {"sign_id": "sign_A_9", "match_sign_id": "sign_B_3"}, {"sign_id": "sign_A_10", "match_sign_id": "sign_B_8"}, {"sign_id": "sign_A_10", "match_sign_id": "sign_B_4"}, {"sign_id": "sign_A_10", "match_sign_id": "sign_B_6"}, {"sign_id": "sign_A_10", "match_sign_id": "sign_B_10"}, {"sign_id": "sign_A_11", "match_sign_id": "sign_B_11"}, {"sign_id": "sign_A_11", "match_sign_id": "sign_B_7"}, {"sign_id": "sign_A_11", "match_sign_id": "sign_B_9"}, {"sign_id": "sign_A_11", "match_sign_id": "sign_B_5"}, {"sign_id": "sign_A_11", "match_sign_id": "sign_B_3"}, {"sign_id": "sign_A_11", "match_sign_id": "sign_B_1"}, {"sign_id": "sign_A_12", "match_sign_id": "sign_B_13"}, {"sign_id": "sign_A_12", "match_sign_id": "sign_B_8"}, {"sign_id": "sign_A_12", "match_sign_id": "sign_B_10"}, {"sign_id": "sign_A_12", "match_sign_id": "sign_B_12"}, {"sign_id": "sign_A_12", "match_sign_id": "sign_B_6"}, {"sign_id": "sign_A_13", "match_sign_id": "sign_B_10"}, {"sign_id": "sign_A_13", "match_sign_id": "sign_B_8"}, {"sign_id": "sign_A_13", "match_sign_id": "sign_B_12"}, {"sign_id": "sign_A_13", "match_sign_id": "sign_B_13"}, {"sign_id": "sign_A_13", "match_sign_id": "sign_B_6"}, {"sign_id": "sign_A_13", "match_sign_id": "sign_B_4"}, {"sign_id": "sign_A_10", "match_sign_id": "sign_B_2"}, {"sign_id": "sign_A_12", "match_sign_id": "sign_B_2"}, {"sign_id": "sign_A_12", "match_sign_id": "sign_B_4"}, {"sign_id": "sign_A_6", "match_sign_id": "sign_B_5"}, {"sign_id": "sign_A_8", "match_sign_id": "sign_B_6"}, {"sign_id": "sign_A_7", "match_sign_id": "sign_B_9"}, {"sign_id": "sign_A_6", "match_sign_id": "sign_B_9"}, {"sign_id": "sign_A_4", "match_sign_id": "sign_B_11"}, {"sign_id": "sign_A_10", "match_sign_id": "sign_B_12"}, {"sign_id": "sign_A_8", "match_sign_id": "sign_B_12"}, {"sign_id": "sign_A_8", "match_sign_id": "sign_B_13"}, {"sign_id": "sign_A_10", "match_sign_id": "sign_B_13"}]}