{"group": [{"pic_list": ["19579597070900005205", "19579597070900005206", "19579597070900005207", "19579597070900005208"], "seq_id": "A"}, {"pic_list": ["18558236080200001069", "18558236080200001070", "18558236080200001071", "18558236080200001072"], "seq_id": "B"}], "signs": [{"pic_id": "19579597070900005205", "x": 683, "y": 326, "w": 21, "h": 21, "type": "103", "sign_id": "sign_A_1"}, {"pic_id": "19579597070900005205", "x": 843, "y": 317, "w": 11, "h": 14, "type": "301", "sign_id": "sign_A_2"}, {"pic_id": "19579597070900005206", "x": 720, "y": 318, "w": 27, "h": 26, "type": "103", "sign_id": "sign_A_3"}, {"pic_id": "19579597070900005206", "x": 930, "y": 303, "w": 14, "h": 18, "type": "301", "sign_id": "sign_A_4"}, {"pic_id": "19579597070900005207", "x": 786, "y": 296, "w": 35, "h": 34, "type": "103", "sign_id": "sign_A_5"}, {"pic_id": "19579597070900005207", "x": 1092, "y": 272, "w": 19, "h": 25, "type": "301", "sign_id": "sign_A_6"}, {"pic_id": "19579597070900005208", "x": 863, "y": 265, "w": 47, "h": 45, "type": "103", "sign_id": "sign_A_7"}, {"pic_id": "18558236080200001069", "x": 725, "y": 291, "w": 19, "h": 20, "type": "103", "sign_id": "sign_B_1"}, {"pic_id": "18558236080200001069", "x": 725, "y": 311, "w": 20, "h": 20, "type": "201", "sign_id": "sign_B_2"}, {"pic_id": "18558236080200001070", "x": 730, "y": 286, "w": 23, "h": 23, "type": "103", "sign_id": "sign_B_3"}, {"pic_id": "18558236080200001070", "x": 730, "y": 309, "w": 22, "h": 23, "type": "201", "sign_id": "sign_B_4"}, {"pic_id": "18558236080200001070", "x": 684, "y": 336, "w": 10, "h": 11, "type": "201", "sign_id": "sign_B_5"}, {"pic_id": "18558236080200001070", "x": 84, "y": 304, "w": 8, "h": 9, "type": "301", "sign_id": "sign_B_6"}, {"pic_id": "18558236080200001070", "x": 905, "y": 265, "w": 13, "h": 17, "type": "301", "sign_id": "sign_B_7"}, {"pic_id": "18558236080200001071", "x": 774, "y": 262, "w": 34, "h": 33, "type": "103", "sign_id": "sign_B_8"}, {"pic_id": "18558236080200001071", "x": 775, "y": 296, "w": 34, "h": 33, "type": "201", "sign_id": "sign_B_9"}, {"pic_id": "18558236080200001071", "x": 699, "y": 339, "w": 13, "h": 14, "type": "201", "sign_id": "sign_B_10"}, {"pic_id": "18558236080200001071", "x": 1071, "y": 219, "w": 19, "h": 25, "type": "301", "sign_id": "sign_B_11"}, {"pic_id": "18558236080200001072", "x": 788, "y": 235, "w": 45, "h": 44, "type": "103", "sign_id": "sign_B_12"}, {"pic_id": "18558236080200001072", "x": 789, "y": 279, "w": 46, "h": 44, "type": "201", "sign_id": "sign_B_13"}, {"pic_id": "18558236080200001072", "x": 682, "y": 340, "w": 14, "h": 14, "type": "201", "sign_id": "sign_B_14"}, {"pic_id": "18558236080200001072", "x": 1250, "y": 157, "w": 27, "h": 37, "type": "301", "sign_id": "sign_B_15"}], "match": [{"sign_id": "sign_A_1", "match_sign_id": "sign_B_1"}, {"sign_id": "sign_A_1", "match_sign_id": "sign_B_3"}, {"sign_id": "sign_A_1", "match_sign_id": "sign_B_8"}, {"sign_id": "sign_A_1", "match_sign_id": "sign_B_12"}, {"sign_id": "sign_A_2", "match_sign_id": "sign_B_11"}, {"sign_id": "sign_A_2", "match_sign_id": "sign_B_7"}, {"sign_id": "sign_A_2", "match_sign_id": "sign_B_15"}, {"sign_id": "sign_A_2", "match_sign_id": "sign_B_6"}, {"sign_id": "sign_A_3", "match_sign_id": "sign_B_8"}, {"sign_id": "sign_A_3", "match_sign_id": "sign_B_3"}, {"sign_id": "sign_A_3", "match_sign_id": "sign_B_1"}, {"sign_id": "sign_A_3", "match_sign_id": "sign_B_12"}, {"sign_id": "sign_A_4", "match_sign_id": "sign_B_11"}, {"sign_id": "sign_A_4", "match_sign_id": "sign_B_15"}, {"sign_id": "sign_A_4", "match_sign_id": "sign_B_7"}, {"sign_id": "sign_A_5", "match_sign_id": "sign_B_1"}, {"sign_id": "sign_A_5", "match_sign_id": "sign_B_8"}, {"sign_id": "sign_A_5", "match_sign_id": "sign_B_12"}, {"sign_id": "sign_A_5", "match_sign_id": "sign_B_3"}, {"sign_id": "sign_A_6", "match_sign_id": "sign_B_11"}, {"sign_id": "sign_A_6", "match_sign_id": "sign_B_15"}, {"sign_id": "sign_A_6", "match_sign_id": "sign_B_7"}, {"sign_id": "sign_A_7", "match_sign_id": "sign_B_8"}, {"sign_id": "sign_A_7", "match_sign_id": "sign_B_12"}, {"sign_id": "sign_A_7", "match_sign_id": "sign_B_1"}, {"sign_id": "sign_A_7", "match_sign_id": "sign_B_3"}]}