{"group": [{"pic_list": ["19591513112300007468", "19591513112300007482", "19591513112300007483", "19591513112300007484", "19591513112300007485", "19591513112300007486", "19591513112300007487"], "seq_id": "A"}, {"pic_list": ["18558644090600027021", "18558644090600027022", "18558644090600027023", "18558644090600027024", "18558644090600027025", "18558644090600027026", "18558644090600027027"], "seq_id": "B"}], "signs": [{"pic_id": "19591513112300007468", "x": 525, "y": 248, "w": 10, "h": 13, "type": "301", "sign_id": "sign_A_1"}, {"pic_id": "19591513112300007468", "x": 699, "y": 304, "w": 6, "h": 8, "type": "301", "sign_id": "sign_A_2"}, {"pic_id": "19591513112300007482", "x": 471, "y": 188, "w": 13, "h": 17, "type": "301", "sign_id": "sign_A_3"}, {"pic_id": "19591513112300007482", "x": 710, "y": 276, "w": 7, "h": 8, "type": "301", "sign_id": "sign_A_4"}, {"pic_id": "19591513112300007483", "x": 369, "y": 140, "w": 19, "h": 24, "type": "301", "sign_id": "sign_A_5"}, {"pic_id": "19591513112300007483", "x": 718, "y": 281, "w": 7, "h": 9, "type": "301", "sign_id": "sign_A_6"}, {"pic_id": "19591513112300007484", "x": 750, "y": 249, "w": 8, "h": 10, "type": "301", "sign_id": "sign_A_7"}, {"pic_id": "19591513112300007484", "x": 198, "y": 0, "w": 28, "h": 17, "type": "301", "sign_id": "sign_A_8"}, {"pic_id": "19591513112300007485", "x": 739, "y": 225, "w": 10, "h": 13, "type": "301", "sign_id": "sign_A_9"}, {"pic_id": "19591513112300007486", "x": 573, "y": 196, "w": 12, "h": 15, "type": "301", "sign_id": "sign_A_10"}, {"pic_id": "19591513112300007487", "x": 708, "y": 111, "w": 15, "h": 19, "type": "301", "sign_id": "sign_A_11"}, {"pic_id": "18558644090600027021", "x": 530, "y": 264, "w": 9, "h": 12, "type": "301", "sign_id": "sign_B_1"}, {"pic_id": "18558644090600027021", "x": 692, "y": 312, "w": 6, "h": 7, "type": "301", "sign_id": "sign_B_2"}, {"pic_id": "18558644090600027022", "x": 460, "y": 223, "w": 12, "h": 16, "type": "301", "sign_id": "sign_B_3"}, {"pic_id": "18558644090600027022", "x": 677, "y": 299, "w": 6, "h": 8, "type": "301", "sign_id": "sign_B_4"}, {"pic_id": "18558644090600027023", "x": 367, "y": 161, "w": 16, "h": 21, "type": "301", "sign_id": "sign_B_5"}, {"pic_id": "18558644090600027023", "x": 670, "y": 285, "w": 7, "h": 8, "type": "301", "sign_id": "sign_B_6"}, {"pic_id": "18558644090600027024", "x": 234, "y": 67, "w": 23, "h": 29, "type": "301", "sign_id": "sign_B_7"}, {"pic_id": "18558644090600027024", "x": 665, "y": 271, "w": 8, "h": 9, "type": "301", "sign_id": "sign_B_8"}, {"pic_id": "18558644090600027025", "x": 669, "y": 250, "w": 9, "h": 11, "type": "301", "sign_id": "sign_B_9"}, {"pic_id": "18558644090600027026", "x": 699, "y": 250, "w": 9, "h": 12, "type": "301", "sign_id": "sign_B_10"}, {"pic_id": "18558644090600027027", "x": 722, "y": 199, "w": 12, "h": 15, "type": "301", "sign_id": "sign_B_11"}], "match": [{"sign_id": "sign_A_1", "match_sign_id": "sign_B_5"}, {"sign_id": "sign_A_1", "match_sign_id": "sign_B_1"}, {"sign_id": "sign_A_1", "match_sign_id": "sign_B_3"}, {"sign_id": "sign_A_1", "match_sign_id": "sign_B_7"}, {"sign_id": "sign_A_2", "match_sign_id": "sign_B_2"}, {"sign_id": "sign_A_2", "match_sign_id": "sign_B_4"}, {"sign_id": "sign_A_2", "match_sign_id": "sign_B_6"}, {"sign_id": "sign_A_2", "match_sign_id": "sign_B_8"}, {"sign_id": "sign_A_2", "match_sign_id": "sign_B_9"}, {"sign_id": "sign_A_2", "match_sign_id": "sign_B_10"}, {"sign_id": "sign_A_3", "match_sign_id": "sign_B_7"}, {"sign_id": "sign_A_3", "match_sign_id": "sign_B_5"}, {"sign_id": "sign_A_3", "match_sign_id": "sign_B_3"}, {"sign_id": "sign_A_3", "match_sign_id": "sign_B_1"}, {"sign_id": "sign_A_4", "match_sign_id": "sign_B_8"}, {"sign_id": "sign_A_4", "match_sign_id": "sign_B_6"}, {"sign_id": "sign_A_4", "match_sign_id": "sign_B_9"}, {"sign_id": "sign_A_4", "match_sign_id": "sign_B_10"}, {"sign_id": "sign_A_4", "match_sign_id": "sign_B_4"}, {"sign_id": "sign_A_4", "match_sign_id": "sign_B_11"}, {"sign_id": "sign_A_5", "match_sign_id": "sign_B_7"}, {"sign_id": "sign_A_5", "match_sign_id": "sign_B_5"}, {"sign_id": "sign_A_5", "match_sign_id": "sign_B_3"}, {"sign_id": "sign_A_5", "match_sign_id": "sign_B_1"}, {"sign_id": "sign_A_6", "match_sign_id": "sign_B_10"}, {"sign_id": "sign_A_6", "match_sign_id": "sign_B_9"}, {"sign_id": "sign_A_6", "match_sign_id": "sign_B_8"}, {"sign_id": "sign_A_6", "match_sign_id": "sign_B_6"}, {"sign_id": "sign_A_6", "match_sign_id": "sign_B_11"}, {"sign_id": "sign_A_7", "match_sign_id": "sign_B_10"}, {"sign_id": "sign_A_7", "match_sign_id": "sign_B_9"}, {"sign_id": "sign_A_7", "match_sign_id": "sign_B_8"}, {"sign_id": "sign_A_7", "match_sign_id": "sign_B_11"}, {"sign_id": "sign_A_7", "match_sign_id": "sign_B_6"}, {"sign_id": "sign_A_8", "match_sign_id": "sign_B_7"}, {"sign_id": "sign_A_9", "match_sign_id": "sign_B_9"}, {"sign_id": "sign_A_9", "match_sign_id": "sign_B_10"}, {"sign_id": "sign_A_9", "match_sign_id": "sign_B_11"}, {"sign_id": "sign_A_9", "match_sign_id": "sign_B_8"}, {"sign_id": "sign_A_9", "match_sign_id": "sign_B_6"}, {"sign_id": "sign_A_10", "match_sign_id": "sign_B_10"}, {"sign_id": "sign_A_10", "match_sign_id": "sign_B_9"}, {"sign_id": "sign_A_10", "match_sign_id": "sign_B_11"}, {"sign_id": "sign_A_10", "match_sign_id": "sign_B_8"}, {"sign_id": "sign_A_10", "match_sign_id": "sign_B_6"}, {"sign_id": "sign_A_11", "match_sign_id": "sign_B_10"}, {"sign_id": "sign_A_11", "match_sign_id": "sign_B_9"}, {"sign_id": "sign_A_11", "match_sign_id": "sign_B_11"}, {"sign_id": "sign_A_11", "match_sign_id": "sign_B_8"}, {"sign_id": "sign_A_11", "match_sign_id": "sign_B_6"}, {"sign_id": "sign_A_6", "match_sign_id": "sign_B_1"}, {"sign_id": "sign_A_4", "match_sign_id": "sign_B_2"}, {"sign_id": "sign_A_6", "match_sign_id": "sign_B_2"}, {"sign_id": "sign_A_7", "match_sign_id": "sign_B_2"}, {"sign_id": "sign_A_6", "match_sign_id": "sign_B_3"}, {"sign_id": "sign_A_6", "match_sign_id": "sign_B_4"}, {"sign_id": "sign_A_7", "match_sign_id": "sign_B_4"}, {"sign_id": "sign_A_8", "match_sign_id": "sign_B_5"}]}