{"group": [{"pic_list": ["19582064081300004375", "19582064081300004376", "19582064081300004377", "19582064081300004378", "19582064081300004379"], "seq_id": "A"}, {"pic_list": ["18558267080700007649", "18558267080700007650", "18558267080700007651"], "seq_id": "B"}], "signs": [{"pic_id": "19582064081300004375", "x": 882, "y": 443, "w": 43, "h": 43, "type": "104", "sign_id": "sign_A_1"}, {"pic_id": "19582064081300004375", "x": 837, "y": 443, "w": 43, "h": 42, "type": "106", "sign_id": "sign_A_2"}, {"pic_id": "19582064081300004375", "x": 800, "y": 419, "w": 16, "h": 22, "type": "301", "sign_id": "sign_A_3"}, {"pic_id": "19582064081300004376", "x": 957, "y": 349, "w": 57, "h": 56, "type": "104", "sign_id": "sign_A_4"}, {"pic_id": "19582064081300004376", "x": 896, "y": 347, "w": 58, "h": 56, "type": "106", "sign_id": "sign_A_5"}, {"pic_id": "19582064081300004376", "x": 848, "y": 316, "w": 21, "h": 29, "type": "301", "sign_id": "sign_A_6"}, {"pic_id": "19582064081300004377", "x": 660, "y": 647, "w": 6, "h": 9, "type": "301", "sign_id": "sign_A_7"}, {"pic_id": "19582064081300004378", "x": 665, "y": 643, "w": 7, "h": 9, "type": "301", "sign_id": "sign_A_8"}, {"pic_id": "19582064081300004379", "x": 670, "y": 633, "w": 8, "h": 10, "type": "301", "sign_id": "sign_A_9"}, {"pic_id": "19582064081300004379", "x": 655, "y": 678, "w": 7, "h": 9, "type": "301", "sign_id": "sign_A_10"}, {"pic_id": "18558267080700007649", "x": 778, "y": 210, "w": 26, "h": 26, "type": "104", "sign_id": "sign_B_1"}, {"pic_id": "18558267080700007649", "x": 751, "y": 210, "w": 25, "h": 26, "type": "106", "sign_id": "sign_B_2"}, {"pic_id": "18558267080700007650", "x": 880, "y": 66, "w": 50, "h": 50, "type": "104", "sign_id": "sign_B_3"}, {"pic_id": "18558267080700007650", "x": 830, "y": 66, "w": 49, "h": 50, "type": "106", "sign_id": "sign_B_4"}], "match": [{"sign_id": "sign_A_1", "match_sign_id": "sign_B_1"}, {"sign_id": "sign_A_1", "match_sign_id": "sign_B_3"}, {"sign_id": "sign_A_2", "match_sign_id": "sign_B_4"}, {"sign_id": "sign_A_2", "match_sign_id": "sign_B_2"}, {"sign_id": "sign_A_3", "match_sign_id": " "}, {"sign_id": "sign_A_4", "match_sign_id": "sign_B_1"}, {"sign_id": "sign_A_4", "match_sign_id": "sign_B_3"}, {"sign_id": "sign_A_5", "match_sign_id": "sign_B_4"}, {"sign_id": "sign_A_5", "match_sign_id": "sign_B_2"}, {"sign_id": "sign_A_6", "match_sign_id": " "}, {"sign_id": "sign_A_7", "match_sign_id": " "}, {"sign_id": "sign_A_8", "match_sign_id": " "}, {"sign_id": "sign_A_9", "match_sign_id": " "}, {"sign_id": "sign_A_10", "match_sign_id": " "}]}