{"group": [{"pic_list": ["19590536111200000568", "19590536111200000277", "19590536111200000278", "19590536111200000279", "19590536111200000280", "19590536111200000281", "19590536111200000282"], "seq_id": "A"}, {"pic_list": ["18559119101700029309", "18559119101700029310", "18559119101700029311", "18559119101700029312", "18559119101700029313", "18559119101700029314"], "seq_id": "B"}], "signs": [{"pic_id": "19590536111200000568", "x": 896, "y": 299, "w": 10, "h": 11, "type": "301", "sign_id": "sign_A_1"}, {"pic_id": "19590536111200000568", "x": 879, "y": 304, "w": 10, "h": 12, "type": "301", "sign_id": "sign_A_2"}, {"pic_id": "19590536111200000277", "x": 1042, "y": 261, "w": 15, "h": 17, "type": "301", "sign_id": "sign_A_3"}, {"pic_id": "19590536111200000277", "x": 1083, "y": 248, "w": 17, "h": 18, "type": "301", "sign_id": "sign_A_4"}, {"pic_id": "19590536111200000278", "x": 1176, "y": 211, "w": 24, "h": 26, "type": "301", "sign_id": "sign_A_5"}, {"pic_id": "19590536111200000278", "x": 1257, "y": 183, "w": 22, "h": 30, "type": "301", "sign_id": "sign_A_6"}, {"pic_id": "19590536111200000278", "x": 801, "y": 288, "w": 7, "h": 8, "type": "301", "sign_id": "sign_A_7"}, {"pic_id": "19590536111200000279", "x": 1224, "y": 168, "w": 10, "h": 12, "type": "301", "sign_id": "sign_A_8"}, {"pic_id": "19590536111200000279", "x": 829, "y": 273, "w": 7, "h": 8, "type": "301", "sign_id": "sign_A_9"}, {"pic_id": "19590536111200000280", "x": 847, "y": 252, "w": 8, "h": 9, "type": "301", "sign_id": "sign_A_10"}, {"pic_id": "19590536111200000281", "x": 870, "y": 252, "w": 8, "h": 10, "type": "301", "sign_id": "sign_A_11"}, {"pic_id": "19590536111200000282", "x": 910, "y": 219, "w": 10, "h": 13, "type": "301", "sign_id": "sign_A_12"}, {"pic_id": "18559119101700029309", "x": 953, "y": 404, "w": 14, "h": 15, "type": "301", "sign_id": "sign_B_1"}, {"pic_id": "18559119101700029309", "x": 984, "y": 394, "w": 15, "h": 16, "type": "301", "sign_id": "sign_B_2"}, {"pic_id": "18559119101700029310", "x": 1131, "y": 354, "w": 21, "h": 22, "type": "301", "sign_id": "sign_B_3"}, {"pic_id": "18559119101700029310", "x": 1073, "y": 373, "w": 19, "h": 22, "type": "301", "sign_id": "sign_B_4"}, {"pic_id": "18559119101700029310", "x": 814, "y": 458, "w": 6, "h": 8, "type": "301", "sign_id": "sign_B_5"}, {"pic_id": "18559119101700029311", "x": 1256, "y": 303, "w": 10, "h": 12, "type": "301", "sign_id": "sign_B_6"}, {"pic_id": "18559119101700029311", "x": 863, "y": 455, "w": 7, "h": 9, "type": "301", "sign_id": "sign_B_7"}, {"pic_id": "18559119101700029311", "x": 1159, "y": 330, "w": 9, "h": 11, "type": "301", "sign_id": "sign_B_8"}, {"pic_id": "18559119101700029311", "x": 811, "y": 412, "w": 7, "h": 9, "type": "301", "sign_id": "sign_B_9"}, {"pic_id": "18559119101700029311", "x": 1233, "y": 304, "w": 10, "h": 12, "type": "301", "sign_id": "sign_B_10"}, {"pic_id": "18559119101700029312", "x": 836, "y": 402, "w": 8, "h": 10, "type": "301", "sign_id": "sign_B_11"}, {"pic_id": "18559119101700029312", "x": 903, "y": 453, "w": 9, "h": 11, "type": "301", "sign_id": "sign_B_12"}, {"pic_id": "18559119101700029313", "x": 846, "y": 383, "w": 10, "h": 11, "type": "301", "sign_id": "sign_B_13"}, {"pic_id": "18559119101700029313", "x": 925, "y": 438, "w": 11, "h": 12, "type": "301", "sign_id": "sign_B_14"}, {"pic_id": "18559119101700029314", "x": 868, "y": 332, "w": 10, "h": 13, "type": "301", "sign_id": "sign_B_15"}, {"pic_id": "18559119101700029314", "x": 989, "y": 400, "w": 11, "h": 14, "type": "301", "sign_id": "sign_B_16"}], "match": [{"sign_id": "sign_A_1", "match_sign_id": "sign_B_3"}, {"sign_id": "sign_A_1", "match_sign_id": "sign_B_2"}, {"sign_id": "sign_A_2", "match_sign_id": "sign_B_4"}, {"sign_id": "sign_A_2", "match_sign_id": "sign_B_2"}, {"sign_id": "sign_A_3", "match_sign_id": "sign_B_4"}, {"sign_id": "sign_A_3", "match_sign_id": "sign_B_3"}, {"sign_id": "sign_A_3", "match_sign_id": "sign_B_2"}, {"sign_id": "sign_A_3", "match_sign_id": "sign_B_1"}, {"sign_id": "sign_A_4", "match_sign_id": "sign_B_3"}, {"sign_id": "sign_A_4", "match_sign_id": "sign_B_2"}, {"sign_id": "sign_A_5", "match_sign_id": "sign_B_4"}, {"sign_id": "sign_A_5", "match_sign_id": "sign_B_2"}, {"sign_id": "sign_A_5", "match_sign_id": "sign_B_3"}, {"sign_id": "sign_A_6", "match_sign_id": "sign_B_3"}, {"sign_id": "sign_A_6", "match_sign_id": "sign_B_2"}, {"sign_id": "sign_A_7", "match_sign_id": "sign_B_11"}, {"sign_id": "sign_A_7", "match_sign_id": "sign_B_12"}, {"sign_id": "sign_A_7", "match_sign_id": "sign_B_7"}, {"sign_id": "sign_A_7", "match_sign_id": "sign_B_9"}, {"sign_id": "sign_A_8", "match_sign_id": "sign_B_16"}, {"sign_id": "sign_A_8", "match_sign_id": "sign_B_15"}, {"sign_id": "sign_A_9", "match_sign_id": "sign_B_11"}, {"sign_id": "sign_A_9", "match_sign_id": "sign_B_13"}, {"sign_id": "sign_A_9", "match_sign_id": "sign_B_12"}, {"sign_id": "sign_A_9", "match_sign_id": "sign_B_7"}, {"sign_id": "sign_A_10", "match_sign_id": "sign_B_11"}, {"sign_id": "sign_A_10", "match_sign_id": "sign_B_12"}, {"sign_id": "sign_A_10", "match_sign_id": "sign_B_13"}, {"sign_id": "sign_A_10", "match_sign_id": "sign_B_8"}, {"sign_id": "sign_A_10", "match_sign_id": "sign_B_9"}, {"sign_id": "sign_A_11", "match_sign_id": "sign_B_12"}, {"sign_id": "sign_A_11", "match_sign_id": "sign_B_11"}, {"sign_id": "sign_A_11", "match_sign_id": "sign_B_13"}, {"sign_id": "sign_A_11", "match_sign_id": "sign_B_8"}, {"sign_id": "sign_A_11", "match_sign_id": "sign_B_15"}, {"sign_id": "sign_A_12", "match_sign_id": "sign_B_12"}, {"sign_id": "sign_A_12", "match_sign_id": "sign_B_15"}, {"sign_id": "sign_A_12", "match_sign_id": "sign_B_13"}, {"sign_id": "sign_A_12", "match_sign_id": "sign_B_11"}, {"sign_id": "sign_A_12", "match_sign_id": "sign_B_8"}, {"sign_id": "sign_A_7", "match_sign_id": "sign_B_1"}, {"sign_id": "sign_A_10", "match_sign_id": "sign_B_1"}, {"sign_id": "sign_A_8", "match_sign_id": "sign_B_3"}, {"sign_id": "sign_A_8", "match_sign_id": "sign_B_4"}, {"sign_id": "sign_A_7", "match_sign_id": "sign_B_5"}, {"sign_id": "sign_A_9", "match_sign_id": "sign_B_5"}, {"sign_id": "sign_A_10", "match_sign_id": "sign_B_5"}, {"sign_id": "sign_A_8", "match_sign_id": "sign_B_10"}, {"sign_id": "sign_A_12", "match_sign_id": "sign_B_10"}, {"sign_id": "sign_A_7", "match_sign_id": "sign_B_14"}, {"sign_id": "sign_A_11", "match_sign_id": "sign_B_14"}, {"sign_id": "sign_A_10", "match_sign_id": "sign_B_15"}, {"sign_id": "sign_A_9", "match_sign_id": "sign_B_15"}, {"sign_id": "sign_A_12", "match_sign_id": "sign_B_16"}]}