{"group": [{"pic_list": ["18559660110200027096", "18559660110200027097", "18559660110200027098", "18559660110200027099", "18559660110200027100", "18559660110200027101", "18559660110200027102"], "seq_id": "A"}, {"pic_list": ["18558639090600027487", "18558639090600027488", "18558639090600027489", "18558639090600027490", "18558639090600027491", "18558639090600027492", "18558639090600027493", "18558639090600027494"], "seq_id": "B"}], "signs": [{"pic_id": "18559660110200027098", "x": 960, "y": 283, "w": 38, "h": 37, "type": "202", "sign_id": "sign_A_1"}, {"pic_id": "18559660110200027099", "x": 1158, "y": 210, "w": 70, "h": 64, "type": "202", "sign_id": "sign_A_2"}, {"pic_id": "18558639090600027487", "x": 755, "y": 347, "w": 16, "h": 16, "type": "202", "sign_id": "sign_B_1"}, {"pic_id": "18558639090600027488", "x": 786, "y": 366, "w": 20, "h": 20, "type": "202", "sign_id": "sign_B_2"}, {"pic_id": "18558639090600027489", "x": 841, "y": 315, "w": 29, "h": 27, "type": "202", "sign_id": "sign_B_3"}, {"pic_id": "18558639090600027490", "x": 967, "y": 256, "w": 48, "h": 45, "type": "202", "sign_id": "sign_B_4"}], "match": [{"sign_id": "sign_A_1", "match_sign_id": "sign_B_3"}, {"sign_id": "sign_A_1", "match_sign_id": "sign_B_4"}, {"sign_id": "sign_A_1", "match_sign_id": "sign_B_2"}, {"sign_id": "sign_A_1", "match_sign_id": "sign_B_1"}, {"sign_id": "sign_A_2", "match_sign_id": "sign_B_3"}, {"sign_id": "sign_A_2", "match_sign_id": "sign_B_4"}, {"sign_id": "sign_A_2", "match_sign_id": "sign_B_2"}, {"sign_id": "sign_A_2", "match_sign_id": "sign_B_1"}]}