{"group": [{"pic_list": ["20599444031100014984", "20599444031100014985", "20599444031100014986", "20599444031100014575", "20599444031100014576", "20599444031100014577", "20599444031100014578"], "seq_id": "A"}, {"pic_list": ["18559099101500057609", "18559099101500057610", "18559099101500057611", "18559099101500057601", "18559099101500057600", "18559099101500059780", "18559099101500059781", "18559099101500059782", "18559099101500059783", "18559099101500059784"], "seq_id": "B"}], "signs": [{"pic_id": "20599444031100014986", "x": 757, "y": 682, "w": 6, "h": 8, "type": "301", "sign_id": "sign_A_1"}, {"pic_id": "20599444031100014575", "x": 752, "y": 617, "w": 9, "h": 12, "type": "301", "sign_id": "sign_A_2"}, {"pic_id": "20599444031100014576", "x": 775, "y": 600, "w": 10, "h": 14, "type": "301", "sign_id": "sign_A_3"}, {"pic_id": "20599444031100014577", "x": 814, "y": 573, "w": 12, "h": 17, "type": "301", "sign_id": "sign_A_4"}, {"pic_id": "20599444031100014578", "x": 850, "y": 508, "w": 15, "h": 21, "type": "301", "sign_id": "sign_A_5"}, {"pic_id": "18559099101500057601", "x": 617, "y": 319, "w": 5, "h": 7, "type": "301", "sign_id": "sign_B_1"}, {"pic_id": "18559099101500057600", "x": 626, "y": 296, "w": 6, "h": 8, "type": "301", "sign_id": "sign_B_2"}, {"pic_id": "18559099101500059780", "x": 643, "y": 290, "w": 6, "h": 9, "type": "301", "sign_id": "sign_B_3"}, {"pic_id": "18559099101500059781", "x": 650, "y": 283, "w": 7, "h": 9, "type": "301", "sign_id": "sign_B_4"}, {"pic_id": "18559099101500059782", "x": 640, "y": 272, "w": 7, "h": 10, "type": "301", "sign_id": "sign_B_5"}, {"pic_id": "18559099101500059783", "x": 627, "y": 258, "w": 9, "h": 11, "type": "301", "sign_id": "sign_B_6"}, {"pic_id": "18559099101500059784", "x": 622, "y": 242, "w": 9, "h": 12, "type": "301", "sign_id": "sign_B_7"}], "match": [{"sign_id": "sign_A_1", "match_sign_id": "sign_B_1"}, {"sign_id": "sign_A_1", "match_sign_id": "sign_B_4"}, {"sign_id": "sign_A_1", "match_sign_id": "sign_B_3"}, {"sign_id": "sign_A_1", "match_sign_id": "sign_B_2"}, {"sign_id": "sign_A_1", "match_sign_id": "sign_B_7"}, {"sign_id": "sign_A_1", "match_sign_id": "sign_B_5"}, {"sign_id": "sign_A_1", "match_sign_id": "sign_B_6"}, {"sign_id": "sign_A_2", "match_sign_id": "sign_B_5"}, {"sign_id": "sign_A_2", "match_sign_id": "sign_B_3"}, {"sign_id": "sign_A_2", "match_sign_id": "sign_B_6"}, {"sign_id": "sign_A_2", "match_sign_id": "sign_B_4"}, {"sign_id": "sign_A_2", "match_sign_id": "sign_B_2"}, {"sign_id": "sign_A_2", "match_sign_id": "sign_B_7"}, {"sign_id": "sign_A_2", "match_sign_id": "sign_B_1"}, {"sign_id": "sign_A_3", "match_sign_id": "sign_B_5"}, {"sign_id": "sign_A_3", "match_sign_id": "sign_B_6"}, {"sign_id": "sign_A_3", "match_sign_id": "sign_B_3"}, {"sign_id": "sign_A_3", "match_sign_id": "sign_B_2"}, {"sign_id": "sign_A_3", "match_sign_id": "sign_B_4"}, {"sign_id": "sign_A_3", "match_sign_id": "sign_B_7"}, {"sign_id": "sign_A_3", "match_sign_id": "sign_B_1"}, {"sign_id": "sign_A_4", "match_sign_id": "sign_B_6"}, {"sign_id": "sign_A_4", "match_sign_id": "sign_B_5"}, {"sign_id": "sign_A_4", "match_sign_id": "sign_B_7"}, {"sign_id": "sign_A_4", "match_sign_id": "sign_B_3"}, {"sign_id": "sign_A_4", "match_sign_id": "sign_B_4"}, {"sign_id": "sign_A_4", "match_sign_id": "sign_B_2"}, {"sign_id": "sign_A_4", "match_sign_id": "sign_B_1"}, {"sign_id": "sign_A_5", "match_sign_id": "sign_B_6"}, {"sign_id": "sign_A_5", "match_sign_id": "sign_B_5"}, {"sign_id": "sign_A_5", "match_sign_id": "sign_B_7"}, {"sign_id": "sign_A_5", "match_sign_id": "sign_B_4"}, {"sign_id": "sign_A_5", "match_sign_id": "sign_B_3"}, {"sign_id": "sign_A_5", "match_sign_id": "sign_B_2"}, {"sign_id": "sign_A_5", "match_sign_id": "sign_B_1"}]}