{"group": [{"pic_list": ["19583515090700007068", "19583515090700007069", "19583515090700007070", "19583515090700007071", "19583515090700007072", "19583515090700007073", "19583515090700007074"], "seq_id": "A"}, {"pic_list": ["18558843091900042111", "18558843091900042112", "18558843091900042113", "18558843091900042114", "18558843091900042115", "18558843091900042116", "18558843091900042117"], "seq_id": "B"}], "signs": [{"pic_id": "19583515090700007069", "x": 865, "y": 473, "w": 10, "h": 11, "type": "301", "sign_id": "sign_A_1"}, {"pic_id": "19583515090700007073", "x": 1032, "y": 246, "w": 23, "h": 30, "type": "301", "sign_id": "sign_A_2"}, {"pic_id": "18558843091900042111", "x": 714, "y": 349, "w": 8, "h": 10, "type": "301", "sign_id": "sign_B_1"}, {"pic_id": "18558843091900042112", "x": 708, "y": 344, "w": 8, "h": 10, "type": "301", "sign_id": "sign_B_2"}, {"pic_id": "18558843091900042113", "x": 707, "y": 320, "w": 9, "h": 11, "type": "301", "sign_id": "sign_B_3"}, {"pic_id": "18558843091900042114", "x": 763, "y": 295, "w": 11, "h": 13, "type": "301", "sign_id": "sign_B_4"}, {"pic_id": "18558843091900042115", "x": 817, "y": 239, "w": 13, "h": 17, "type": "301", "sign_id": "sign_B_5"}, {"pic_id": "18558843091900042116", "x": 887, "y": 191, "w": 17, "h": 21, "type": "301", "sign_id": "sign_B_6"}, {"pic_id": "18558843091900042117", "x": 1044, "y": 86, "w": 22, "h": 29, "type": "301", "sign_id": "sign_B_7"}], "match": [{"sign_id": "sign_A_1", "match_sign_id": "sign_B_1"}, {"sign_id": "sign_A_1", "match_sign_id": "sign_B_2"}, {"sign_id": "sign_A_1", "match_sign_id": "sign_B_7"}, {"sign_id": "sign_A_1", "match_sign_id": "sign_B_5"}, {"sign_id": "sign_A_1", "match_sign_id": "sign_B_3"}, {"sign_id": "sign_A_1", "match_sign_id": "sign_B_4"}, {"sign_id": "sign_A_1", "match_sign_id": "sign_B_6"}, {"sign_id": "sign_A_2", "match_sign_id": "sign_B_4"}, {"sign_id": "sign_A_2", "match_sign_id": "sign_B_5"}, {"sign_id": "sign_A_2", "match_sign_id": "sign_B_6"}, {"sign_id": "sign_A_2", "match_sign_id": "sign_B_3"}, {"sign_id": "sign_A_2", "match_sign_id": "sign_B_7"}, {"sign_id": "sign_A_2", "match_sign_id": "sign_B_2"}, {"sign_id": "sign_A_2", "match_sign_id": "sign_B_1"}]}