{"group": [{"pic_list": ["19591006111700005177", "19591006111700005182", "19591006111700005183", "19591006111700005184"], "seq_id": "A"}, {"pic_list": ["18553602011100018393", "18553602011100018394", "18553602011100018110"], "seq_id": "B"}], "signs": [{"pic_id": "19591006111700005177", "x": 910, "y": 274, "w": 9, "h": 10, "type": "301", "sign_id": "sign_A_1"}, {"pic_id": "19591006111700005177", "x": 925, "y": 271, "w": 8, "h": 9, "type": "301", "sign_id": "sign_A_2"}, {"pic_id": "19591006111700005182", "x": 1030, "y": 245, "w": 11, "h": 12, "type": "301", "sign_id": "sign_A_3"}, {"pic_id": "19591006111700005182", "x": 1007, "y": 250, "w": 10, "h": 12, "type": "301", "sign_id": "sign_A_4"}, {"pic_id": "19591006111700005182", "x": 14, "y": 247, "w": 11, "h": 12, "type": "301", "sign_id": "sign_A_5"}, {"pic_id": "19591006111700005183", "x": 1170, "y": 209, "w": 14, "h": 16, "type": "301", "sign_id": "sign_A_6"}, {"pic_id": "19591006111700005183", "x": 1215, "y": 199, "w": 15, "h": 17, "type": "301", "sign_id": "sign_A_7"}, {"pic_id": "18553602011100018393", "x": 72, "y": 329, "w": 12, "h": 11, "type": "301", "sign_id": "sign_B_1"}, {"pic_id": "18553602011100018393", "x": 98, "y": 334, "w": 11, "h": 10, "type": "301", "sign_id": "sign_B_2"}, {"pic_id": "18553602011100018394", "x": 1204, "y": 274, "w": 13, "h": 14, "type": "301", "sign_id": "sign_B_3"}, {"pic_id": "18553602011100018394", "x": 1246, "y": 265, "w": 15, "h": 17, "type": "301", "sign_id": "sign_B_4"}], "match": [{"sign_id": "sign_A_1", "match_sign_id": "sign_B_4"}, {"sign_id": "sign_A_1", "match_sign_id": "sign_B_3"}, {"sign_id": "sign_A_2", "match_sign_id": "sign_B_1"}, {"sign_id": "sign_A_2", "match_sign_id": "sign_B_4"}, {"sign_id": "sign_A_3", "match_sign_id": "sign_B_1"}, {"sign_id": "sign_A_3", "match_sign_id": "sign_B_4"}, {"sign_id": "sign_A_4", "match_sign_id": "sign_B_4"}, {"sign_id": "sign_A_6", "match_sign_id": "sign_B_4"}, {"sign_id": "sign_A_6", "match_sign_id": "sign_B_2"}, {"sign_id": "sign_A_6", "match_sign_id": "sign_B_1"}, {"sign_id": "sign_A_7", "match_sign_id": "sign_B_1"}, {"sign_id": "sign_A_7", "match_sign_id": "sign_B_4"}]}