{"group": [{"pic_list": ["19582184081500014351", "19582184081500014352", "19582184081500014353", "19582184081500014354", "19582184081500014355", "19582184081500014356"], "seq_id": "A"}, {"pic_list": ["18558082081500029504", "18558082081500029505", "18558082081500029506", "18558082081500029507", "18558082081500029508", "18558082081500029509", "18558082081500029510"], "seq_id": "B"}], "signs": [{"pic_id": "19582184081500014351", "x": 642, "y": 323, "w": 5, "h": 7, "type": "301", "sign_id": "sign_A_1"}, {"pic_id": "19582184081500014352", "x": 636, "y": 326, "w": 6, "h": 8, "type": "301", "sign_id": "sign_A_2"}, {"pic_id": "19582184081500014353", "x": 618, "y": 308, "w": 7, "h": 9, "type": "301", "sign_id": "sign_A_3"}, {"pic_id": "19582184081500014354", "x": 570, "y": 296, "w": 7, "h": 9, "type": "301", "sign_id": "sign_A_4"}, {"pic_id": "19582184081500014355", "x": 557, "y": 281, "w": 9, "h": 12, "type": "301", "sign_id": "sign_A_5"}, {"pic_id": "19582184081500014356", "x": 586, "y": 261, "w": 9, "h": 12, "type": "301", "sign_id": "sign_A_6"}, {"pic_id": "18558082081500029505", "x": 584, "y": 391, "w": 6, "h": 8, "type": "301", "sign_id": "sign_B_1"}, {"pic_id": "18558082081500029506", "x": 561, "y": 387, "w": 6, "h": 8, "type": "301", "sign_id": "sign_B_2"}, {"pic_id": "18558082081500029507", "x": 631, "y": 373, "w": 7, "h": 9, "type": "301", "sign_id": "sign_B_3"}, {"pic_id": "18558082081500029508", "x": 600, "y": 365, "w": 8, "h": 10, "type": "301", "sign_id": "sign_B_4"}, {"pic_id": "18558082081500029509", "x": 561, "y": 350, "w": 9, "h": 12, "type": "301", "sign_id": "sign_B_5"}], "match": [{"sign_id": "sign_A_1", "match_sign_id": "sign_B_4"}, {"sign_id": "sign_A_1", "match_sign_id": "sign_B_1"}, {"sign_id": "sign_A_1", "match_sign_id": "sign_B_2"}, {"sign_id": "sign_A_1", "match_sign_id": "sign_B_3"}, {"sign_id": "sign_A_1", "match_sign_id": "sign_B_5"}, {"sign_id": "sign_A_2", "match_sign_id": "sign_B_4"}, {"sign_id": "sign_A_2", "match_sign_id": "sign_B_3"}, {"sign_id": "sign_A_2", "match_sign_id": "sign_B_2"}, {"sign_id": "sign_A_2", "match_sign_id": "sign_B_1"}, {"sign_id": "sign_A_2", "match_sign_id": "sign_B_5"}, {"sign_id": "sign_A_3", "match_sign_id": "sign_B_2"}, {"sign_id": "sign_A_3", "match_sign_id": "sign_B_3"}, {"sign_id": "sign_A_3", "match_sign_id": "sign_B_4"}, {"sign_id": "sign_A_3", "match_sign_id": "sign_B_1"}, {"sign_id": "sign_A_3", "match_sign_id": "sign_B_5"}, {"sign_id": "sign_A_4", "match_sign_id": "sign_B_4"}, {"sign_id": "sign_A_4", "match_sign_id": "sign_B_3"}, {"sign_id": "sign_A_4", "match_sign_id": "sign_B_2"}, {"sign_id": "sign_A_4", "match_sign_id": "sign_B_1"}, {"sign_id": "sign_A_4", "match_sign_id": "sign_B_5"}, {"sign_id": "sign_A_5", "match_sign_id": "sign_B_5"}, {"sign_id": "sign_A_5", "match_sign_id": "sign_B_4"}, {"sign_id": "sign_A_5", "match_sign_id": "sign_B_3"}, {"sign_id": "sign_A_5", "match_sign_id": "sign_B_2"}, {"sign_id": "sign_A_5", "match_sign_id": "sign_B_1"}, {"sign_id": "sign_A_6", "match_sign_id": "sign_B_5"}, {"sign_id": "sign_A_6", "match_sign_id": "sign_B_4"}, {"sign_id": "sign_A_6", "match_sign_id": "sign_B_2"}, {"sign_id": "sign_A_6", "match_sign_id": "sign_B_3"}, {"sign_id": "sign_A_6", "match_sign_id": "sign_B_1"}]}