{"group": [{"pic_list": ["19592052120100001265", "19592052120100001295", "19592052120100001296", "19592052120100001297"], "seq_id": "A"}, {"pic_list": ["18558513090600011951", "18558513090600011952", "18558513090600011953", "18558513090600011954"], "seq_id": "B"}], "signs": [{"pic_id": "19592052120100001265", "x": 824, "y": 423, "w": 23, "h": 22, "type": "106", "sign_id": "sign_A_1"}, {"pic_id": "19592052120100001265", "x": 797, "y": 310, "w": 12, "h": 16, "type": "301", "sign_id": "sign_A_2"}, {"pic_id": "19592052120100001295", "x": 900, "y": 397, "w": 33, "h": 31, "type": "106", "sign_id": "sign_A_3"}, {"pic_id": "19592052120100001295", "x": 913, "y": 180, "w": 21, "h": 27, "type": "301", "sign_id": "sign_A_4"}, {"pic_id": "19592052120100001296", "x": 1075, "y": 350, "w": 60, "h": 54, "type": "106", "sign_id": "sign_A_5"}, {"pic_id": "18558513090600011951", "x": 821, "y": 302, "w": 19, "h": 18, "type": "106", "sign_id": "sign_B_1"}, {"pic_id": "18558513090600011951", "x": 792, "y": 221, "w": 10, "h": 13, "type": "301", "sign_id": "sign_B_2"}, {"pic_id": "18558513090600011952", "x": 849, "y": 293, "w": 23, "h": 23, "type": "106", "sign_id": "sign_B_3"}, {"pic_id": "18558513090600011952", "x": 828, "y": 183, "w": 12, "h": 16, "type": "301", "sign_id": "sign_B_4"}, {"pic_id": "18558513090600011953", "x": 901, "y": 273, "w": 31, "h": 29, "type": "106", "sign_id": "sign_B_5"}, {"pic_id": "18558513090600011953", "x": 907, "y": 99, "w": 18, "h": 23, "type": "301", "sign_id": "sign_B_6"}, {"pic_id": "18558513090600011954", "x": 994, "y": 243, "w": 43, "h": 40, "type": "106", "sign_id": "sign_B_7"}], "match": [{"sign_id": "sign_A_1", "match_sign_id": "sign_B_5"}, {"sign_id": "sign_A_1", "match_sign_id": "sign_B_3"}, {"sign_id": "sign_A_1", "match_sign_id": "sign_B_1"}, {"sign_id": "sign_A_1", "match_sign_id": "sign_B_7"}, {"sign_id": "sign_A_2", "match_sign_id": "sign_B_4"}, {"sign_id": "sign_A_2", "match_sign_id": "sign_B_2"}, {"sign_id": "sign_A_2", "match_sign_id": "sign_B_6"}, {"sign_id": "sign_A_3", "match_sign_id": "sign_B_5"}, {"sign_id": "sign_A_3", "match_sign_id": "sign_B_7"}, {"sign_id": "sign_A_3", "match_sign_id": "sign_B_3"}, {"sign_id": "sign_A_3", "match_sign_id": "sign_B_1"}, {"sign_id": "sign_A_4", "match_sign_id": "sign_B_4"}, {"sign_id": "sign_A_4", "match_sign_id": "sign_B_2"}, {"sign_id": "sign_A_4", "match_sign_id": "sign_B_6"}, {"sign_id": "sign_A_5", "match_sign_id": "sign_B_7"}, {"sign_id": "sign_A_5", "match_sign_id": "sign_B_5"}, {"sign_id": "sign_A_5", "match_sign_id": "sign_B_3"}, {"sign_id": "sign_A_5", "match_sign_id": "sign_B_1"}]}