{"group": [{"pic_list": ["20599575040200018903", "20599575040200018904", "20599575040200018905"], "seq_id": "A"}, {"pic_list": ["19587959101600004963", "19587959101600004964", "19587959101600004965"], "seq_id": "B"}], "signs": [{"pic_id": "20599575040200018903", "x": 152, "y": 168, "w": 18, "h": 21, "type": "301", "sign_id": "sign_A_1"}, {"pic_id": "20599575040200018903", "x": 385, "y": 294, "w": 6, "h": 9, "type": "301", "sign_id": "sign_A_2"}, {"pic_id": "20599575040200018904", "x": 181, "y": 268, "w": 7, "h": 10, "type": "301", "sign_id": "sign_A_3"}, {"pic_id": "20599575040200018905", "x": 935, "y": 215, "w": 39, "h": 37, "type": "104", "sign_id": "sign_A_4"}, {"pic_id": "20599575040200018905", "x": 249, "y": 221, "w": 22, "h": 31, "type": "106", "sign_id": "sign_A_5"}, {"pic_id": "19587959101600004963", "x": 783, "y": 602, "w": 22, "h": 30, "type": "106", "sign_id": "sign_B_1"}, {"pic_id": "19587959101600004964", "x": 427, "y": 510, "w": 29, "h": 39, "type": "106", "sign_id": "sign_B_2"}, {"pic_id": "19587959101600004965", "x": 1230, "y": 389, "w": 79, "h": 79, "type": "104", "sign_id": "sign_B_3"}], "match": [{"sign_id": "sign_A_1", "match_sign_id": " "}, {"sign_id": "sign_A_2", "match_sign_id": " "}, {"sign_id": "sign_A_4", "match_sign_id": "sign_B_3"}, {"sign_id": "sign_A_5", "match_sign_id": "sign_B_1"}, {"sign_id": "sign_A_5", "match_sign_id": "sign_B_2"}]}