{"group": [{"pic_list": ["20599535032600021275", "20599535032600019660", "20599535032600019661"], "seq_id": "A"}, {"pic_list": ["18553406010400045893", "18553406010400045894"], "seq_id": "B"}], "signs": [{"pic_id": "20599535032600021275", "x": 1045, "y": 545, "w": 25, "h": 25, "type": "105", "sign_id": "sign_A_1"}, {"pic_id": "20599535032600021275", "x": 500, "y": 522, "w": 11, "h": 16, "type": "301", "sign_id": "sign_A_2"}, {"pic_id": "20599535032600021275", "x": 891, "y": 526, "w": 12, "h": 16, "type": "301", "sign_id": "sign_A_3"}, {"pic_id": "20599535032600019660", "x": 1103, "y": 490, "w": 31, "h": 31, "type": "105", "sign_id": "sign_A_4"}, {"pic_id": "20599535032600019660", "x": 410, "y": 468, "w": 14, "h": 19, "type": "301", "sign_id": "sign_A_5"}, {"pic_id": "20599535032600019660", "x": 910, "y": 463, "w": 14, "h": 20, "type": "301", "sign_id": "sign_A_6"}, {"pic_id": "20599535032600019661", "x": 1141, "y": 383, "w": 42, "h": 42, "type": "105", "sign_id": "sign_A_7"}, {"pic_id": "20599535032600019661", "x": 875, "y": 332, "w": 20, "h": 28, "type": "301", "sign_id": "sign_A_8"}, {"pic_id": "20599535032600019661", "x": 165, "y": 351, "w": 18, "h": 26, "type": "301", "sign_id": "sign_A_9"}], "match": [{"sign_id": "sign_A_1", "match_sign_id": " "}, {"sign_id": "sign_A_2", "match_sign_id": " "}, {"sign_id": "sign_A_3", "match_sign_id": " "}, {"sign_id": "sign_A_4", "match_sign_id": " "}, {"sign_id": "sign_A_5", "match_sign_id": " "}, {"sign_id": "sign_A_6", "match_sign_id": " "}, {"sign_id": "sign_A_7", "match_sign_id": " "}, {"sign_id": "sign_A_8", "match_sign_id": " "}, {"sign_id": "sign_A_9", "match_sign_id": " "}]}