{"group": [{"pic_list": ["19589717110600004690", "19589717110600004691", "19589717110600004692", "19589717110600004693", "19589717110600004694", "19589717110600004695", "19589717110600005805"], "seq_id": "A"}, {"pic_list": ["18553602011100022856", "18553602011100022857", "18553602011100022858", "18553602011100022859", "18553602011100022860", "18553602011100022861"], "seq_id": "B"}], "signs": [{"pic_id": "19589717110600004690", "x": 504, "y": 365, "w": 17, "h": 16, "type": "103", "sign_id": "sign_A_1"}, {"pic_id": "19589717110600004690", "x": 216, "y": 258, "w": 10, "h": 13, "type": "301", "sign_id": "sign_A_2"}, {"pic_id": "19589717110600004691", "x": 487, "y": 382, "w": 19, "h": 18, "type": "103", "sign_id": "sign_A_3"}, {"pic_id": "19589717110600004691", "x": 122, "y": 248, "w": 13, "h": 16, "type": "301", "sign_id": "sign_A_4"}, {"pic_id": "19589717110600004691", "x": 542, "y": 335, "w": 6, "h": 8, "type": "301", "sign_id": "sign_A_5"}, {"pic_id": "19589717110600004692", "x": 444, "y": 367, "w": 21, "h": 20, "type": "103", "sign_id": "sign_A_6"}, {"pic_id": "19589717110600004692", "x": 508, "y": 313, "w": 8, "h": 10, "type": "301", "sign_id": "sign_A_7"}, {"pic_id": "19589717110600004693", "x": 406, "y": 358, "w": 25, "h": 25, "type": "103", "sign_id": "sign_A_8"}, {"pic_id": "19589717110600004693", "x": 485, "y": 294, "w": 9, "h": 11, "type": "301", "sign_id": "sign_A_9"}, {"pic_id": "19589717110600004694", "x": 347, "y": 339, "w": 34, "h": 33, "type": "103", "sign_id": "sign_A_10"}, {"pic_id": "19589717110600004694", "x": 453, "y": 261, "w": 11, "h": 14, "type": "301", "sign_id": "sign_A_11"}, {"pic_id": "19589717110600004694", "x": 445, "y": 264, "w": 10, "h": 14, "type": "301", "sign_id": "sign_A_12"}, {"pic_id": "19589717110600004695", "x": 232, "y": 303, "w": 49, "h": 46, "type": "103", "sign_id": "sign_A_13"}, {"pic_id": "19589717110600004695", "x": 391, "y": 201, "w": 14, "h": 19, "type": "301", "sign_id": "sign_A_14"}, {"pic_id": "19589717110600004695", "x": 383, "y": 208, "w": 12, "h": 16, "type": "301", "sign_id": "sign_A_15"}, {"pic_id": "19589717110600005805", "x": 278, "y": 81, "w": 22, "h": 30, "type": "301", "sign_id": "sign_A_16"}, {"pic_id": "19589717110600005805", "x": 270, "y": 100, "w": 16, "h": 21, "type": "301", "sign_id": "sign_A_17"}, {"pic_id": "18553602011100022856", "x": 603, "y": 456, "w": 16, "h": 16, "type": "103", "sign_id": "sign_B_1"}, {"pic_id": "18553602011100022857", "x": 584, "y": 449, "w": 19, "h": 19, "type": "103", "sign_id": "sign_B_2"}, {"pic_id": "18553602011100022858", "x": 532, "y": 434, "w": 24, "h": 23, "type": "103", "sign_id": "sign_B_3"}, {"pic_id": "18553602011100022859", "x": 490, "y": 416, "w": 32, "h": 31, "type": "103", "sign_id": "sign_B_4"}, {"pic_id": "18553602011100022860", "x": 416, "y": 373, "w": 50, "h": 48, "type": "103", "sign_id": "sign_B_5"}], "match": [{"sign_id": "sign_A_1", "match_sign_id": "sign_B_2"}, {"sign_id": "sign_A_1", "match_sign_id": "sign_B_3"}, {"sign_id": "sign_A_1", "match_sign_id": "sign_B_4"}, {"sign_id": "sign_A_1", "match_sign_id": "sign_B_5"}, {"sign_id": "sign_A_1", "match_sign_id": "sign_B_1"}, {"sign_id": "sign_A_2", "match_sign_id": " "}, {"sign_id": "sign_A_3", "match_sign_id": "sign_B_2"}, {"sign_id": "sign_A_3", "match_sign_id": "sign_B_3"}, {"sign_id": "sign_A_3", "match_sign_id": "sign_B_4"}, {"sign_id": "sign_A_3", "match_sign_id": "sign_B_5"}, {"sign_id": "sign_A_3", "match_sign_id": "sign_B_1"}, {"sign_id": "sign_A_4", "match_sign_id": " "}, {"sign_id": "sign_A_5", "match_sign_id": " "}, {"sign_id": "sign_A_6", "match_sign_id": "sign_B_3"}, {"sign_id": "sign_A_6", "match_sign_id": "sign_B_4"}, {"sign_id": "sign_A_6", "match_sign_id": "sign_B_2"}, {"sign_id": "sign_A_6", "match_sign_id": "sign_B_5"}, {"sign_id": "sign_A_6", "match_sign_id": "sign_B_1"}, {"sign_id": "sign_A_7", "match_sign_id": " "}, {"sign_id": "sign_A_8", "match_sign_id": "sign_B_3"}, {"sign_id": "sign_A_8", "match_sign_id": "sign_B_4"}, {"sign_id": "sign_A_8", "match_sign_id": "sign_B_2"}, {"sign_id": "sign_A_8", "match_sign_id": "sign_B_5"}, {"sign_id": "sign_A_8", "match_sign_id": "sign_B_1"}, {"sign_id": "sign_A_9", "match_sign_id": " "}, {"sign_id": "sign_A_10", "match_sign_id": "sign_B_4"}, {"sign_id": "sign_A_10", "match_sign_id": "sign_B_3"}, {"sign_id": "sign_A_10", "match_sign_id": "sign_B_5"}, {"sign_id": "sign_A_10", "match_sign_id": "sign_B_2"}, {"sign_id": "sign_A_10", "match_sign_id": "sign_B_1"}, {"sign_id": "sign_A_11", "match_sign_id": " "}, {"sign_id": "sign_A_12", "match_sign_id": " "}, {"sign_id": "sign_A_13", "match_sign_id": "sign_B_4"}, {"sign_id": "sign_A_13", "match_sign_id": "sign_B_2"}, {"sign_id": "sign_A_13", "match_sign_id": "sign_B_5"}, {"sign_id": "sign_A_13", "match_sign_id": "sign_B_3"}, {"sign_id": "sign_A_13", "match_sign_id": "sign_B_1"}, {"sign_id": "sign_A_14", "match_sign_id": " "}, {"sign_id": "sign_A_15", "match_sign_id": " "}, {"sign_id": "sign_A_16", "match_sign_id": " "}, {"sign_id": "sign_A_17", "match_sign_id": " "}]}