{"group": [{"pic_list": ["19589675110500006431", "19589675110500006432", "19589675110500006433", "19589675110500006434", "19589675110500006435", "19589675110500006436", "19589675110500006437", "19589675110500006438"], "seq_id": "A"}, {"pic_list": ["18558456082000042275", "18558456082000042276", "18558456082000042277", "18558456082000042278", "18558456082000042279", "18558456082000042280", "18558456082000042281", "18558456082000042282"], "seq_id": "B"}], "signs": [{"pic_id": "19589675110500006432", "x": 727, "y": 332, "w": 10, "h": 13, "type": "301", "sign_id": "sign_A_1"}, {"pic_id": "19589675110500006433", "x": 761, "y": 303, "w": 11, "h": 13, "type": "301", "sign_id": "sign_A_2"}, {"pic_id": "19589675110500006434", "x": 248, "y": 375, "w": 14, "h": 13, "type": "103", "sign_id": "sign_A_3"}, {"pic_id": "19589675110500006434", "x": 568, "y": 216, "w": 16, "h": 22, "type": "301", "sign_id": "sign_A_4"}, {"pic_id": "19589675110500006435", "x": 1218, "y": 366, "w": 18, "h": 22, "type": "104", "sign_id": "sign_A_5"}, {"pic_id": "19589675110500006435", "x": 771, "y": 390, "w": 8, "h": 9, "type": "301", "sign_id": "sign_A_6"}, {"pic_id": "19589675110500006436", "x": 518, "y": 377, "w": 16, "h": 16, "type": "106", "sign_id": "sign_A_7"}, {"pic_id": "19589675110500006436", "x": 815, "y": 388, "w": 9, "h": 11, "type": "301", "sign_id": "sign_A_8"}, {"pic_id": "19589675110500006436", "x": 906, "y": 391, "w": 8, "h": 10, "type": "301", "sign_id": "sign_A_9"}, {"pic_id": "19589675110500006437", "x": 719, "y": 375, "w": 8, "h": 11, "type": "301", "sign_id": "sign_A_10"}, {"pic_id": "19589675110500006437", "x": 812, "y": 378, "w": 8, "h": 10, "type": "301", "sign_id": "sign_A_11"}, {"pic_id": "19589675110500006438", "x": 316, "y": 321, "w": 10, "h": 13, "type": "301", "sign_id": "sign_A_12"}, {"pic_id": "18558456082000042275", "x": 242, "y": 267, "w": 10, "h": 12, "type": "301", "sign_id": "sign_B_1"}, {"pic_id": "18558456082000042275", "x": 821, "y": 279, "w": 9, "h": 11, "type": "301", "sign_id": "sign_B_2"}, {"pic_id": "18558456082000042275", "x": 78, "y": 263, "w": 8, "h": 10, "type": "301", "sign_id": "sign_B_3"}, {"pic_id": "18558456082000042276", "x": 184, "y": 247, "w": 12, "h": 15, "type": "301", "sign_id": "sign_B_4"}, {"pic_id": "18558456082000042276", "x": 887, "y": 258, "w": 11, "h": 13, "type": "301", "sign_id": "sign_B_5"}, {"pic_id": "18558456082000042277", "x": 71, "y": 223, "w": 14, "h": 18, "type": "301", "sign_id": "sign_B_6"}, {"pic_id": "18558456082000042277", "x": 933, "y": 248, "w": 13, "h": 16, "type": "301", "sign_id": "sign_B_7"}, {"pic_id": "18558456082000042278", "x": 1035, "y": 204, "w": 16, "h": 20, "type": "301", "sign_id": "sign_B_8"}, {"pic_id": "18558456082000042278", "x": 868, "y": 325, "w": 7, "h": 8, "type": "301", "sign_id": "sign_B_9"}, {"pic_id": "18558456082000042281", "x": 724, "y": 300, "w": 16, "h": 16, "type": "104", "sign_id": "sign_B_10"}, {"pic_id": "18558456082000042281", "x": 1015, "y": 305, "w": 8, "h": 9, "type": "301", "sign_id": "sign_B_11"}, {"pic_id": "18558456082000042282", "x": 751, "y": 278, "w": 20, "h": 19, "type": "106", "sign_id": "sign_B_12"}, {"pic_id": "18558456082000042282", "x": 1115, "y": 284, "w": 9, "h": 11, "type": "301", "sign_id": "sign_B_13"}], "match": [{"sign_id": "sign_A_1", "match_sign_id": "sign_B_2"}, {"sign_id": "sign_A_1", "match_sign_id": "sign_B_5"}, {"sign_id": "sign_A_2", "match_sign_id": "sign_B_3"}, {"sign_id": "sign_A_2", "match_sign_id": "sign_B_11"}, {"sign_id": "sign_A_4", "match_sign_id": "sign_B_6"}, {"sign_id": "sign_A_4", "match_sign_id": "sign_B_8"}, {"sign_id": "sign_A_4", "match_sign_id": "sign_B_5"}, {"sign_id": "sign_A_4", "match_sign_id": "sign_B_4"}, {"sign_id": "sign_A_4", "match_sign_id": "sign_B_2"}, {"sign_id": "sign_A_5", "match_sign_id": "sign_B_10"}, {"sign_id": "sign_A_6", "match_sign_id": "sign_B_11"}, {"sign_id": "sign_A_6", "match_sign_id": "sign_B_9"}, {"sign_id": "sign_A_6", "match_sign_id": "sign_B_13"}, {"sign_id": "sign_A_7", "match_sign_id": "sign_B_12"}, {"sign_id": "sign_A_8", "match_sign_id": "sign_B_9"}, {"sign_id": "sign_A_8", "match_sign_id": "sign_B_11"}, {"sign_id": "sign_A_8", "match_sign_id": "sign_B_13"}, {"sign_id": "sign_A_9", "match_sign_id": "sign_B_13"}, {"sign_id": "sign_A_9", "match_sign_id": "sign_B_11"}, {"sign_id": "sign_A_9", "match_sign_id": "sign_B_4"}, {"sign_id": "sign_A_10", "match_sign_id": "sign_B_13"}, {"sign_id": "sign_A_10", "match_sign_id": "sign_B_9"}, {"sign_id": "sign_A_10", "match_sign_id": "sign_B_11"}, {"sign_id": "sign_A_10", "match_sign_id": "sign_B_2"}, {"sign_id": "sign_A_11", "match_sign_id": "sign_B_6"}, {"sign_id": "sign_A_12", "match_sign_id": "sign_B_13"}, {"sign_id": "sign_A_12", "match_sign_id": "sign_B_9"}, {"sign_id": "sign_A_12", "match_sign_id": "sign_B_11"}, {"sign_id": "sign_A_12", "match_sign_id": "sign_B_3"}]}