{"group": [{"pic_list": ["19592245120200002287", "19592245120200002288", "19592245120200002289", "19592245120200002290", "19592245120200002291", "19592245120200002292", "19592245120200002293", "19592245120200002294"], "seq_id": "A"}, {"pic_list": ["18561955120200016657", "18561955120200016658", "18561955120200016659", "18561955120200016660", "18561955120200016661", "18561955120200016662", "18561955120200016663", "18561955120200016664", "18561955120200016665", "18561955120200016666", "18561955120200016667", "18561955120200016668", "18561955120200016669", "18561955120200016670", "18561955120200016671"], "seq_id": "B"}], "signs": [{"pic_id": "19592245120200002287", "x": 869, "y": 253, "w": 8, "h": 11, "type": "301", "sign_id": "sign_A_1"}, {"pic_id": "19592245120200002288", "x": 1019, "y": 201, "w": 11, "h": 14, "type": "301", "sign_id": "sign_A_2"}, {"pic_id": "19592245120200002289", "x": 1153, "y": 155, "w": 16, "h": 21, "type": "301", "sign_id": "sign_A_3"}, {"pic_id": "19592245120200002290", "x": 978, "y": 276, "w": 7, "h": 9, "type": "301", "sign_id": "sign_A_4"}, {"pic_id": "19592245120200002291", "x": 1088, "y": 273, "w": 8, "h": 10, "type": "301", "sign_id": "sign_A_5"}, {"pic_id": "19592245120200002292", "x": 1261, "y": 254, "w": 11, "h": 13, "type": "301", "sign_id": "sign_A_6"}, {"pic_id": "18561955120200016662", "x": 773, "y": 300, "w": 7, "h": 8, "type": "301", "sign_id": "sign_B_1"}, {"pic_id": "18561955120200016663", "x": 810, "y": 300, "w": 8, "h": 10, "type": "301", "sign_id": "sign_B_2"}, {"pic_id": "18561955120200016664", "x": 858, "y": 296, "w": 9, "h": 11, "type": "301", "sign_id": "sign_B_3"}, {"pic_id": "18561955120200016665", "x": 915, "y": 289, "w": 9, "h": 12, "type": "301", "sign_id": "sign_B_4"}, {"pic_id": "18561955120200016666", "x": 999, "y": 275, "w": 11, "h": 13, "type": "301", "sign_id": "sign_B_5"}, {"pic_id": "18561955120200016667", "x": 1115, "y": 273, "w": 12, "h": 15, "type": "301", "sign_id": "sign_B_6"}], "match": [{"sign_id": "sign_A_1", "match_sign_id": "sign_B_2"}, {"sign_id": "sign_A_1", "match_sign_id": "sign_B_6"}, {"sign_id": "sign_A_1", "match_sign_id": "sign_B_3"}, {"sign_id": "sign_A_1", "match_sign_id": "sign_B_4"}, {"sign_id": "sign_A_1", "match_sign_id": "sign_B_1"}, {"sign_id": "sign_A_2", "match_sign_id": "sign_B_6"}, {"sign_id": "sign_A_2", "match_sign_id": "sign_B_3"}, {"sign_id": "sign_A_2", "match_sign_id": "sign_B_2"}, {"sign_id": "sign_A_2", "match_sign_id": "sign_B_4"}, {"sign_id": "sign_A_2", "match_sign_id": "sign_B_5"}, {"sign_id": "sign_A_3", "match_sign_id": "sign_B_6"}, {"sign_id": "sign_A_3", "match_sign_id": "sign_B_5"}, {"sign_id": "sign_A_3", "match_sign_id": "sign_B_3"}, {"sign_id": "sign_A_3", "match_sign_id": "sign_B_4"}, {"sign_id": "sign_A_3", "match_sign_id": "sign_B_2"}, {"sign_id": "sign_A_4", "match_sign_id": "sign_B_2"}, {"sign_id": "sign_A_4", "match_sign_id": "sign_B_1"}, {"sign_id": "sign_A_4", "match_sign_id": "sign_B_3"}, {"sign_id": "sign_A_4", "match_sign_id": "sign_B_5"}, {"sign_id": "sign_A_4", "match_sign_id": "sign_B_4"}, {"sign_id": "sign_A_4", "match_sign_id": "sign_B_6"}, {"sign_id": "sign_A_5", "match_sign_id": "sign_B_4"}, {"sign_id": "sign_A_5", "match_sign_id": "sign_B_3"}, {"sign_id": "sign_A_5", "match_sign_id": "sign_B_5"}, {"sign_id": "sign_A_5", "match_sign_id": "sign_B_2"}, {"sign_id": "sign_A_5", "match_sign_id": "sign_B_1"}, {"sign_id": "sign_A_5", "match_sign_id": "sign_B_6"}, {"sign_id": "sign_A_6", "match_sign_id": "sign_B_5"}, {"sign_id": "sign_A_6", "match_sign_id": "sign_B_4"}, {"sign_id": "sign_A_6", "match_sign_id": "sign_B_3"}, {"sign_id": "sign_A_6", "match_sign_id": "sign_B_2"}, {"sign_id": "sign_A_6", "match_sign_id": "sign_B_1"}, {"sign_id": "sign_A_6", "match_sign_id": "sign_B_6"}, {"sign_id": "sign_A_2", "match_sign_id": "sign_B_1"}]}