{"group": [{"pic_list": ["19570527040700000714", "19570527040700000715", "19570527040700000716", "19570527040700000717"], "seq_id": "A"}, {"pic_list": ["18558236080200002933", "18558236080200003619", "18558236080200003620", "18558236080200003621"], "seq_id": "B"}], "signs": [{"pic_id": "19570527040700000714", "x": 864, "y": 310, "w": 9, "h": 12, "type": "301", "sign_id": "sign_A_1"}, {"pic_id": "19570527040700000714", "x": 1007, "y": 358, "w": 9, "h": 11, "type": "301", "sign_id": "sign_A_2"}, {"pic_id": "19570527040700000715", "x": 918, "y": 289, "w": 11, "h": 14, "type": "301", "sign_id": "sign_A_3"}, {"pic_id": "19570527040700000716", "x": 956, "y": 277, "w": 11, "h": 15, "type": "301", "sign_id": "sign_A_4"}, {"pic_id": "19570527040700000716", "x": 1140, "y": 341, "w": 12, "h": 13, "type": "301", "sign_id": "sign_A_5"}, {"pic_id": "19570527040700000717", "x": 999, "y": 261, "w": 14, "h": 17, "type": "301", "sign_id": "sign_A_6"}, {"pic_id": "18558236080200002933", "x": 915, "y": 290, "w": 8, "h": 8, "type": "301", "sign_id": "sign_B_1"}, {"pic_id": "18558236080200003620", "x": 1006, "y": 259, "w": 11, "h": 12, "type": "301", "sign_id": "sign_B_2"}, {"pic_id": "18558236080200003620", "x": 589, "y": 273, "w": 5, "h": 6, "type": "301", "sign_id": "sign_B_3"}, {"pic_id": "18558236080200003621", "x": 1125, "y": 227, "w": 14, "h": 15, "type": "301", "sign_id": "sign_B_4"}], "match": [{"sign_id": "sign_A_1", "match_sign_id": "sign_B_2"}, {"sign_id": "sign_A_1", "match_sign_id": "sign_B_1"}, {"sign_id": "sign_A_2", "match_sign_id": "sign_B_2"}, {"sign_id": "sign_A_2", "match_sign_id": "sign_B_4"}, {"sign_id": "sign_A_2", "match_sign_id": "sign_B_1"}, {"sign_id": "sign_A_3", "match_sign_id": "sign_B_2"}, {"sign_id": "sign_A_3", "match_sign_id": "sign_B_1"}, {"sign_id": "sign_A_3", "match_sign_id": "sign_B_4"}, {"sign_id": "sign_A_4", "match_sign_id": "sign_B_2"}, {"sign_id": "sign_A_4", "match_sign_id": "sign_B_1"}, {"sign_id": "sign_A_5", "match_sign_id": "sign_B_4"}, {"sign_id": "sign_A_5", "match_sign_id": "sign_B_2"}, {"sign_id": "sign_A_5", "match_sign_id": "sign_B_1"}, {"sign_id": "sign_A_6", "match_sign_id": "sign_B_2"}, {"sign_id": "sign_A_6", "match_sign_id": "sign_B_1"}, {"sign_id": "sign_A_6", "match_sign_id": "sign_B_4"}]}