{"group": [{"pic_list": ["20599255030200006022", "20599255030200006023", "20599255030200005789", "20599255030200005790", "20599255030200005791", "20599255030200005792"], "seq_id": "A"}, {"pic_list": ["18553378010400037312", "18553378010400037313", "18553378010400037314", "18553378010400037315"], "seq_id": "B"}], "signs": [{"pic_id": "20599255030200006022", "x": 1178, "y": 634, "w": 21, "h": 22, "type": "106", "sign_id": "sign_A_1"}, {"pic_id": "20599255030200006022", "x": 880, "y": 569, "w": 9, "h": 13, "type": "301", "sign_id": "sign_A_2"}, {"pic_id": "20599255030200006023", "x": 1268, "y": 613, "w": 26, "h": 27, "type": "104", "sign_id": "sign_A_3"}, {"pic_id": "20599255030200006023", "x": 895, "y": 521, "w": 12, "h": 17, "type": "301", "sign_id": "sign_A_4"}, {"pic_id": "20599255030200005789", "x": 1431, "y": 547, "w": 34, "h": 36, "type": "104", "sign_id": "sign_A_5"}, {"pic_id": "20599255030200005789", "x": 850, "y": 544, "w": 34, "h": 35, "type": "106", "sign_id": "sign_A_6"}, {"pic_id": "20599255030200005789", "x": 936, "y": 399, "w": 17, "h": 23, "type": "301", "sign_id": "sign_A_7"}, {"pic_id": "20599255030200005790", "x": 1820, "y": 423, "w": 40, "h": 56, "type": "104", "sign_id": "sign_A_8"}, {"pic_id": "20599255030200005790", "x": 914, "y": 423, "w": 54, "h": 54, "type": "106", "sign_id": "sign_A_9"}, {"pic_id": "20599255030200005790", "x": 1139, "y": 62, "w": 28, "h": 41, "type": "301", "sign_id": "sign_A_10"}, {"pic_id": "20599255030200005791", "x": 1247, "y": 2, "w": 117, "h": 65, "type": "106", "sign_id": "sign_A_11"}, {"pic_id": "18553378010400037312", "x": 931, "y": 347, "w": 15, "h": 15, "type": "104", "sign_id": "sign_B_1"}, {"pic_id": "18553378010400037312", "x": 747, "y": 293, "w": 6, "h": 8, "type": "301", "sign_id": "sign_B_2"}, {"pic_id": "18553378010400037313", "x": 1119, "y": 321, "w": 21, "h": 22, "type": "104", "sign_id": "sign_B_3"}, {"pic_id": "18553378010400037313", "x": 767, "y": 301, "w": 19, "h": 20, "type": "106", "sign_id": "sign_B_4"}, {"pic_id": "18553378010400037314", "x": 941, "y": 220, "w": 33, "h": 35, "type": "106", "sign_id": "sign_B_5"}], "match": [{"sign_id": "sign_A_1", "match_sign_id": "sign_B_5"}, {"sign_id": "sign_A_1", "match_sign_id": "sign_B_4"}, {"sign_id": "sign_A_2", "match_sign_id": "sign_B_2"}, {"sign_id": "sign_A_3", "match_sign_id": "sign_B_1"}, {"sign_id": "sign_A_3", "match_sign_id": "sign_B_3"}, {"sign_id": "sign_A_4", "match_sign_id": "sign_B_2"}, {"sign_id": "sign_A_5", "match_sign_id": "sign_B_3"}, {"sign_id": "sign_A_5", "match_sign_id": "sign_B_1"}, {"sign_id": "sign_A_6", "match_sign_id": "sign_B_4"}, {"sign_id": "sign_A_6", "match_sign_id": "sign_B_5"}, {"sign_id": "sign_A_7", "match_sign_id": "sign_B_2"}, {"sign_id": "sign_A_8", "match_sign_id": "sign_B_3"}, {"sign_id": "sign_A_8", "match_sign_id": "sign_B_1"}, {"sign_id": "sign_A_9", "match_sign_id": "sign_B_4"}, {"sign_id": "sign_A_9", "match_sign_id": "sign_B_5"}, {"sign_id": "sign_A_10", "match_sign_id": "sign_B_2"}, {"sign_id": "sign_A_11", "match_sign_id": "sign_B_5"}, {"sign_id": "sign_A_11", "match_sign_id": "sign_B_4"}]}