{"group": [{"pic_list": ["20597913010400008175", "20597913010400008176", "20597913010400008177", "20597913010400008178", "20597913010400008179", "20597913010400008180"], "seq_id": "A"}, {"pic_list": ["18558840091400027570", "18558840091400027571", "18558840091400027572", "18558840091400027573", "18558840091400027574", "18558840091400027575"], "seq_id": "B"}], "signs": [{"pic_id": "20597913010400008178", "x": 584, "y": 138, "w": 17, "h": 23, "type": "301", "sign_id": "sign_A_1"}, {"pic_id": "20597913010400008179", "x": 533, "y": 22, "w": 24, "h": 32, "type": "301", "sign_id": "sign_A_2"}, {"pic_id": "18558840091400027571", "x": 620, "y": 260, "w": 10, "h": 13, "type": "301", "sign_id": "sign_B_1"}, {"pic_id": "18558840091400027572", "x": 600, "y": 207, "w": 12, "h": 17, "type": "301", "sign_id": "sign_B_2"}, {"pic_id": "18558840091400027573", "x": 763, "y": 364, "w": 15, "h": 14, "type": "202", "sign_id": "sign_B_3"}, {"pic_id": "18558840091400027573", "x": 576, "y": 144, "w": 17, "h": 21, "type": "301", "sign_id": "sign_B_4"}, {"pic_id": "18558840091400027574", "x": 783, "y": 343, "w": 18, "h": 17, "type": "202", "sign_id": "sign_B_5"}, {"pic_id": "18558840091400027574", "x": 537, "y": 3, "w": 24, "h": 33, "type": "301", "sign_id": "sign_B_6"}, {"pic_id": "18558840091400027574", "x": 287, "y": 357, "w": 6, "h": 8, "type": "301", "sign_id": "sign_B_7"}, {"pic_id": "18558840091400027575", "x": 720, "y": 324, "w": 21, "h": 21, "type": "202", "sign_id": "sign_B_8"}, {"pic_id": "18558840091400027575", "x": 136, "y": 348, "w": 7, "h": 8, "type": "301", "sign_id": "sign_B_9"}], "match": [{"sign_id": "sign_A_1", "match_sign_id": "sign_B_2"}, {"sign_id": "sign_A_1", "match_sign_id": "sign_B_4"}, {"sign_id": "sign_A_1", "match_sign_id": "sign_B_6"}, {"sign_id": "sign_A_1", "match_sign_id": "sign_B_1"}, {"sign_id": "sign_A_1", "match_sign_id": "sign_B_9"}, {"sign_id": "sign_A_2", "match_sign_id": "sign_B_6"}, {"sign_id": "sign_A_2", "match_sign_id": "sign_B_4"}, {"sign_id": "sign_A_2", "match_sign_id": "sign_B_2"}, {"sign_id": "sign_A_2", "match_sign_id": "sign_B_1"}]}