{"group": [{"pic_list": ["19582523082000001916", "19582523082000001917", "19582523082000001918", "19582523082000001919", "19582523082000001920", "19582523082000001921", "19582523082000001922", "19582523082000001923"], "seq_id": "A"}, {"pic_list": ["18557962072300043823", "18557962072300043824", "18557962072300043825", "18557962072300043826", "18557962072300043827", "18557962072300043828", "18557962072300043829", "18557962072300043830"], "seq_id": "B"}], "signs": [{"pic_id": "19582523082000001916", "x": 488, "y": 261, "w": 16, "h": 22, "type": "301", "sign_id": "sign_A_1"}, {"pic_id": "19582523082000001917", "x": 392, "y": 182, "w": 23, "h": 30, "type": "301", "sign_id": "sign_A_2"}, {"pic_id": "19582523082000001918", "x": 269, "y": 119, "w": 27, "h": 35, "type": "301", "sign_id": "sign_A_3"}, {"pic_id": "18557962072300043823", "x": 627, "y": 182, "w": 57, "h": 58, "type": "201", "sign_id": "sign_B_1"}, {"pic_id": "18557962072300043823", "x": 382, "y": 307, "w": 10, "h": 13, "type": "301", "sign_id": "sign_B_2"}, {"pic_id": "18557962072300043824", "x": 634, "y": 66, "w": 82, "h": 85, "type": "201", "sign_id": "sign_B_3"}, {"pic_id": "18557962072300043824", "x": 348, "y": 300, "w": 12, "h": 15, "type": "301", "sign_id": "sign_B_4"}, {"pic_id": "18557962072300043825", "x": 424, "y": 253, "w": 14, "h": 18, "type": "301", "sign_id": "sign_B_5"}, {"pic_id": "18557962072300043826", "x": 165, "y": 112, "w": 25, "h": 32, "type": "301", "sign_id": "sign_B_6"}], "match": [{"sign_id": "sign_A_1", "match_sign_id": "sign_B_4"}, {"sign_id": "sign_A_1", "match_sign_id": "sign_B_2"}, {"sign_id": "sign_A_1", "match_sign_id": "sign_B_6"}, {"sign_id": "sign_A_1", "match_sign_id": "sign_B_5"}, {"sign_id": "sign_A_2", "match_sign_id": "sign_B_5"}, {"sign_id": "sign_A_2", "match_sign_id": "sign_B_6"}, {"sign_id": "sign_A_2", "match_sign_id": "sign_B_4"}, {"sign_id": "sign_A_2", "match_sign_id": "sign_B_2"}, {"sign_id": "sign_A_3", "match_sign_id": "sign_B_6"}, {"sign_id": "sign_A_3", "match_sign_id": "sign_B_5"}, {"sign_id": "sign_A_3", "match_sign_id": "sign_B_4"}, {"sign_id": "sign_A_3", "match_sign_id": "sign_B_2"}]}