{"group": [{"pic_list": ["19582326081600009285", "19582326081600009286", "19582326081600009287", "19582326081600009288", "19582326081600009289", "19582326081600009290", "19582326081600009291"], "seq_id": "A"}, {"pic_list": ["18559551103100032903", "18559551103100032904", "18559551103100032905", "18559551103100032906", "18559551103100032907", "18559551103100032908"], "seq_id": "B"}], "signs": [{"pic_id": "19582326081600009286", "x": 608, "y": 438, "w": 9, "h": 11, "type": "301", "sign_id": "sign_A_1"}, {"pic_id": "19582326081600009287", "x": 571, "y": 418, "w": 10, "h": 12, "type": "301", "sign_id": "sign_A_2"}, {"pic_id": "19582326081600009288", "x": 510, "y": 394, "w": 10, "h": 13, "type": "301", "sign_id": "sign_A_3"}, {"pic_id": "19582326081600009290", "x": 384, "y": 326, "w": 14, "h": 17, "type": "301", "sign_id": "sign_A_4"}, {"pic_id": "19582326081600009291", "x": 690, "y": 449, "w": 25, "h": 25, "type": "207", "sign_id": "sign_A_5"}, {"pic_id": "19582326081600009291", "x": 48, "y": 191, "w": 19, "h": 24, "type": "301", "sign_id": "sign_A_6"}, {"pic_id": "18559551103100032903", "x": 474, "y": 292, "w": 6, "h": 8, "type": "301", "sign_id": "sign_B_1"}, {"pic_id": "18559551103100032904", "x": 419, "y": 275, "w": 7, "h": 9, "type": "301", "sign_id": "sign_B_2"}, {"pic_id": "18559551103100032905", "x": 375, "y": 257, "w": 8, "h": 9, "type": "301", "sign_id": "sign_B_3"}, {"pic_id": "18559551103100032906", "x": 489, "y": 287, "w": 14, "h": 18, "type": "207", "sign_id": "sign_B_4"}, {"pic_id": "18559551103100032906", "x": 318, "y": 236, "w": 9, "h": 11, "type": "301", "sign_id": "sign_B_5"}, {"pic_id": "18559551103100032907", "x": 467, "y": 262, "w": 19, "h": 22, "type": "207", "sign_id": "sign_B_6"}, {"pic_id": "18559551103100032907", "x": 255, "y": 199, "w": 10, "h": 13, "type": "301", "sign_id": "sign_B_7"}, {"pic_id": "18559551103100032908", "x": 427, "y": 238, "w": 23, "h": 27, "type": "207", "sign_id": "sign_B_8"}, {"pic_id": "18559551103100032908", "x": 166, "y": 160, "w": 14, "h": 16, "type": "301", "sign_id": "sign_B_9"}], "match": [{"sign_id": "sign_A_1", "match_sign_id": "sign_B_1"}, {"sign_id": "sign_A_1", "match_sign_id": "sign_B_9"}, {"sign_id": "sign_A_1", "match_sign_id": "sign_B_2"}, {"sign_id": "sign_A_1", "match_sign_id": "sign_B_3"}, {"sign_id": "sign_A_1", "match_sign_id": "sign_B_7"}, {"sign_id": "sign_A_1", "match_sign_id": "sign_B_5"}, {"sign_id": "sign_A_2", "match_sign_id": "sign_B_2"}, {"sign_id": "sign_A_2", "match_sign_id": "sign_B_1"}, {"sign_id": "sign_A_2", "match_sign_id": "sign_B_5"}, {"sign_id": "sign_A_2", "match_sign_id": "sign_B_9"}, {"sign_id": "sign_A_2", "match_sign_id": "sign_B_7"}, {"sign_id": "sign_A_2", "match_sign_id": "sign_B_3"}, {"sign_id": "sign_A_3", "match_sign_id": "sign_B_5"}, {"sign_id": "sign_A_3", "match_sign_id": "sign_B_7"}, {"sign_id": "sign_A_3", "match_sign_id": "sign_B_1"}, {"sign_id": "sign_A_3", "match_sign_id": "sign_B_9"}, {"sign_id": "sign_A_3", "match_sign_id": "sign_B_3"}, {"sign_id": "sign_A_3", "match_sign_id": "sign_B_2"}, {"sign_id": "sign_A_4", "match_sign_id": "sign_B_7"}, {"sign_id": "sign_A_4", "match_sign_id": "sign_B_9"}, {"sign_id": "sign_A_4", "match_sign_id": "sign_B_5"}, {"sign_id": "sign_A_4", "match_sign_id": "sign_B_3"}, {"sign_id": "sign_A_4", "match_sign_id": "sign_B_1"}, {"sign_id": "sign_A_4", "match_sign_id": "sign_B_2"}, {"sign_id": "sign_A_5", "match_sign_id": "sign_B_4"}, {"sign_id": "sign_A_5", "match_sign_id": "sign_B_6"}, {"sign_id": "sign_A_5", "match_sign_id": "sign_B_8"}, {"sign_id": "sign_A_6", "match_sign_id": "sign_B_9"}, {"sign_id": "sign_A_6", "match_sign_id": "sign_B_7"}, {"sign_id": "sign_A_6", "match_sign_id": "sign_B_3"}, {"sign_id": "sign_A_6", "match_sign_id": "sign_B_5"}, {"sign_id": "sign_A_6", "match_sign_id": "sign_B_1"}, {"sign_id": "sign_A_6", "match_sign_id": "sign_B_2"}]}