{"group": [{"pic_list": ["19590516111100003286", "19590516111100003287", "19590516111100003288"], "seq_id": "A"}, {"pic_list": ["18553562010900024249", "18553562010900024250"], "seq_id": "B"}], "signs": [{"pic_id": "19590516111100003286", "x": 830, "y": 301, "w": 11, "h": 12, "type": "301", "sign_id": "sign_A_1"}, {"pic_id": "19590516111100003286", "x": 839, "y": 297, "w": 9, "h": 9, "type": "301", "sign_id": "sign_A_2"}, {"pic_id": "19590516111100003287", "x": 955, "y": 203, "w": 51, "h": 48, "type": "201", "sign_id": "sign_A_3"}, {"pic_id": "19590516111100003287", "x": 898, "y": 263, "w": 13, "h": 14, "type": "301", "sign_id": "sign_A_4"}, {"pic_id": "19590516111100003287", "x": 881, "y": 273, "w": 13, "h": 15, "type": "301", "sign_id": "sign_A_5"}, {"pic_id": "19590516111100003288", "x": 1071, "y": 161, "w": 24, "h": 27, "type": "301", "sign_id": "sign_A_6"}, {"pic_id": "19590516111100003288", "x": 1017, "y": 192, "w": 22, "h": 27, "type": "301", "sign_id": "sign_A_7"}, {"pic_id": "18553562010900024250", "x": 702, "y": 321, "w": 17, "h": 21, "type": "301", "sign_id": "sign_B_1"}, {"pic_id": "18553562010900024250", "x": 690, "y": 341, "w": 15, "h": 18, "type": "301", "sign_id": "sign_B_2"}], "match": [{"sign_id": "sign_A_1", "match_sign_id": "sign_B_2"}, {"sign_id": "sign_A_2", "match_sign_id": "sign_B_1"}, {"sign_id": "sign_A_3", "match_sign_id": " "}, {"sign_id": "sign_A_4", "match_sign_id": "sign_B_1"}, {"sign_id": "sign_A_6", "match_sign_id": "sign_B_1"}]}