{"group": [{"pic_list": ["19590905111600006826", "19590905111600006827", "19590905111600006828", "19590905111600006829", "19590905111600006830", "19590905111600006831"], "seq_id": "A"}, {"pic_list": ["18558761091200027603", "18558761091200027604", "18558761091200027605", "18558761091200027606", "18558761091200027607", "18558761091200027608"], "seq_id": "B"}], "signs": [{"pic_id": "19590905111600006826", "x": 894, "y": 320, "w": 7, "h": 8, "type": "301", "sign_id": "sign_A_1"}, {"pic_id": "19590905111600006828", "x": 1090, "y": 285, "w": 10, "h": 13, "type": "301", "sign_id": "sign_A_2"}, {"pic_id": "18558761091200027603", "x": 946, "y": 406, "w": 7, "h": 9, "type": "301", "sign_id": "sign_B_1"}, {"pic_id": "18558761091200027604", "x": 990, "y": 387, "w": 8, "h": 10, "type": "301", "sign_id": "sign_B_2"}, {"pic_id": "18558761091200027605", "x": 1059, "y": 382, "w": 10, "h": 12, "type": "301", "sign_id": "sign_B_3"}, {"pic_id": "18558761091200027606", "x": 1212, "y": 351, "w": 14, "h": 17, "type": "301", "sign_id": "sign_B_4"}], "match": [{"sign_id": "sign_A_1", "match_sign_id": "sign_B_3"}, {"sign_id": "sign_A_1", "match_sign_id": "sign_B_2"}, {"sign_id": "sign_A_1", "match_sign_id": "sign_B_1"}, {"sign_id": "sign_A_1", "match_sign_id": "sign_B_4"}, {"sign_id": "sign_A_2", "match_sign_id": "sign_B_4"}, {"sign_id": "sign_A_2", "match_sign_id": "sign_B_2"}, {"sign_id": "sign_A_2", "match_sign_id": "sign_B_3"}, {"sign_id": "sign_A_2", "match_sign_id": "sign_B_1"}]}