{"group": [{"pic_list": ["19596967122800013347", "19596967122800013348", "19596967122800013349", "19596967122800013350"], "seq_id": "A"}, {"pic_list": ["18558584083100027629", "18558584083100024846", "18558584083100024847", "18558584083100024848"], "seq_id": "B"}], "signs": [{"pic_id": "19596967122800013347", "x": 690, "y": 75, "w": 11, "h": 16, "type": "301", "sign_id": "sign_A_1"}, {"pic_id": "19596967122800013348", "x": 921, "y": 314, "w": 14, "h": 16, "type": "301", "sign_id": "sign_A_2"}, {"pic_id": "19596967122800013349", "x": 1000, "y": 267, "w": 19, "h": 21, "type": "301", "sign_id": "sign_A_3"}, {"pic_id": "18558584083100027629", "x": 948, "y": 201, "w": 11, "h": 12, "type": "301", "sign_id": "sign_B_1"}, {"pic_id": "18558584083100024846", "x": 999, "y": 179, "w": 12, "h": 14, "type": "301", "sign_id": "sign_B_2"}, {"pic_id": "18558584083100024847", "x": 1102, "y": 145, "w": 16, "h": 18, "type": "301", "sign_id": "sign_B_3"}, {"pic_id": "18558584083100024848", "x": 1148, "y": 130, "w": 17, "h": 19, "type": "301", "sign_id": "sign_B_4"}], "match": [{"sign_id": "sign_A_1", "match_sign_id": " "}, {"sign_id": "sign_A_2", "match_sign_id": "sign_B_4"}, {"sign_id": "sign_A_2", "match_sign_id": "sign_B_3"}, {"sign_id": "sign_A_2", "match_sign_id": "sign_B_2"}, {"sign_id": "sign_A_2", "match_sign_id": "sign_B_1"}, {"sign_id": "sign_A_3", "match_sign_id": "sign_B_4"}, {"sign_id": "sign_A_3", "match_sign_id": "sign_B_2"}, {"sign_id": "sign_A_3", "match_sign_id": "sign_B_3"}, {"sign_id": "sign_A_3", "match_sign_id": "sign_B_1"}]}