{"group": [{"pic_list": ["19592391120400003523", "19592391120400003524", "19592391120400003525", "19592391120400003526", "19592391120400003527", "19592391120400003528", "19592391120400003529"], "seq_id": "A"}, {"pic_list": ["18559096092800040629", "18559096092800042022", "18559096092800042023", "18559096092800042024", "18559096092800042025", "18559096092800042026", "18559096092800042027", "18559096092800042028"], "seq_id": "B"}], "signs": [{"pic_id": "19592391120400003523", "x": 630, "y": 263, "w": 7, "h": 7, "type": "301", "sign_id": "sign_A_1"}, {"pic_id": "19592391120400003524", "x": 695, "y": 247, "w": 8, "h": 9, "type": "301", "sign_id": "sign_A_2"}, {"pic_id": "19592391120400003525", "x": 610, "y": 223, "w": 9, "h": 10, "type": "301", "sign_id": "sign_A_3"}, {"pic_id": "19592391120400003526", "x": 461, "y": 194, "w": 11, "h": 13, "type": "301", "sign_id": "sign_A_4"}, {"pic_id": "19592391120400003527", "x": 275, "y": 75, "w": 18, "h": 19, "type": "301", "sign_id": "sign_A_5"}, {"pic_id": "18559096092800040629", "x": 488, "y": 384, "w": 6, "h": 6, "type": "301", "sign_id": "sign_B_1"}, {"pic_id": "18559096092800042022", "x": 468, "y": 371, "w": 7, "h": 7, "type": "301", "sign_id": "sign_B_2"}, {"pic_id": "18559096092800042023", "x": 435, "y": 357, "w": 8, "h": 9, "type": "301", "sign_id": "sign_B_3"}, {"pic_id": "18559096092800042024", "x": 381, "y": 334, "w": 9, "h": 10, "type": "301", "sign_id": "sign_B_4"}, {"pic_id": "18559096092800042025", "x": 692, "y": 401, "w": 17, "h": 15, "type": "106", "sign_id": "sign_B_5"}, {"pic_id": "18559096092800042025", "x": 285, "y": 293, "w": 12, "h": 14, "type": "301", "sign_id": "sign_B_6"}, {"pic_id": "18559096092800042026", "x": 80, "y": 208, "w": 19, "h": 20, "type": "301", "sign_id": "sign_B_7"}], "match": [{"sign_id": "sign_A_1", "match_sign_id": "sign_B_1"}, {"sign_id": "sign_A_1", "match_sign_id": "sign_B_3"}, {"sign_id": "sign_A_1", "match_sign_id": "sign_B_2"}, {"sign_id": "sign_A_1", "match_sign_id": "sign_B_4"}, {"sign_id": "sign_A_1", "match_sign_id": "sign_B_6"}, {"sign_id": "sign_A_1", "match_sign_id": "sign_B_7"}, {"sign_id": "sign_A_2", "match_sign_id": "sign_B_3"}, {"sign_id": "sign_A_2", "match_sign_id": "sign_B_4"}, {"sign_id": "sign_A_2", "match_sign_id": "sign_B_2"}, {"sign_id": "sign_A_2", "match_sign_id": "sign_B_1"}, {"sign_id": "sign_A_2", "match_sign_id": "sign_B_6"}, {"sign_id": "sign_A_2", "match_sign_id": "sign_B_7"}, {"sign_id": "sign_A_3", "match_sign_id": "sign_B_3"}, {"sign_id": "sign_A_3", "match_sign_id": "sign_B_4"}, {"sign_id": "sign_A_3", "match_sign_id": "sign_B_6"}, {"sign_id": "sign_A_3", "match_sign_id": "sign_B_2"}, {"sign_id": "sign_A_3", "match_sign_id": "sign_B_1"}, {"sign_id": "sign_A_3", "match_sign_id": "sign_B_7"}, {"sign_id": "sign_A_4", "match_sign_id": "sign_B_3"}, {"sign_id": "sign_A_4", "match_sign_id": "sign_B_4"}, {"sign_id": "sign_A_4", "match_sign_id": "sign_B_6"}, {"sign_id": "sign_A_4", "match_sign_id": "sign_B_2"}, {"sign_id": "sign_A_4", "match_sign_id": "sign_B_7"}, {"sign_id": "sign_A_4", "match_sign_id": "sign_B_1"}, {"sign_id": "sign_A_5", "match_sign_id": "sign_B_6"}, {"sign_id": "sign_A_5", "match_sign_id": "sign_B_7"}, {"sign_id": "sign_A_5", "match_sign_id": "sign_B_4"}, {"sign_id": "sign_A_5", "match_sign_id": "sign_B_3"}, {"sign_id": "sign_A_5", "match_sign_id": "sign_B_2"}, {"sign_id": "sign_A_5", "match_sign_id": "sign_B_1"}]}