{"group": [{"pic_list": ["19580149071300018607", "19580149071300018608", "19580149071300018646", "19580149071300018647", "19580149071300018648"], "seq_id": "A"}, {"pic_list": ["18553409010500010278", "18553409010500010279", "18553409010500007179", "18553409010500007180"], "seq_id": "B"}], "signs": [{"pic_id": "19580149071300018607", "x": 433, "y": 331, "w": 15, "h": 15, "type": "103", "sign_id": "sign_A_1"}, {"pic_id": "19580149071300018608", "x": 829, "y": 317, "w": 16, "h": 16, "type": "103", "sign_id": "sign_A_2"}, {"pic_id": "19580149071300018647", "x": 763, "y": 293, "w": 11, "h": 15, "type": "301", "sign_id": "sign_A_3"}, {"pic_id": "19580149071300018648", "x": 887, "y": 258, "w": 15, "h": 20, "type": "301", "sign_id": "sign_A_4"}, {"pic_id": "18553409010500010279", "x": 724, "y": 341, "w": 10, "h": 12, "type": "301", "sign_id": "sign_B_1"}, {"pic_id": "18553409010500007180", "x": 735, "y": 260, "w": 18, "h": 19, "type": "103", "sign_id": "sign_B_2"}], "match": [{"sign_id": "sign_A_1", "match_sign_id": "sign_B_2"}, {"sign_id": "sign_A_2", "match_sign_id": "sign_B_2"}, {"sign_id": "sign_A_3", "match_sign_id": " "}, {"sign_id": "sign_A_4", "match_sign_id": " "}]}