{"group": [{"pic_list": ["19581898081100000537", "19581898081100000538", "19581898081100000539", "19581898081100000540", "19581898081100000541"], "seq_id": "A"}, {"pic_list": ["18558226080100003709", "18558226080100004315", "18558226080100004316", "18558226080100004317", "18558226080100004318", "18558226080100004319", "18558226080100004320"], "seq_id": "B"}], "signs": [{"pic_id": "19581898081100000540", "x": 436, "y": 505, "w": 12, "h": 13, "type": "301", "sign_id": "sign_A_1"}, {"pic_id": "19581898081100000541", "x": 349, "y": 459, "w": 13, "h": 18, "type": "301", "sign_id": "sign_A_2"}, {"pic_id": "18558226080100004316", "x": 526, "y": 340, "w": 6, "h": 8, "type": "301", "sign_id": "sign_B_1"}, {"pic_id": "18558226080100004317", "x": 518, "y": 336, "w": 6, "h": 8, "type": "301", "sign_id": "sign_B_2"}, {"pic_id": "18558226080100004318", "x": 486, "y": 331, "w": 7, "h": 8, "type": "301", "sign_id": "sign_B_3"}, {"pic_id": "18558226080100004320", "x": 413, "y": 308, "w": 8, "h": 9, "type": "301", "sign_id": "sign_B_4"}], "match": [{"sign_id": "sign_A_1", "match_sign_id": "sign_B_2"}, {"sign_id": "sign_A_1", "match_sign_id": "sign_B_1"}, {"sign_id": "sign_A_1", "match_sign_id": "sign_B_3"}, {"sign_id": "sign_A_1", "match_sign_id": "sign_B_4"}, {"sign_id": "sign_A_2", "match_sign_id": "sign_B_4"}, {"sign_id": "sign_A_2", "match_sign_id": "sign_B_1"}, {"sign_id": "sign_A_2", "match_sign_id": "sign_B_3"}, {"sign_id": "sign_A_2", "match_sign_id": "sign_B_2"}]}