{"group": [{"pic_list": ["19590914111600003841", "19590914111600003842", "19590914111600003843", "19590914111600003844", "19590914111600003845", "19590914111600003846", "19590914111600003847", "19590914111600003848"], "seq_id": "A"}, {"pic_list": ["18558841091400037180", "18558841091400040267", "18558841091400040268", "18558841091400040269", "18558841091400040270", "18558841091400040271", "18558841091400040272", "18558841091400040273"], "seq_id": "B"}], "signs": [{"pic_id": "19590914111600003842", "x": 412, "y": 445, "w": 8, "h": 10, "type": "301", "sign_id": "sign_A_1"}, {"pic_id": "19590914111600003843", "x": 692, "y": 489, "w": 12, "h": 12, "type": "104", "sign_id": "sign_A_2"}, {"pic_id": "19590914111600003843", "x": 369, "y": 419, "w": 9, "h": 12, "type": "301", "sign_id": "sign_A_3"}, {"pic_id": "19590914111600003844", "x": 718, "y": 476, "w": 14, "h": 14, "type": "104", "sign_id": "sign_A_4"}, {"pic_id": "19590914111600003844", "x": 258, "y": 352, "w": 13, "h": 18, "type": "301", "sign_id": "sign_A_5"}, {"pic_id": "19590914111600003845", "x": 728, "y": 468, "w": 14, "h": 15, "type": "104", "sign_id": "sign_A_6"}, {"pic_id": "19590914111600003845", "x": 148, "y": 293, "w": 19, "h": 24, "type": "301", "sign_id": "sign_A_7"}, {"pic_id": "19590914111600003846", "x": 736, "y": 455, "w": 18, "h": 18, "type": "106", "sign_id": "sign_A_8"}, {"pic_id": "19590914111600003847", "x": 744, "y": 442, "w": 23, "h": 23, "type": "106", "sign_id": "sign_A_9"}, {"pic_id": "19590914111600003847", "x": 671, "y": 440, "w": 17, "h": 16, "type": "106", "sign_id": "sign_A_10"}, {"pic_id": "19590914111600003848", "x": 765, "y": 417, "w": 28, "h": 30, "type": "106", "sign_id": "sign_A_11"}, {"pic_id": "19590914111600003848", "x": 671, "y": 419, "w": 20, "h": 19, "type": "106", "sign_id": "sign_A_12"}, {"pic_id": "18558841091400040272", "x": 672, "y": 280, "w": 16, "h": 15, "type": "106", "sign_id": "sign_B_1"}, {"pic_id": "18558841091400040272", "x": 744, "y": 283, "w": 22, "h": 22, "type": "106", "sign_id": "sign_B_2"}, {"pic_id": "18558841091400040273", "x": 773, "y": 258, "w": 29, "h": 30, "type": "106", "sign_id": "sign_B_3"}, {"pic_id": "18558841091400040273", "x": 679, "y": 259, "w": 19, "h": 19, "type": "106", "sign_id": "sign_B_4"}], "match": [{"sign_id": "sign_A_1", "match_sign_id": " "}, {"sign_id": "sign_A_3", "match_sign_id": " "}, {"sign_id": "sign_A_5", "match_sign_id": " "}, {"sign_id": "sign_A_7", "match_sign_id": " "}, {"sign_id": "sign_A_8", "match_sign_id": "sign_B_3"}, {"sign_id": "sign_A_8", "match_sign_id": "sign_B_2"}, {"sign_id": "sign_A_8", "match_sign_id": "sign_B_1"}, {"sign_id": "sign_A_9", "match_sign_id": "sign_B_3"}, {"sign_id": "sign_A_9", "match_sign_id": "sign_B_2"}, {"sign_id": "sign_A_10", "match_sign_id": "sign_B_3"}, {"sign_id": "sign_A_10", "match_sign_id": "sign_B_4"}, {"sign_id": "sign_A_10", "match_sign_id": "sign_B_1"}, {"sign_id": "sign_A_11", "match_sign_id": "sign_B_3"}, {"sign_id": "sign_A_12", "match_sign_id": "sign_B_4"}, {"sign_id": "sign_A_12", "match_sign_id": "sign_B_1"}, {"sign_id": "sign_A_12", "match_sign_id": "sign_B_3"}, {"sign_id": "sign_A_10", "match_sign_id": "sign_B_2"}]}