{"group": [{"pic_list": ["19596629122600002177", "19596629122600002178", "19596629122600002179", "19596629122600002180", "19596629122600002181", "19596629122600002182"], "seq_id": "A"}, {"pic_list": ["18558559082900026205", "18558559082900026206", "18558559082900026207", "18558559082900026208", "18558559082900026209", "18558559082900026210"], "seq_id": "B"}], "signs": [{"pic_id": "19596629122600002177", "x": 511, "y": 434, "w": 14, "h": 18, "type": "301", "sign_id": "sign_A_1"}, {"pic_id": "19596629122600002177", "x": 738, "y": 477, "w": 13, "h": 16, "type": "301", "sign_id": "sign_A_2"}, {"pic_id": "19596629122600002178", "x": 440, "y": 364, "w": 18, "h": 25, "type": "301", "sign_id": "sign_A_3"}, {"pic_id": "19596629122600002178", "x": 740, "y": 434, "w": 14, "h": 18, "type": "301", "sign_id": "sign_A_4"}, {"pic_id": "19596629122600002179", "x": 305, "y": 241, "w": 26, "h": 34, "type": "301", "sign_id": "sign_A_5"}, {"pic_id": "19596629122600002179", "x": 739, "y": 368, "w": 18, "h": 24, "type": "301", "sign_id": "sign_A_6"}, {"pic_id": "19596629122600002180", "x": 755, "y": 261, "w": 26, "h": 34, "type": "301", "sign_id": "sign_A_7"}, {"pic_id": "19596629122600002180", "x": 607, "y": 567, "w": 7, "h": 8, "type": "301", "sign_id": "sign_A_8"}, {"pic_id": "19596629122600002181", "x": 781, "y": 10, "w": 45, "h": 54, "type": "301", "sign_id": "sign_A_9"}, {"pic_id": "19596629122600002181", "x": 592, "y": 562, "w": 7, "h": 8, "type": "301", "sign_id": "sign_A_10"}, {"pic_id": "19596629122600002182", "x": 581, "y": 553, "w": 8, "h": 10, "type": "301", "sign_id": "sign_A_11"}, {"pic_id": "18558559082900026205", "x": 518, "y": 353, "w": 8, "h": 11, "type": "301", "sign_id": "sign_B_1"}, {"pic_id": "18558559082900026205", "x": 649, "y": 376, "w": 8, "h": 9, "type": "301", "sign_id": "sign_B_2"}, {"pic_id": "18558559082900026206", "x": 482, "y": 316, "w": 11, "h": 14, "type": "301", "sign_id": "sign_B_3"}, {"pic_id": "18558559082900026206", "x": 650, "y": 353, "w": 9, "h": 11, "type": "301", "sign_id": "sign_B_4"}, {"pic_id": "18558559082900026207", "x": 417, "y": 262, "w": 15, "h": 20, "type": "301", "sign_id": "sign_B_5"}, {"pic_id": "18558559082900026207", "x": 652, "y": 327, "w": 10, "h": 13, "type": "301", "sign_id": "sign_B_6"}, {"pic_id": "18558559082900026208", "x": 699, "y": 207, "w": 18, "h": 24, "type": "301", "sign_id": "sign_B_7"}, {"pic_id": "18558559082900026209", "x": 714, "y": 125, "w": 24, "h": 32, "type": "301", "sign_id": "sign_B_8"}, {"pic_id": "18558559082900026209", "x": 587, "y": 424, "w": 5, "h": 6, "type": "301", "sign_id": "sign_B_9"}, {"pic_id": "18558559082900026210", "x": 578, "y": 420, "w": 5, "h": 6, "type": "301", "sign_id": "sign_B_10"}], "match": [{"sign_id": "sign_A_1", "match_sign_id": "sign_B_1"}, {"sign_id": "sign_A_1", "match_sign_id": "sign_B_6"}, {"sign_id": "sign_A_1", "match_sign_id": "sign_B_5"}, {"sign_id": "sign_A_1", "match_sign_id": "sign_B_4"}, {"sign_id": "sign_A_2", "match_sign_id": "sign_B_4"}, {"sign_id": "sign_A_2", "match_sign_id": "sign_B_2"}, {"sign_id": "sign_A_3", "match_sign_id": "sign_B_3"}, {"sign_id": "sign_A_3", "match_sign_id": "sign_B_5"}, {"sign_id": "sign_A_4", "match_sign_id": "sign_B_6"}, {"sign_id": "sign_A_5", "match_sign_id": "sign_B_5"}, {"sign_id": "sign_A_5", "match_sign_id": "sign_B_3"}, {"sign_id": "sign_A_5", "match_sign_id": "sign_B_2"}, {"sign_id": "sign_A_5", "match_sign_id": "sign_B_1"}, {"sign_id": "sign_A_6", "match_sign_id": "sign_B_7"}, {"sign_id": "sign_A_6", "match_sign_id": "sign_B_9"}, {"sign_id": "sign_A_7", "match_sign_id": "sign_B_8"}, {"sign_id": "sign_A_7", "match_sign_id": "sign_B_7"}, {"sign_id": "sign_A_8", "match_sign_id": "sign_B_1"}, {"sign_id": "sign_A_8", "match_sign_id": "sign_B_2"}, {"sign_id": "sign_A_8", "match_sign_id": "sign_B_4"}, {"sign_id": "sign_A_8", "match_sign_id": "sign_B_9"}, {"sign_id": "sign_A_9", "match_sign_id": "sign_B_8"}, {"sign_id": "sign_A_9", "match_sign_id": "sign_B_7"}, {"sign_id": "sign_A_9", "match_sign_id": "sign_B_3"}, {"sign_id": "sign_A_10", "match_sign_id": "sign_B_10"}, {"sign_id": "sign_A_10", "match_sign_id": "sign_B_9"}, {"sign_id": "sign_A_10", "match_sign_id": "sign_B_1"}, {"sign_id": "sign_A_11", "match_sign_id": "sign_B_10"}, {"sign_id": "sign_A_11", "match_sign_id": "sign_B_9"}, {"sign_id": "sign_A_11", "match_sign_id": "sign_B_2"}, {"sign_id": "sign_A_11", "match_sign_id": "sign_B_1"}, {"sign_id": "sign_A_4", "match_sign_id": "sign_B_2"}, {"sign_id": "sign_A_1", "match_sign_id": "sign_B_3"}, {"sign_id": "sign_A_7", "match_sign_id": "sign_B_3"}, {"sign_id": "sign_A_4", "match_sign_id": "sign_B_4"}, {"sign_id": "sign_A_6", "match_sign_id": "sign_B_4"}, {"sign_id": "sign_A_2", "match_sign_id": "sign_B_6"}, {"sign_id": "sign_A_6", "match_sign_id": "sign_B_6"}, {"sign_id": "sign_A_8", "match_sign_id": "sign_B_6"}, {"sign_id": "sign_A_4", "match_sign_id": "sign_B_7"}, {"sign_id": "sign_A_2", "match_sign_id": "sign_B_7"}, {"sign_id": "sign_A_6", "match_sign_id": "sign_B_8"}, {"sign_id": "sign_A_4", "match_sign_id": "sign_B_8"}, {"sign_id": "sign_A_2", "match_sign_id": "sign_B_9"}, {"sign_id": "sign_A_4", "match_sign_id": "sign_B_9"}, {"sign_id": "sign_A_8", "match_sign_id": "sign_B_10"}, {"sign_id": "sign_A_2", "match_sign_id": "sign_B_10"}, {"sign_id": "sign_A_4", "match_sign_id": "sign_B_10"}, {"sign_id": "sign_A_6", "match_sign_id": "sign_B_10"}]}