{"group": [{"pic_list": ["20599556033000005196", "20599556033000005197", "20599556033000005198"], "seq_id": "A"}, {"pic_list": ["18558157073000008725", "18558157073000008737", "18558157073000008892", "18558157073000008738", "18558157073000008739"], "seq_id": "B"}], "signs": [{"pic_id": "20599556033000005196", "x": 1342, "y": 402, "w": 70, "h": 71, "type": "103", "sign_id": "sign_A_1"}, {"pic_id": "20599556033000005196", "x": 1120, "y": 584, "w": 28, "h": 28, "type": "103", "sign_id": "sign_A_2"}, {"pic_id": "20599556033000005197", "x": 1623, "y": 211, "w": 106, "h": 114, "type": "103", "sign_id": "sign_A_3"}, {"pic_id": "20599556033000005197", "x": 1146, "y": 568, "w": 33, "h": 32, "type": "103", "sign_id": "sign_A_4"}, {"pic_id": "20599556033000005198", "x": 1215, "y": 542, "w": 44, "h": 43, "type": "103", "sign_id": "sign_A_5"}, {"pic_id": "18558157073000008738", "x": 979, "y": 466, "w": 20, "h": 19, "type": "103", "sign_id": "sign_B_1"}, {"pic_id": "18558157073000008739", "x": 996, "y": 446, "w": 25, "h": 22, "type": "103", "sign_id": "sign_B_2"}], "match": [{"sign_id": "sign_A_2", "match_sign_id": "sign_B_1"}, {"sign_id": "sign_A_2", "match_sign_id": "sign_B_2"}, {"sign_id": "sign_A_4", "match_sign_id": "sign_B_1"}, {"sign_id": "sign_A_4", "match_sign_id": "sign_B_2"}, {"sign_id": "sign_A_5", "match_sign_id": "sign_B_1"}, {"sign_id": "sign_A_5", "match_sign_id": "sign_B_2"}]}