{"group": [{"pic_list": ["19595508122100003286", "19595508122100003165", "19595508122100003166", "19595508122100001209", "19595508122100001210"], "seq_id": "A"}, {"pic_list": ["19567172031400001481"], "seq_id": "B"}], "signs": [{"pic_id": "19595508122100003286", "x": 1025, "y": 363, "w": 15, "h": 19, "type": "301", "sign_id": "sign_A_1"}, {"pic_id": "19595508122100003165", "x": 1257, "y": 317, "w": 18, "h": 23, "type": "301", "sign_id": "sign_A_2"}, {"pic_id": "19595508122100001209", "x": 680, "y": 329, "w": 12, "h": 17, "type": "301", "sign_id": "sign_A_3"}, {"pic_id": "19595508122100001210", "x": 597, "y": 272, "w": 16, "h": 22, "type": "301", "sign_id": "sign_A_4"}, {"pic_id": "19567172031400001481", "x": 970, "y": 216, "w": 18, "h": 24, "type": "301", "sign_id": "sign_B_1"}], "match": [{"sign_id": "sign_A_1", "match_sign_id": "sign_B_1"}, {"sign_id": "sign_A_2", "match_sign_id": "sign_B_1"}, {"sign_id": "sign_A_3", "match_sign_id": "sign_B_1"}, {"sign_id": "sign_A_4", "match_sign_id": "sign_B_1"}]}