{"group": [{"pic_list": ["19588887102700002560", "19588887102700002561", "19588887102700002562", "19588887102700002563", "19588887102700002564", "19588887102700002565", "19588887102700002566", "19588887102700002567"], "seq_id": "A"}, {"pic_list": ["18557547071100003220", "18557547071100003221", "18557547071100003222", "18557547071100003223", "18557547071100003224", "18557547071100003225", "18557547071100003226", "18557547071100003227"], "seq_id": "B"}], "signs": [{"pic_id": "19588887102700002560", "x": 521, "y": 259, "w": 14, "h": 19, "type": "301", "sign_id": "sign_A_1"}, {"pic_id": "19588887102700002560", "x": 331, "y": 360, "w": 9, "h": 11, "type": "301", "sign_id": "sign_A_2"}, {"pic_id": "19588887102700002560", "x": 525, "y": 413, "w": 5, "h": 6, "type": "301", "sign_id": "sign_A_3"}, {"pic_id": "19588887102700002561", "x": 482, "y": 144, "w": 20, "h": 27, "type": "301", "sign_id": "sign_A_4"}, {"pic_id": "19588887102700002561", "x": 260, "y": 330, "w": 11, "h": 13, "type": "301", "sign_id": "sign_A_5"}, {"pic_id": "19588887102700002561", "x": 516, "y": 407, "w": 6, "h": 7, "type": "301", "sign_id": "sign_A_6"}, {"pic_id": "19588887102700002562", "x": 152, "y": 285, "w": 15, "h": 18, "type": "301", "sign_id": "sign_A_7"}, {"pic_id": "19588887102700002562", "x": 512, "y": 406, "w": 6, "h": 7, "type": "301", "sign_id": "sign_A_8"}, {"pic_id": "19588887102700002563", "x": 508, "y": 393, "w": 6, "h": 7, "type": "301", "sign_id": "sign_A_9"}, {"pic_id": "19588887102700002564", "x": 500, "y": 392, "w": 6, "h": 8, "type": "301", "sign_id": "sign_A_10"}, {"pic_id": "19588887102700002565", "x": 485, "y": 372, "w": 6, "h": 8, "type": "301", "sign_id": "sign_A_11"}, {"pic_id": "19588887102700002566", "x": 488, "y": 371, "w": 7, "h": 9, "type": "301", "sign_id": "sign_A_12"}, {"pic_id": "19588887102700002567", "x": 477, "y": 369, "w": 8, "h": 10, "type": "301", "sign_id": "sign_A_13"}, {"pic_id": "18557547071100003220", "x": 202, "y": 291, "w": 12, "h": 14, "type": "301", "sign_id": "sign_B_1"}, {"pic_id": "18557547071100003221", "x": 91, "y": 245, "w": 16, "h": 19, "type": "301", "sign_id": "sign_B_2"}], "match": [{"sign_id": "sign_A_1", "match_sign_id": " "}, {"sign_id": "sign_A_2", "match_sign_id": "sign_B_1"}, {"sign_id": "sign_A_2", "match_sign_id": "sign_B_2"}, {"sign_id": "sign_A_3", "match_sign_id": " "}, {"sign_id": "sign_A_4", "match_sign_id": " "}, {"sign_id": "sign_A_5", "match_sign_id": "sign_B_1"}, {"sign_id": "sign_A_5", "match_sign_id": "sign_B_2"}, {"sign_id": "sign_A_6", "match_sign_id": " "}, {"sign_id": "sign_A_7", "match_sign_id": "sign_B_1"}, {"sign_id": "sign_A_7", "match_sign_id": "sign_B_2"}, {"sign_id": "sign_A_8", "match_sign_id": " "}, {"sign_id": "sign_A_9", "match_sign_id": " "}, {"sign_id": "sign_A_10", "match_sign_id": " "}, {"sign_id": "sign_A_11", "match_sign_id": " "}, {"sign_id": "sign_A_12", "match_sign_id": " "}, {"sign_id": "sign_A_13", "match_sign_id": " "}, {"sign_id": "sign_A_10", "match_sign_id": "sign_B_1"}, {"sign_id": "sign_A_10", "match_sign_id": "sign_B_2"}]}