{"group": [{"pic_list": ["20599354030800007161", "20599354030800007162", "20599354030800007198", "20599354030800007199", "20599354030800007200", "20599354030800007201"], "seq_id": "A"}, {"pic_list": ["18558711091100017868", "18558711091100017869", "18558711091100017870", "18558711091100017871"], "seq_id": "B"}], "signs": [{"pic_id": "20599354030800007161", "x": 789, "y": 378, "w": 22, "h": 22, "type": "105", "sign_id": "sign_A_1"}, {"pic_id": "20599354030800007161", "x": 77, "y": 72, "w": 16, "h": 19, "type": "301", "sign_id": "sign_A_2"}, {"pic_id": "20599354030800007161", "x": 102, "y": 366, "w": 10, "h": 12, "type": "301", "sign_id": "sign_A_3"}, {"pic_id": "20599354030800007161", "x": 140, "y": 359, "w": 10, "h": 13, "type": "301", "sign_id": "sign_A_4"}, {"pic_id": "20599354030800007162", "x": 822, "y": 355, "w": 27, "h": 27, "type": "105", "sign_id": "sign_A_5"}, {"pic_id": "20599354030800007198", "x": 878, "y": 306, "w": 37, "h": 38, "type": "105", "sign_id": "sign_A_6"}, {"pic_id": "20599354030800007199", "x": 1003, "y": 179, "w": 58, "h": 56, "type": "105", "sign_id": "sign_A_7"}, {"pic_id": "18558711091100017868", "x": 792, "y": 212, "w": 34, "h": 35, "type": "105", "sign_id": "sign_B_1"}, {"pic_id": "18558711091100017869", "x": 932, "y": 143, "w": 48, "h": 49, "type": "105", "sign_id": "sign_B_2"}, {"pic_id": "18558711091100017870", "x": 1100, "y": 0, "w": 83, "h": 56, "type": "105", "sign_id": "sign_B_3"}], "match": [{"sign_id": "sign_A_1", "match_sign_id": "sign_B_2"}, {"sign_id": "sign_A_1", "match_sign_id": "sign_B_1"}, {"sign_id": "sign_A_1", "match_sign_id": "sign_B_3"}, {"sign_id": "sign_A_2", "match_sign_id": " "}, {"sign_id": "sign_A_3", "match_sign_id": " "}, {"sign_id": "sign_A_4", "match_sign_id": " "}, {"sign_id": "sign_A_5", "match_sign_id": "sign_B_2"}, {"sign_id": "sign_A_5", "match_sign_id": "sign_B_1"}, {"sign_id": "sign_A_5", "match_sign_id": "sign_B_3"}, {"sign_id": "sign_A_6", "match_sign_id": "sign_B_2"}, {"sign_id": "sign_A_6", "match_sign_id": "sign_B_1"}, {"sign_id": "sign_A_6", "match_sign_id": "sign_B_3"}, {"sign_id": "sign_A_7", "match_sign_id": "sign_B_2"}, {"sign_id": "sign_A_7", "match_sign_id": "sign_B_1"}, {"sign_id": "sign_A_7", "match_sign_id": "sign_B_3"}]}