{"group": [{"pic_list": ["19578786062700013959", "19578786062700013603", "19578786062700013604", "19578786062700013605"], "seq_id": "A"}, {"pic_list": ["18559826111900012836", "18559826111900012837", "18559826111900012838"], "seq_id": "B"}], "signs": [{"pic_id": "19578786062700013959", "x": 725, "y": 158, "w": 15, "h": 19, "type": "301", "sign_id": "sign_A_1"}, {"pic_id": "19578786062700013603", "x": 599, "y": 371, "w": 6, "h": 7, "type": "301", "sign_id": "sign_A_2"}, {"pic_id": "19578786062700013604", "x": 599, "y": 366, "w": 7, "h": 8, "type": "301", "sign_id": "sign_A_3"}, {"pic_id": "19578786062700013605", "x": 598, "y": 354, "w": 7, "h": 8, "type": "301", "sign_id": "sign_A_4"}, {"pic_id": "18559826111900012836", "x": 657, "y": 353, "w": 6, "h": 7, "type": "301", "sign_id": "sign_B_1"}, {"pic_id": "18559826111900012837", "x": 672, "y": 344, "w": 7, "h": 9, "type": "301", "sign_id": "sign_B_2"}, {"pic_id": "18559826111900012838", "x": 688, "y": 326, "w": 8, "h": 10, "type": "301", "sign_id": "sign_B_3"}], "match": [{"sign_id": "sign_A_1", "match_sign_id": "sign_B_3"}, {"sign_id": "sign_A_1", "match_sign_id": "sign_B_2"}, {"sign_id": "sign_A_2", "match_sign_id": "sign_B_2"}, {"sign_id": "sign_A_2", "match_sign_id": "sign_B_1"}, {"sign_id": "sign_A_2", "match_sign_id": "sign_B_3"}, {"sign_id": "sign_A_3", "match_sign_id": "sign_B_3"}, {"sign_id": "sign_A_3", "match_sign_id": "sign_B_2"}, {"sign_id": "sign_A_3", "match_sign_id": "sign_B_1"}, {"sign_id": "sign_A_4", "match_sign_id": "sign_B_3"}, {"sign_id": "sign_A_4", "match_sign_id": "sign_B_2"}, {"sign_id": "sign_A_4", "match_sign_id": "sign_B_1"}]}