{"group": [{"pic_list": ["19593805121200001010", "19593805121200000015", "19593805121200000016", "19593805121200000017", "19593805121200000018", "19593805121200000019", "19593805121200000020"], "seq_id": "A"}, {"pic_list": ["18559023092600003431", "18559023092600003432", "18559023092600003433", "18559023092600003434", "18559023092600003423", "18559023092600003424", "18559023092600003425", "18559023092600003426", "18559023092600003427", "18559023092600003428"], "seq_id": "B"}], "signs": [{"pic_id": "19593805121200001010", "x": 684, "y": 370, "w": 6, "h": 8, "type": "301", "sign_id": "sign_A_1"}, {"pic_id": "19593805121200000015", "x": 686, "y": 355, "w": 7, "h": 9, "type": "301", "sign_id": "sign_A_2"}, {"pic_id": "19593805121200000016", "x": 703, "y": 334, "w": 9, "h": 12, "type": "301", "sign_id": "sign_A_3"}, {"pic_id": "19593805121200000017", "x": 725, "y": 295, "w": 11, "h": 15, "type": "301", "sign_id": "sign_A_4"}, {"pic_id": "19593805121200000018", "x": 760, "y": 217, "w": 17, "h": 23, "type": "301", "sign_id": "sign_A_5"}, {"pic_id": "18559023092600003431", "x": 689, "y": 341, "w": 6, "h": 8, "type": "301", "sign_id": "sign_B_1"}, {"pic_id": "18559023092600003432", "x": 692, "y": 319, "w": 7, "h": 10, "type": "301", "sign_id": "sign_B_2"}, {"pic_id": "18559023092600003433", "x": 700, "y": 296, "w": 10, "h": 13, "type": "301", "sign_id": "sign_B_3"}, {"pic_id": "18559023092600003434", "x": 708, "y": 265, "w": 12, "h": 16, "type": "301", "sign_id": "sign_B_4"}, {"pic_id": "18559023092600003423", "x": 721, "y": 195, "w": 16, "h": 21, "type": "301", "sign_id": "sign_B_5"}, {"pic_id": "18559023092600003424", "x": 785, "y": 112, "w": 23, "h": 29, "type": "301", "sign_id": "sign_B_6"}], "match": [{"sign_id": "sign_A_1", "match_sign_id": "sign_B_1"}, {"sign_id": "sign_A_1", "match_sign_id": "sign_B_2"}, {"sign_id": "sign_A_1", "match_sign_id": "sign_B_3"}, {"sign_id": "sign_A_1", "match_sign_id": "sign_B_5"}, {"sign_id": "sign_A_1", "match_sign_id": "sign_B_4"}, {"sign_id": "sign_A_1", "match_sign_id": "sign_B_6"}, {"sign_id": "sign_A_2", "match_sign_id": "sign_B_1"}, {"sign_id": "sign_A_2", "match_sign_id": "sign_B_2"}, {"sign_id": "sign_A_2", "match_sign_id": "sign_B_3"}, {"sign_id": "sign_A_2", "match_sign_id": "sign_B_5"}, {"sign_id": "sign_A_2", "match_sign_id": "sign_B_4"}, {"sign_id": "sign_A_2", "match_sign_id": "sign_B_6"}, {"sign_id": "sign_A_3", "match_sign_id": "sign_B_3"}, {"sign_id": "sign_A_3", "match_sign_id": "sign_B_2"}, {"sign_id": "sign_A_3", "match_sign_id": "sign_B_5"}, {"sign_id": "sign_A_3", "match_sign_id": "sign_B_4"}, {"sign_id": "sign_A_3", "match_sign_id": "sign_B_1"}, {"sign_id": "sign_A_3", "match_sign_id": "sign_B_6"}, {"sign_id": "sign_A_4", "match_sign_id": "sign_B_3"}, {"sign_id": "sign_A_4", "match_sign_id": "sign_B_6"}, {"sign_id": "sign_A_4", "match_sign_id": "sign_B_5"}, {"sign_id": "sign_A_4", "match_sign_id": "sign_B_4"}, {"sign_id": "sign_A_4", "match_sign_id": "sign_B_2"}, {"sign_id": "sign_A_4", "match_sign_id": "sign_B_1"}, {"sign_id": "sign_A_5", "match_sign_id": "sign_B_3"}, {"sign_id": "sign_A_5", "match_sign_id": "sign_B_5"}, {"sign_id": "sign_A_5", "match_sign_id": "sign_B_6"}, {"sign_id": "sign_A_5", "match_sign_id": "sign_B_4"}, {"sign_id": "sign_A_5", "match_sign_id": "sign_B_2"}, {"sign_id": "sign_A_5", "match_sign_id": "sign_B_1"}]}