{"group": [{"pic_list": ["19582672082100009917", "19582672082100009918", "19582672082100009919", "19582672082100009920", "19582672082100009921", "19582672082100009922"], "seq_id": "A"}, {"pic_list": ["18557789071700039320", "18557789071700039321", "18557789071700039322", "18557789071700039323", "18557789071700039324", "18557789071700039325", "18557789071700039973"], "seq_id": "B"}], "signs": [{"pic_id": "19582672082100009919", "x": 497, "y": 294, "w": 13, "h": 17, "type": "301", "sign_id": "sign_A_1"}, {"pic_id": "19582672082100009920", "x": 447, "y": 258, "w": 13, "h": 17, "type": "301", "sign_id": "sign_A_2"}, {"pic_id": "19582672082100009921", "x": 255, "y": 254, "w": 16, "h": 23, "type": "301", "sign_id": "sign_A_3"}, {"pic_id": "18557789071700039323", "x": 449, "y": 274, "w": 9, "h": 11, "type": "301", "sign_id": "sign_B_1"}, {"pic_id": "18557789071700039324", "x": 1174, "y": 70, "w": 26, "h": 31, "type": "301", "sign_id": "sign_B_2"}, {"pic_id": "18557789071700039324", "x": 368, "y": 250, "w": 10, "h": 14, "type": "301", "sign_id": "sign_B_3"}, {"pic_id": "18557789071700039325", "x": 151, "y": 205, "w": 14, "h": 19, "type": "301", "sign_id": "sign_B_4"}], "match": [{"sign_id": "sign_A_1", "match_sign_id": "sign_B_1"}, {"sign_id": "sign_A_1", "match_sign_id": "sign_B_3"}, {"sign_id": "sign_A_1", "match_sign_id": "sign_B_4"}, {"sign_id": "sign_A_2", "match_sign_id": "sign_B_3"}, {"sign_id": "sign_A_2", "match_sign_id": "sign_B_1"}, {"sign_id": "sign_A_2", "match_sign_id": "sign_B_4"}, {"sign_id": "sign_A_3", "match_sign_id": "sign_B_3"}, {"sign_id": "sign_A_3", "match_sign_id": "sign_B_1"}, {"sign_id": "sign_A_3", "match_sign_id": "sign_B_4"}]}