{"group": [{"pic_list": ["20599454031800008981", "20599454031800009164", "20599454031800009165", "20599454031800009166", "20599454031800009167", "20599454031800009168", "20599454031800009169"], "seq_id": "A"}, {"pic_list": ["18558172073000042609", "18558172073000042610", "18558172073000042611", "18558172073000042612", "18558172073000042613", "18558172073000042614", "18558172073000042615"], "seq_id": "B"}], "signs": [{"pic_id": "20599454031800008981", "x": 786, "y": 362, "w": 13, "h": 13, "type": "105", "sign_id": "sign_A_1"}, {"pic_id": "20599454031800008981", "x": 465, "y": 315, "w": 7, "h": 8, "type": "301", "sign_id": "sign_A_2"}, {"pic_id": "20599454031800009164", "x": 801, "y": 354, "w": 16, "h": 15, "type": "105", "sign_id": "sign_A_3"}, {"pic_id": "20599454031800009164", "x": 429, "y": 303, "w": 7, "h": 9, "type": "301", "sign_id": "sign_A_4"}, {"pic_id": "20599454031800009165", "x": 821, "y": 343, "w": 18, "h": 18, "type": "105", "sign_id": "sign_A_5"}, {"pic_id": "20599454031800009165", "x": 383, "y": 280, "w": 8, "h": 11, "type": "301", "sign_id": "sign_A_6"}, {"pic_id": "20599454031800009166", "x": 864, "y": 328, "w": 23, "h": 23, "type": "105", "sign_id": "sign_A_7"}, {"pic_id": "20599454031800009166", "x": 314, "y": 257, "w": 9, "h": 12, "type": "301", "sign_id": "sign_A_8"}, {"pic_id": "20599454031800009167", "x": 946, "y": 304, "w": 32, "h": 32, "type": "105", "sign_id": "sign_A_9"}, {"pic_id": "20599454031800009167", "x": 238, "y": 217, "w": 12, "h": 16, "type": "301", "sign_id": "sign_A_10"}, {"pic_id": "20599454031800009168", "x": 1143, "y": 258, "w": 46, "h": 47, "type": "105", "sign_id": "sign_A_11"}, {"pic_id": "20599454031800009168", "x": 121, "y": 158, "w": 16, "h": 20, "type": "301", "sign_id": "sign_A_12"}, {"pic_id": "18558172073000042609", "x": 528, "y": 305, "w": 7, "h": 8, "type": "301", "sign_id": "sign_B_1"}, {"pic_id": "18558172073000042610", "x": 906, "y": 348, "w": 15, "h": 15, "type": "105", "sign_id": "sign_B_2"}, {"pic_id": "18558172073000042610", "x": 500, "y": 291, "w": 7, "h": 10, "type": "301", "sign_id": "sign_B_3"}, {"pic_id": "18558172073000042611", "x": 942, "y": 342, "w": 18, "h": 18, "type": "105", "sign_id": "sign_B_4"}, {"pic_id": "18558172073000042611", "x": 461, "y": 280, "w": 8, "h": 11, "type": "301", "sign_id": "sign_B_5"}, {"pic_id": "18558172073000042612", "x": 1014, "y": 332, "w": 23, "h": 23, "type": "105", "sign_id": "sign_B_6"}, {"pic_id": "18558172073000042612", "x": 417, "y": 260, "w": 9, "h": 13, "type": "301", "sign_id": "sign_B_7"}, {"pic_id": "18558172073000042613", "x": 1168, "y": 293, "w": 33, "h": 32, "type": "105", "sign_id": "sign_B_8"}, {"pic_id": "18558172073000042613", "x": 356, "y": 211, "w": 12, "h": 16, "type": "301", "sign_id": "sign_B_9"}, {"pic_id": "18558172073000042614", "x": 148, "y": 78, "w": 23, "h": 30, "type": "301", "sign_id": "sign_B_10"}], "match": [{"sign_id": "sign_A_1", "match_sign_id": "sign_B_2"}, {"sign_id": "sign_A_1", "match_sign_id": "sign_B_4"}, {"sign_id": "sign_A_1", "match_sign_id": "sign_B_8"}, {"sign_id": "sign_A_1", "match_sign_id": "sign_B_6"}, {"sign_id": "sign_A_2", "match_sign_id": "sign_B_1"}, {"sign_id": "sign_A_2", "match_sign_id": "sign_B_3"}, {"sign_id": "sign_A_2", "match_sign_id": "sign_B_5"}, {"sign_id": "sign_A_2", "match_sign_id": "sign_B_7"}, {"sign_id": "sign_A_2", "match_sign_id": "sign_B_9"}, {"sign_id": "sign_A_3", "match_sign_id": "sign_B_2"}, {"sign_id": "sign_A_3", "match_sign_id": "sign_B_4"}, {"sign_id": "sign_A_3", "match_sign_id": "sign_B_8"}, {"sign_id": "sign_A_3", "match_sign_id": "sign_B_6"}, {"sign_id": "sign_A_4", "match_sign_id": "sign_B_1"}, {"sign_id": "sign_A_4", "match_sign_id": "sign_B_5"}, {"sign_id": "sign_A_4", "match_sign_id": "sign_B_7"}, {"sign_id": "sign_A_4", "match_sign_id": "sign_B_3"}, {"sign_id": "sign_A_4", "match_sign_id": "sign_B_9"}, {"sign_id": "sign_A_4", "match_sign_id": "sign_B_10"}, {"sign_id": "sign_A_5", "match_sign_id": "sign_B_2"}, {"sign_id": "sign_A_5", "match_sign_id": "sign_B_4"}, {"sign_id": "sign_A_5", "match_sign_id": "sign_B_8"}, {"sign_id": "sign_A_5", "match_sign_id": "sign_B_6"}, {"sign_id": "sign_A_6", "match_sign_id": "sign_B_1"}, {"sign_id": "sign_A_6", "match_sign_id": "sign_B_7"}, {"sign_id": "sign_A_6", "match_sign_id": "sign_B_5"}, {"sign_id": "sign_A_6", "match_sign_id": "sign_B_3"}, {"sign_id": "sign_A_6", "match_sign_id": "sign_B_9"}, {"sign_id": "sign_A_7", "match_sign_id": "sign_B_2"}, {"sign_id": "sign_A_7", "match_sign_id": "sign_B_4"}, {"sign_id": "sign_A_7", "match_sign_id": "sign_B_8"}, {"sign_id": "sign_A_7", "match_sign_id": "sign_B_6"}, {"sign_id": "sign_A_8", "match_sign_id": "sign_B_5"}, {"sign_id": "sign_A_8", "match_sign_id": "sign_B_1"}, {"sign_id": "sign_A_8", "match_sign_id": "sign_B_9"}, {"sign_id": "sign_A_8", "match_sign_id": "sign_B_7"}, {"sign_id": "sign_A_8", "match_sign_id": "sign_B_3"}, {"sign_id": "sign_A_8", "match_sign_id": "sign_B_10"}, {"sign_id": "sign_A_9", "match_sign_id": "sign_B_2"}, {"sign_id": "sign_A_9", "match_sign_id": "sign_B_8"}, {"sign_id": "sign_A_9", "match_sign_id": "sign_B_4"}, {"sign_id": "sign_A_9", "match_sign_id": "sign_B_6"}, {"sign_id": "sign_A_10", "match_sign_id": "sign_B_9"}, {"sign_id": "sign_A_10", "match_sign_id": "sign_B_5"}, {"sign_id": "sign_A_10", "match_sign_id": "sign_B_10"}, {"sign_id": "sign_A_10", "match_sign_id": "sign_B_7"}, {"sign_id": "sign_A_10", "match_sign_id": "sign_B_1"}, {"sign_id": "sign_A_10", "match_sign_id": "sign_B_3"}, {"sign_id": "sign_A_11", "match_sign_id": "sign_B_8"}, {"sign_id": "sign_A_11", "match_sign_id": "sign_B_6"}, {"sign_id": "sign_A_11", "match_sign_id": "sign_B_4"}, {"sign_id": "sign_A_11", "match_sign_id": "sign_B_2"}, {"sign_id": "sign_A_12", "match_sign_id": "sign_B_9"}, {"sign_id": "sign_A_12", "match_sign_id": "sign_B_5"}, {"sign_id": "sign_A_12", "match_sign_id": "sign_B_10"}, {"sign_id": "sign_A_12", "match_sign_id": "sign_B_1"}, {"sign_id": "sign_A_12", "match_sign_id": "sign_B_7"}, {"sign_id": "sign_A_12", "match_sign_id": "sign_B_3"}, {"sign_id": "sign_A_6", "match_sign_id": "sign_B_10"}]}