{"group": [{"pic_list": ["18559874111900011387", "18559874111900011388", "18559874111900011389", "18559874111900011390"], "seq_id": "A"}, {"pic_list": ["18558504082400047157", "18558504082400047158", "18558504082400047159", "18558504082400047160"], "seq_id": "B"}], "signs": [{"pic_id": "18559874111900011387", "x": 963, "y": 219, "w": 57, "h": 51, "type": "201", "sign_id": "sign_A_1"}, {"pic_id": "18559874111900011389", "x": 425, "y": 238, "w": 7, "h": 9, "type": "301", "sign_id": "sign_A_2"}, {"pic_id": "18558504082400047157", "x": 1130, "y": 179, "w": 70, "h": 64, "type": "201", "sign_id": "sign_B_1"}, {"pic_id": "18558504082400047159", "x": 426, "y": 188, "w": 8, "h": 9, "type": "301", "sign_id": "sign_B_2"}, {"pic_id": "18558504082400047160", "x": 334, "y": 138, "w": 13, "h": 15, "type": "301", "sign_id": "sign_B_3"}], "match": [{"sign_id": "sign_A_1", "match_sign_id": "sign_B_1"}, {"sign_id": "sign_A_2", "match_sign_id": "sign_B_2"}, {"sign_id": "sign_A_2", "match_sign_id": "sign_B_3"}]}