{"group": [{"pic_list": ["19590301111000012681", "19590301111000012682", "19590301111000012683", "19590301111000012684", "19590301111000012685", "19590301111000012686"], "seq_id": "A"}, {"pic_list": ["18559819111900002605", "18559819111900002606", "18559819111900002607", "18559819111900002608", "18559819111900002609"], "seq_id": "B"}], "signs": [{"pic_id": "19590301111000012681", "x": 749, "y": 381, "w": 17, "h": 16, "type": "103", "sign_id": "sign_A_1"}, {"pic_id": "19590301111000012682", "x": 770, "y": 367, "w": 19, "h": 19, "type": "103", "sign_id": "sign_A_2"}, {"pic_id": "19590301111000012682", "x": 827, "y": 258, "w": 12, "h": 16, "type": "301", "sign_id": "sign_A_3"}, {"pic_id": "19590301111000012683", "x": 837, "y": 358, "w": 24, "h": 24, "type": "103", "sign_id": "sign_A_4"}, {"pic_id": "19590301111000012683", "x": 942, "y": 192, "w": 17, "h": 22, "type": "301", "sign_id": "sign_A_5"}, {"pic_id": "19590301111000012684", "x": 887, "y": 336, "w": 29, "h": 29, "type": "103", "sign_id": "sign_A_6"}, {"pic_id": "19590301111000012684", "x": 1065, "y": 92, "w": 26, "h": 31, "type": "301", "sign_id": "sign_A_7"}, {"pic_id": "19590301111000012685", "x": 1002, "y": 315, "w": 44, "h": 42, "type": "103", "sign_id": "sign_A_8"}, {"pic_id": "18559819111900002605", "x": 765, "y": 369, "w": 15, "h": 14, "type": "103", "sign_id": "sign_B_1"}, {"pic_id": "18559819111900002605", "x": 788, "y": 292, "w": 10, "h": 13, "type": "301", "sign_id": "sign_B_2"}, {"pic_id": "18559819111900002606", "x": 867, "y": 358, "w": 20, "h": 19, "type": "103", "sign_id": "sign_B_3"}, {"pic_id": "18559819111900002606", "x": 940, "y": 228, "w": 14, "h": 18, "type": "301", "sign_id": "sign_B_4"}, {"pic_id": "18559819111900002607", "x": 958, "y": 348, "w": 25, "h": 23, "type": "103", "sign_id": "sign_B_5"}, {"pic_id": "18559819111900002607", "x": 1111, "y": 153, "w": 22, "h": 27, "type": "301", "sign_id": "sign_B_6"}, {"pic_id": "18559819111900002608", "x": 1008, "y": 339, "w": 32, "h": 29, "type": "103", "sign_id": "sign_B_7"}, {"pic_id": "18559819111900002609", "x": 1048, "y": 322, "w": 44, "h": 40, "type": "103", "sign_id": "sign_B_8"}], "match": [{"sign_id": "sign_A_1", "match_sign_id": "sign_B_5"}, {"sign_id": "sign_A_1", "match_sign_id": "sign_B_3"}, {"sign_id": "sign_A_1", "match_sign_id": "sign_B_8"}, {"sign_id": "sign_A_1", "match_sign_id": "sign_B_1"}, {"sign_id": "sign_A_1", "match_sign_id": "sign_B_7"}, {"sign_id": "sign_A_2", "match_sign_id": "sign_B_3"}, {"sign_id": "sign_A_2", "match_sign_id": "sign_B_5"}, {"sign_id": "sign_A_2", "match_sign_id": "sign_B_8"}, {"sign_id": "sign_A_2", "match_sign_id": "sign_B_1"}, {"sign_id": "sign_A_2", "match_sign_id": "sign_B_7"}, {"sign_id": "sign_A_3", "match_sign_id": "sign_B_4"}, {"sign_id": "sign_A_3", "match_sign_id": "sign_B_2"}, {"sign_id": "sign_A_3", "match_sign_id": "sign_B_6"}, {"sign_id": "sign_A_4", "match_sign_id": "sign_B_5"}, {"sign_id": "sign_A_4", "match_sign_id": "sign_B_8"}, {"sign_id": "sign_A_4", "match_sign_id": "sign_B_3"}, {"sign_id": "sign_A_4", "match_sign_id": "sign_B_7"}, {"sign_id": "sign_A_4", "match_sign_id": "sign_B_1"}, {"sign_id": "sign_A_5", "match_sign_id": "sign_B_4"}, {"sign_id": "sign_A_5", "match_sign_id": "sign_B_6"}, {"sign_id": "sign_A_5", "match_sign_id": "sign_B_2"}, {"sign_id": "sign_A_6", "match_sign_id": "sign_B_8"}, {"sign_id": "sign_A_6", "match_sign_id": "sign_B_5"}, {"sign_id": "sign_A_6", "match_sign_id": "sign_B_3"}, {"sign_id": "sign_A_6", "match_sign_id": "sign_B_7"}, {"sign_id": "sign_A_6", "match_sign_id": "sign_B_1"}, {"sign_id": "sign_A_7", "match_sign_id": "sign_B_4"}, {"sign_id": "sign_A_7", "match_sign_id": "sign_B_6"}, {"sign_id": "sign_A_7", "match_sign_id": "sign_B_2"}, {"sign_id": "sign_A_8", "match_sign_id": "sign_B_7"}, {"sign_id": "sign_A_8", "match_sign_id": "sign_B_8"}, {"sign_id": "sign_A_8", "match_sign_id": "sign_B_5"}, {"sign_id": "sign_A_8", "match_sign_id": "sign_B_3"}, {"sign_id": "sign_A_8", "match_sign_id": "sign_B_1"}]}