{"group": [{"pic_list": ["19597250122900003184", "19597250122900003185", "19597250122900003186", "19597250122900003187", "19597250122900003188", "19597250122900003189", "19597250122900003190", "19597250122900003191"], "seq_id": "A"}, {"pic_list": ["18553747011800006454", "18553747011800006455", "18553747011800006456", "18553747011800006457", "18553747011800006458", "18553747011800006459"], "seq_id": "B"}], "signs": [{"pic_id": "19597250122900003184", "x": 309, "y": 377, "w": 7, "h": 9, "type": "301", "sign_id": "sign_A_1"}, {"pic_id": "19597250122900003185", "x": 268, "y": 364, "w": 8, "h": 9, "type": "301", "sign_id": "sign_A_2"}, {"pic_id": "19597250122900003186", "x": 183, "y": 332, "w": 9, "h": 12, "type": "301", "sign_id": "sign_A_3"}, {"pic_id": "19597250122900003187", "x": 23, "y": 286, "w": 12, "h": 15, "type": "301", "sign_id": "sign_A_4"}, {"pic_id": "19597250122900003187", "x": 822, "y": 439, "w": 6, "h": 7, "type": "301", "sign_id": "sign_A_5"}, {"pic_id": "19597250122900003188", "x": 821, "y": 428, "w": 8, "h": 8, "type": "301", "sign_id": "sign_A_6"}, {"pic_id": "19597250122900003188", "x": 875, "y": 427, "w": 8, "h": 8, "type": "301", "sign_id": "sign_A_7"}, {"pic_id": "19597250122900003189", "x": 967, "y": 409, "w": 9, "h": 10, "type": "301", "sign_id": "sign_A_8"}, {"pic_id": "19597250122900003189", "x": 898, "y": 409, "w": 9, "h": 10, "type": "301", "sign_id": "sign_A_9"}, {"pic_id": "19597250122900003190", "x": 990, "y": 389, "w": 11, "h": 12, "type": "301", "sign_id": "sign_A_10"}, {"pic_id": "19597250122900003190", "x": 1079, "y": 389, "w": 12, "h": 12, "type": "301", "sign_id": "sign_A_11"}, {"pic_id": "19597250122900003191", "x": 1131, "y": 367, "w": 16, "h": 17, "type": "301", "sign_id": "sign_A_12"}, {"pic_id": "19597250122900003191", "x": 1250, "y": 366, "w": 15, "h": 15, "type": "301", "sign_id": "sign_A_13"}, {"pic_id": "18553747011800006454", "x": 306, "y": 322, "w": 7, "h": 10, "type": "301", "sign_id": "sign_B_1"}, {"pic_id": "18553747011800006455", "x": 212, "y": 290, "w": 8, "h": 11, "type": "301", "sign_id": "sign_B_2"}, {"pic_id": "18553747011800006456", "x": 46, "y": 241, "w": 11, "h": 14, "type": "301", "sign_id": "sign_B_3"}, {"pic_id": "18553747011800006458", "x": 873, "y": 369, "w": 10, "h": 11, "type": "301", "sign_id": "sign_B_4"}, {"pic_id": "18553747011800006458", "x": 947, "y": 370, "w": 10, "h": 11, "type": "301", "sign_id": "sign_B_5"}, {"pic_id": "18553747011800006459", "x": 1096, "y": 345, "w": 13, "h": 14, "type": "301", "sign_id": "sign_B_6"}, {"pic_id": "18553747011800006459", "x": 989, "y": 343, "w": 15, "h": 14, "type": "301", "sign_id": "sign_B_7"}], "match": [{"sign_id": "sign_A_1", "match_sign_id": "sign_B_2"}, {"sign_id": "sign_A_1", "match_sign_id": "sign_B_3"}, {"sign_id": "sign_A_1", "match_sign_id": "sign_B_1"}, {"sign_id": "sign_A_2", "match_sign_id": "sign_B_3"}, {"sign_id": "sign_A_2", "match_sign_id": "sign_B_2"}, {"sign_id": "sign_A_2", "match_sign_id": "sign_B_1"}, {"sign_id": "sign_A_2", "match_sign_id": "sign_B_5"}, {"sign_id": "sign_A_3", "match_sign_id": "sign_B_3"}, {"sign_id": "sign_A_3", "match_sign_id": "sign_B_2"}, {"sign_id": "sign_A_3", "match_sign_id": "sign_B_1"}, {"sign_id": "sign_A_4", "match_sign_id": "sign_B_2"}, {"sign_id": "sign_A_4", "match_sign_id": "sign_B_3"}, {"sign_id": "sign_A_5", "match_sign_id": "sign_B_5"}, {"sign_id": "sign_A_5", "match_sign_id": "sign_B_7"}, {"sign_id": "sign_A_6", "match_sign_id": "sign_B_5"}, {"sign_id": "sign_A_6", "match_sign_id": "sign_B_6"}, {"sign_id": "sign_A_7", "match_sign_id": "sign_B_7"}, {"sign_id": "sign_A_7", "match_sign_id": "sign_B_6"}, {"sign_id": "sign_A_8", "match_sign_id": "sign_B_6"}, {"sign_id": "sign_A_10", "match_sign_id": "sign_B_7"}, {"sign_id": "sign_A_11", "match_sign_id": "sign_B_6"}, {"sign_id": "sign_A_12", "match_sign_id": "sign_B_7"}, {"sign_id": "sign_A_13", "match_sign_id": "sign_B_6"}, {"sign_id": "sign_A_13", "match_sign_id": "sign_B_5"}, {"sign_id": "sign_A_5", "match_sign_id": "sign_B_1"}, {"sign_id": "sign_A_7", "match_sign_id": "sign_B_1"}, {"sign_id": "sign_A_6", "match_sign_id": "sign_B_1"}, {"sign_id": "sign_A_8", "match_sign_id": "sign_B_1"}, {"sign_id": "sign_A_9", "match_sign_id": "sign_B_1"}, {"sign_id": "sign_A_6", "match_sign_id": "sign_B_2"}, {"sign_id": "sign_A_11", "match_sign_id": "sign_B_2"}, {"sign_id": "sign_A_6", "match_sign_id": "sign_B_3"}, {"sign_id": "sign_A_11", "match_sign_id": "sign_B_3"}, {"sign_id": "sign_A_10", "match_sign_id": "sign_B_4"}, {"sign_id": "sign_A_9", "match_sign_id": "sign_B_4"}, {"sign_id": "sign_A_12", "match_sign_id": "sign_B_4"}, {"sign_id": "sign_A_6", "match_sign_id": "sign_B_4"}, {"sign_id": "sign_A_11", "match_sign_id": "sign_B_5"}, {"sign_id": "sign_A_8", "match_sign_id": "sign_B_5"}]}