{"group": [{"pic_list": ["20598898020200003216", "20598898020200003217", "20598898020200003218", "20598898020200003219", "20598898020200003220", "20598898020200003221", "20598898020200003222"], "seq_id": "A"}, {"pic_list": ["18558639090600043152", "18558639090600043153", "18558639090600043154", "18558639090600043155", "18558639090600043156"], "seq_id": "B"}], "signs": [{"pic_id": "20598898020200003216", "x": 598, "y": 352, "w": 5, "h": 7, "type": "301", "sign_id": "sign_A_1"}, {"pic_id": "20598898020200003216", "x": 177, "y": 324, "w": 8, "h": 10, "type": "301", "sign_id": "sign_A_2"}, {"pic_id": "20598898020200003217", "x": 611, "y": 345, "w": 6, "h": 7, "type": "301", "sign_id": "sign_A_3"}, {"pic_id": "20598898020200003218", "x": 614, "y": 336, "w": 6, "h": 8, "type": "301", "sign_id": "sign_A_4"}, {"pic_id": "20598898020200003219", "x": 1155, "y": 236, "w": 12, "h": 14, "type": "301", "sign_id": "sign_A_5"}, {"pic_id": "20598898020200003219", "x": 605, "y": 330, "w": 6, "h": 8, "type": "301", "sign_id": "sign_A_6"}, {"pic_id": "20598898020200003219", "x": 836, "y": 279, "w": 8, "h": 10, "type": "301", "sign_id": "sign_A_7"}, {"pic_id": "20598898020200003220", "x": 675, "y": 267, "w": 19, "h": 20, "type": "105", "sign_id": "sign_A_8"}, {"pic_id": "20598898020200003220", "x": 865, "y": 251, "w": 10, "h": 13, "type": "301", "sign_id": "sign_A_9"}, {"pic_id": "20598898020200003220", "x": 588, "y": 320, "w": 7, "h": 10, "type": "301", "sign_id": "sign_A_10"}, {"pic_id": "20598898020200003221", "x": 641, "y": 240, "w": 23, "h": 24, "type": "105", "sign_id": "sign_A_11"}, {"pic_id": "20598898020200003221", "x": 878, "y": 212, "w": 13, "h": 16, "type": "301", "sign_id": "sign_A_12"}, {"pic_id": "20598898020200003221", "x": 542, "y": 304, "w": 8, "h": 11, "type": "301", "sign_id": "sign_A_13"}, {"pic_id": "20598898020200003222", "x": 27, "y": 149, "w": 43, "h": 39, "type": "105", "sign_id": "sign_A_14"}, {"pic_id": "20598898020200003222", "x": 428, "y": 100, "w": 21, "h": 26, "type": "301", "sign_id": "sign_A_15"}, {"pic_id": "18558639090600043152", "x": 679, "y": 268, "w": 13, "h": 13, "type": "105", "sign_id": "sign_B_1"}, {"pic_id": "18558639090600043152", "x": 613, "y": 295, "w": 6, "h": 7, "type": "301", "sign_id": "sign_B_2"}, {"pic_id": "18558639090600043152", "x": 127, "y": 234, "w": 9, "h": 11, "type": "301", "sign_id": "sign_B_3"}, {"pic_id": "18558639090600043153", "x": 696, "y": 254, "w": 15, "h": 16, "type": "105", "sign_id": "sign_B_4"}, {"pic_id": "18558639090600043153", "x": 846, "y": 258, "w": 7, "h": 9, "type": "301", "sign_id": "sign_B_5"}, {"pic_id": "18558639090600043153", "x": 617, "y": 289, "w": 6, "h": 8, "type": "301", "sign_id": "sign_B_6"}, {"pic_id": "18558639090600043154", "x": 718, "y": 240, "w": 19, "h": 19, "type": "105", "sign_id": "sign_B_7"}, {"pic_id": "18558639090600043154", "x": 926, "y": 237, "w": 10, "h": 13, "type": "301", "sign_id": "sign_B_8"}, {"pic_id": "18558639090600043154", "x": 621, "y": 285, "w": 7, "h": 9, "type": "301", "sign_id": "sign_B_9"}, {"pic_id": "18558639090600043154", "x": 388, "y": 298, "w": 6, "h": 7, "type": "301", "sign_id": "sign_B_10"}, {"pic_id": "18558639090600043155", "x": 753, "y": 191, "w": 24, "h": 25, "type": "105", "sign_id": "sign_B_11"}, {"pic_id": "18558639090600043155", "x": 1080, "y": 165, "w": 15, "h": 18, "type": "301", "sign_id": "sign_B_12"}, {"pic_id": "18558639090600043155", "x": 625, "y": 254, "w": 8, "h": 11, "type": "301", "sign_id": "sign_B_13"}, {"pic_id": "18558639090600043155", "x": 350, "y": 275, "w": 6, "h": 8, "type": "301", "sign_id": "sign_B_14"}, {"pic_id": "18558639090600043156", "x": 833, "y": 124, "w": 36, "h": 37, "type": "105", "sign_id": "sign_B_15"}, {"pic_id": "18558639090600043156", "x": 640, "y": 232, "w": 11, "h": 14, "type": "301", "sign_id": "sign_B_16"}], "match": [{"sign_id": "sign_A_1", "match_sign_id": "sign_B_6"}, {"sign_id": "sign_A_1", "match_sign_id": "sign_B_9"}, {"sign_id": "sign_A_1", "match_sign_id": "sign_B_2"}, {"sign_id": "sign_A_1", "match_sign_id": "sign_B_13"}, {"sign_id": "sign_A_2", "match_sign_id": "sign_B_3"}, {"sign_id": "sign_A_2", "match_sign_id": "sign_B_14"}, {"sign_id": "sign_A_3", "match_sign_id": "sign_B_9"}, {"sign_id": "sign_A_3", "match_sign_id": "sign_B_13"}, {"sign_id": "sign_A_3", "match_sign_id": "sign_B_6"}, {"sign_id": "sign_A_3", "match_sign_id": "sign_B_2"}, {"sign_id": "sign_A_4", "match_sign_id": "sign_B_9"}, {"sign_id": "sign_A_4", "match_sign_id": "sign_B_13"}, {"sign_id": "sign_A_4", "match_sign_id": "sign_B_6"}, {"sign_id": "sign_A_4", "match_sign_id": "sign_B_16"}, {"sign_id": "sign_A_5", "match_sign_id": "sign_B_3"}, {"sign_id": "sign_A_5", "match_sign_id": "sign_B_12"}, {"sign_id": "sign_A_5", "match_sign_id": "sign_B_8"}, {"sign_id": "sign_A_6", "match_sign_id": "sign_B_9"}, {"sign_id": "sign_A_6", "match_sign_id": "sign_B_13"}, {"sign_id": "sign_A_6", "match_sign_id": "sign_B_16"}, {"sign_id": "sign_A_7", "match_sign_id": "sign_B_14"}, {"sign_id": "sign_A_8", "match_sign_id": "sign_B_7"}, {"sign_id": "sign_A_8", "match_sign_id": "sign_B_1"}, {"sign_id": "sign_A_8", "match_sign_id": "sign_B_11"}, {"sign_id": "sign_A_8", "match_sign_id": "sign_B_4"}, {"sign_id": "sign_A_8", "match_sign_id": "sign_B_15"}, {"sign_id": "sign_A_9", "match_sign_id": "sign_B_14"}, {"sign_id": "sign_A_10", "match_sign_id": "sign_B_9"}, {"sign_id": "sign_A_10", "match_sign_id": "sign_B_13"}, {"sign_id": "sign_A_10", "match_sign_id": "sign_B_16"}, {"sign_id": "sign_A_11", "match_sign_id": "sign_B_11"}, {"sign_id": "sign_A_11", "match_sign_id": "sign_B_7"}, {"sign_id": "sign_A_11", "match_sign_id": "sign_B_15"}, {"sign_id": "sign_A_11", "match_sign_id": "sign_B_1"}, {"sign_id": "sign_A_11", "match_sign_id": "sign_B_4"}, {"sign_id": "sign_A_12", "match_sign_id": "sign_B_12"}, {"sign_id": "sign_A_12", "match_sign_id": "sign_B_8"}, {"sign_id": "sign_A_13", "match_sign_id": "sign_B_9"}, {"sign_id": "sign_A_13", "match_sign_id": "sign_B_16"}, {"sign_id": "sign_A_13", "match_sign_id": "sign_B_13"}, {"sign_id": "sign_A_14", "match_sign_id": "sign_B_11"}, {"sign_id": "sign_A_14", "match_sign_id": "sign_B_7"}, {"sign_id": "sign_A_14", "match_sign_id": "sign_B_15"}, {"sign_id": "sign_A_14", "match_sign_id": "sign_B_4"}, {"sign_id": "sign_A_14", "match_sign_id": "sign_B_1"}, {"sign_id": "sign_A_15", "match_sign_id": "sign_B_12"}, {"sign_id": "sign_A_15", "match_sign_id": "sign_B_8"}, {"sign_id": "sign_A_15", "match_sign_id": "sign_B_3"}, {"sign_id": "sign_A_4", "match_sign_id": "sign_B_2"}, {"sign_id": "sign_A_6", "match_sign_id": "sign_B_2"}, {"sign_id": "sign_A_9", "match_sign_id": "sign_B_3"}, {"sign_id": "sign_A_3", "match_sign_id": "sign_B_5"}, {"sign_id": "sign_A_6", "match_sign_id": "sign_B_5"}, {"sign_id": "sign_A_10", "match_sign_id": "sign_B_5"}, {"sign_id": "sign_A_6", "match_sign_id": "sign_B_6"}, {"sign_id": "sign_A_9", "match_sign_id": "sign_B_8"}, {"sign_id": "sign_A_13", "match_sign_id": "sign_B_14"}, {"sign_id": "sign_A_3", "match_sign_id": "sign_B_16"}, {"sign_id": "sign_A_1", "match_sign_id": "sign_B_16"}]}