{"group": [{"pic_list": ["19587672101200000149", "19587672101200000110", "19587672101200000111", "19587672101200000112", "19587672101200000113"], "seq_id": "A"}, {"pic_list": ["18557795071800021966", "18557795071800021552", "18557795071800021553", "18557795071800021554", "18557795071800021555"], "seq_id": "B"}], "signs": [{"pic_id": "19587672101200000149", "x": 802, "y": 283, "w": 11, "h": 15, "type": "301", "sign_id": "sign_A_1"}, {"pic_id": "19587672101200000149", "x": 358, "y": 298, "w": 9, "h": 12, "type": "301", "sign_id": "sign_A_2"}, {"pic_id": "19587672101200000110", "x": 811, "y": 243, "w": 13, "h": 18, "type": "301", "sign_id": "sign_A_3"}, {"pic_id": "19587672101200000110", "x": 275, "y": 267, "w": 12, "h": 15, "type": "301", "sign_id": "sign_A_4"}, {"pic_id": "19587672101200000111", "x": 843, "y": 191, "w": 17, "h": 22, "type": "301", "sign_id": "sign_A_5"}, {"pic_id": "19587672101200000111", "x": 165, "y": 235, "w": 14, "h": 17, "type": "301", "sign_id": "sign_A_6"}, {"pic_id": "19587672101200000112", "x": 921, "y": 80, "w": 26, "h": 32, "type": "301", "sign_id": "sign_A_7"}, {"pic_id": "19587672101200000112", "x": 0, "y": 176, "w": 13, "h": 23, "type": "301", "sign_id": "sign_A_8"}], "match": [{"sign_id": "sign_A_1", "match_sign_id": " "}, {"sign_id": "sign_A_2", "match_sign_id": " "}, {"sign_id": "sign_A_3", "match_sign_id": " "}, {"sign_id": "sign_A_4", "match_sign_id": " "}, {"sign_id": "sign_A_5", "match_sign_id": " "}, {"sign_id": "sign_A_6", "match_sign_id": " "}, {"sign_id": "sign_A_7", "match_sign_id": " "}, {"sign_id": "sign_A_8", "match_sign_id": " "}]}