{"group": [{"pic_list": ["19596602122600013275", "19596602122600013276", "19596602122600013277", "19596602122600013278", "19596602122600013279"], "seq_id": "A"}, {"pic_list": ["18558541083100037586", "18558541083100037587", "18558541083100037588", "18558541083100037589", "18558541083100037590", "18558541083100044072"], "seq_id": "B"}], "signs": [{"pic_id": "19596602122600013275", "x": 845, "y": 205, "w": 10, "h": 14, "type": "301", "sign_id": "sign_A_1"}, {"pic_id": "19596602122600013275", "x": 1121, "y": 428, "w": 8, "h": 10, "type": "301", "sign_id": "sign_A_2"}, {"pic_id": "19596602122600013276", "x": 909, "y": 128, "w": 12, "h": 16, "type": "301", "sign_id": "sign_A_3"}, {"pic_id": "19596602122600013277", "x": 806, "y": 463, "w": 6, "h": 8, "type": "301", "sign_id": "sign_A_4"}, {"pic_id": "19596602122600013279", "x": 655, "y": 485, "w": 9, "h": 10, "type": "301", "sign_id": "sign_A_5"}, {"pic_id": "18558541083100037590", "x": 692, "y": 285, "w": 7, "h": 8, "type": "301", "sign_id": "sign_B_1"}, {"pic_id": "18558541083100044072", "x": 599, "y": 276, "w": 7, "h": 8, "type": "301", "sign_id": "sign_B_2"}], "match": [{"sign_id": "sign_A_1", "match_sign_id": " "}, {"sign_id": "sign_A_2", "match_sign_id": "sign_B_2"}, {"sign_id": "sign_A_2", "match_sign_id": "sign_B_1"}, {"sign_id": "sign_A_3", "match_sign_id": " "}, {"sign_id": "sign_A_4", "match_sign_id": "sign_B_1"}, {"sign_id": "sign_A_4", "match_sign_id": "sign_B_2"}, {"sign_id": "sign_A_5", "match_sign_id": "sign_B_2"}, {"sign_id": "sign_A_5", "match_sign_id": "sign_B_1"}]}