{"group": [{"pic_list": ["19595433122000000100", "19595433122000000119", "19595433122000000120"], "seq_id": "A"}, {"pic_list": ["18558623091000017921"], "seq_id": "B"}], "signs": [{"pic_id": "19595433122000000100", "x": 219, "y": 200, "w": 15, "h": 20, "type": "301", "sign_id": "sign_A_1"}, {"pic_id": "19595433122000000100", "x": 839, "y": 111, "w": 18, "h": 22, "type": "301", "sign_id": "sign_A_2"}, {"pic_id": "19595433122000000120", "x": 916, "y": 257, "w": 7, "h": 8, "type": "301", "sign_id": "sign_A_3"}, {"pic_id": "18558623091000017921", "x": 998, "y": 69, "w": 24, "h": 28, "type": "301", "sign_id": "sign_B_1"}], "match": [{"sign_id": "sign_A_2", "match_sign_id": "sign_B_1"}, {"sign_id": "sign_A_3", "match_sign_id": "sign_B_1"}]}