{"group": [{"pic_list": ["18559176102000046343", "18559176102000046344", "18559176102000046345"], "seq_id": "A"}, {"pic_list": ["18557505071000007915", "18557505071000007916", "18557505071000007917"], "seq_id": "B"}], "signs": [{"pic_id": "18559176102000046343", "x": 802, "y": 207, "w": 12, "h": 17, "type": "301", "sign_id": "sign_A_1"}, {"pic_id": "18557505071000007915", "x": 800, "y": 331, "w": 10, "h": 12, "type": "301", "sign_id": "sign_B_1"}, {"pic_id": "18557505071000007916", "x": 909, "y": 225, "w": 16, "h": 20, "type": "301", "sign_id": "sign_B_2"}], "match": [{"sign_id": "sign_A_1", "match_sign_id": "sign_B_2"}, {"sign_id": "sign_A_1", "match_sign_id": "sign_B_1"}]}