{"group": [{"pic_list": ["20599354030800010757", "20599354030800010537", "20599354030800010538", "20599354030800010539", "20599354030800010540"], "seq_id": "A"}, {"pic_list": ["18553573011300010467", "18553573011300010468", "18553573011300010469", "18553573011300010470", "18553573011300010471", "18553573011300010472", "18553573011300010473", "18553573011300010474", "18553573011300010475"], "seq_id": "B"}], "signs": [{"pic_id": "20599354030800010757", "x": 416, "y": 473, "w": 19, "h": 18, "type": "207", "sign_id": "sign_A_1"}, {"pic_id": "20599354030800010757", "x": 1153, "y": 396, "w": 14, "h": 18, "type": "301", "sign_id": "sign_A_2"}, {"pic_id": "20599354030800010757", "x": 547, "y": 229, "w": 14, "h": 17, "type": "301", "sign_id": "sign_A_3"}, {"pic_id": "20599354030800010757", "x": 533, "y": 162, "w": 18, "h": 18, "type": "301", "sign_id": "sign_A_4"}, {"pic_id": "20599354030800010537", "x": 299, "y": 442, "w": 30, "h": 30, "type": "207", "sign_id": "sign_A_5"}, {"pic_id": "20599354030800010538", "x": 103, "y": 296, "w": 10, "h": 12, "type": "301", "sign_id": "sign_A_6"}, {"pic_id": "18553573011300010467", "x": 502, "y": 114, "w": 14, "h": 15, "type": "301", "sign_id": "sign_B_1"}, {"pic_id": "18553573011300010468", "x": 452, "y": 37, "w": 17, "h": 19, "type": "301", "sign_id": "sign_B_2"}, {"pic_id": "18553573011300010468", "x": 1157, "y": 302, "w": 14, "h": 18, "type": "301", "sign_id": "sign_B_3"}, {"pic_id": "18553573011300010469", "x": 284, "y": 330, "w": 25, "h": 23, "type": "207", "sign_id": "sign_B_4"}, {"pic_id": "18553573011300010470", "x": 125, "y": 297, "w": 37, "h": 32, "type": "207", "sign_id": "sign_B_5"}], "match": [{"sign_id": "sign_A_1", "match_sign_id": "sign_B_4"}, {"sign_id": "sign_A_1", "match_sign_id": "sign_B_5"}, {"sign_id": "sign_A_2", "match_sign_id": "sign_B_3"}, {"sign_id": "sign_A_4", "match_sign_id": "sign_B_2"}, {"sign_id": "sign_A_4", "match_sign_id": "sign_B_1"}, {"sign_id": "sign_A_5", "match_sign_id": "sign_B_4"}, {"sign_id": "sign_A_5", "match_sign_id": "sign_B_5"}, {"sign_id": "sign_A_6", "match_sign_id": "sign_B_1"}, {"sign_id": "sign_A_6", "match_sign_id": "sign_B_2"}]}