{"group": [{"pic_list": ["19595886122200003064", "19595886122200003065", "19595886122200003066", "19595886122200003067", "19595886122200003068", "19595886122200003069", "19595886122200003070", "19595886122200003071"], "seq_id": "A"}, {"pic_list": ["18558692090800035678", "18558692090800035679", "18558692090800035680", "18558692090800035681", "18558692090800035682", "18558692090800035683", "18558692090800035684"], "seq_id": "B"}], "signs": [{"pic_id": "19595886122200003064", "x": 869, "y": 261, "w": 14, "h": 14, "type": "103", "sign_id": "sign_A_1"}, {"pic_id": "19595886122200003064", "x": 338, "y": 234, "w": 9, "h": 11, "type": "301", "sign_id": "sign_A_2"}, {"pic_id": "19595886122200003065", "x": 823, "y": 188, "w": 17, "h": 16, "type": "103", "sign_id": "sign_A_3"}, {"pic_id": "19595886122200003065", "x": 122, "y": 188, "w": 12, "h": 15, "type": "301", "sign_id": "sign_A_4"}, {"pic_id": "19595886122200003066", "x": 962, "y": 208, "w": 20, "h": 19, "type": "103", "sign_id": "sign_A_5"}, {"pic_id": "19595886122200003067", "x": 922, "y": 184, "w": 22, "h": 21, "type": "103", "sign_id": "sign_A_6"}, {"pic_id": "19595886122200003067", "x": 30, "y": 215, "w": 15, "h": 17, "type": "301", "sign_id": "sign_A_7"}, {"pic_id": "19595886122200003068", "x": 838, "y": 195, "w": 24, "h": 24, "type": "103", "sign_id": "sign_A_8"}, {"pic_id": "19595886122200003069", "x": 849, "y": 113, "w": 32, "h": 30, "type": "103", "sign_id": "sign_A_9"}, {"pic_id": "19595886122200003070", "x": 899, "y": 38, "w": 46, "h": 46, "type": "103", "sign_id": "sign_A_10"}, {"pic_id": "18558692090800035678", "x": 352, "y": 343, "w": 8, "h": 9, "type": "301", "sign_id": "sign_B_1"}, {"pic_id": "18558692090800035680", "x": 242, "y": 318, "w": 12, "h": 13, "type": "301", "sign_id": "sign_B_2"}, {"pic_id": "18558692090800035681", "x": 130, "y": 294, "w": 13, "h": 15, "type": "301", "sign_id": "sign_B_3"}, {"pic_id": "18558692090800035682", "x": 912, "y": 302, "w": 21, "h": 21, "type": "105", "sign_id": "sign_B_4"}, {"pic_id": "18558692090800035683", "x": 1007, "y": 252, "w": 29, "h": 28, "type": "105", "sign_id": "sign_B_5"}], "match": [{"sign_id": "sign_A_2", "match_sign_id": "sign_B_2"}, {"sign_id": "sign_A_2", "match_sign_id": "sign_B_3"}, {"sign_id": "sign_A_2", "match_sign_id": "sign_B_1"}, {"sign_id": "sign_A_4", "match_sign_id": "sign_B_2"}, {"sign_id": "sign_A_4", "match_sign_id": "sign_B_3"}, {"sign_id": "sign_A_4", "match_sign_id": "sign_B_1"}, {"sign_id": "sign_A_7", "match_sign_id": "sign_B_2"}, {"sign_id": "sign_A_7", "match_sign_id": "sign_B_3"}, {"sign_id": "sign_A_7", "match_sign_id": "sign_B_1"}]}