{"group": [{"pic_list": ["19591650112500009883", "19591650112500009884", "19591650112500009885", "19591650112500009886", "19591650112500009887", "19591650112500009888"], "seq_id": "A"}, {"pic_list": ["18553618011200001761", "18553618011200001762", "18553618011200001763", "18553618011200001764", "18553618011200001765", "18553618011200001766", "18553618011200001767", "18553618011200001768"], "seq_id": "B"}], "signs": [{"pic_id": "19591650112500009883", "x": 787, "y": 394, "w": 5, "h": 6, "type": "301", "sign_id": "sign_A_1"}, {"pic_id": "19591650112500009885", "x": 890, "y": 368, "w": 6, "h": 8, "type": "301", "sign_id": "sign_A_2"}, {"pic_id": "19591650112500009886", "x": 980, "y": 341, "w": 9, "h": 11, "type": "301", "sign_id": "sign_A_3"}, {"pic_id": "19591650112500009886", "x": 995, "y": 335, "w": 10, "h": 12, "type": "301", "sign_id": "sign_A_4"}, {"pic_id": "19591650112500009886", "x": 149, "y": 383, "w": 8, "h": 9, "type": "301", "sign_id": "sign_A_5"}, {"pic_id": "19591650112500009887", "x": 1222, "y": 258, "w": 20, "h": 22, "type": "301", "sign_id": "sign_A_6"}, {"pic_id": "18553618011200001761", "x": 875, "y": 441, "w": 5, "h": 6, "type": "301", "sign_id": "sign_B_1"}, {"pic_id": "18553618011200001762", "x": 689, "y": 425, "w": 5, "h": 6, "type": "301", "sign_id": "sign_B_2"}, {"pic_id": "18553618011200001763", "x": 644, "y": 442, "w": 6, "h": 7, "type": "301", "sign_id": "sign_B_3"}, {"pic_id": "18553618011200001764", "x": 659, "y": 421, "w": 6, "h": 7, "type": "301", "sign_id": "sign_B_4"}, {"pic_id": "18553618011200001765", "x": 685, "y": 401, "w": 7, "h": 8, "type": "301", "sign_id": "sign_B_5"}, {"pic_id": "18553618011200001766", "x": 704, "y": 383, "w": 8, "h": 9, "type": "301", "sign_id": "sign_B_6"}, {"pic_id": "18553618011200001766", "x": 712, "y": 378, "w": 8, "h": 9, "type": "301", "sign_id": "sign_B_7"}, {"pic_id": "18553618011200001767", "x": 763, "y": 319, "w": 12, "h": 14, "type": "301", "sign_id": "sign_B_8"}, {"pic_id": "18553618011200001767", "x": 747, "y": 330, "w": 11, "h": 13, "type": "301", "sign_id": "sign_B_9"}, {"pic_id": "18553618011200001768", "x": 920, "y": 177, "w": 27, "h": 29, "type": "301", "sign_id": "sign_B_10"}, {"pic_id": "18553618011200001768", "x": 983, "y": 130, "w": 27, "h": 31, "type": "301", "sign_id": "sign_B_11"}], "match": [{"sign_id": "sign_A_1", "match_sign_id": "sign_B_2"}, {"sign_id": "sign_A_1", "match_sign_id": "sign_B_1"}, {"sign_id": "sign_A_1", "match_sign_id": "sign_B_3"}, {"sign_id": "sign_A_1", "match_sign_id": "sign_B_9"}, {"sign_id": "sign_A_1", "match_sign_id": "sign_B_6"}, {"sign_id": "sign_A_2", "match_sign_id": "sign_B_2"}, {"sign_id": "sign_A_2", "match_sign_id": "sign_B_9"}, {"sign_id": "sign_A_2", "match_sign_id": "sign_B_1"}, {"sign_id": "sign_A_2", "match_sign_id": "sign_B_6"}, {"sign_id": "sign_A_2", "match_sign_id": "sign_B_8"}, {"sign_id": "sign_A_3", "match_sign_id": "sign_B_9"}, {"sign_id": "sign_A_3", "match_sign_id": "sign_B_8"}, {"sign_id": "sign_A_3", "match_sign_id": "sign_B_6"}, {"sign_id": "sign_A_3", "match_sign_id": "sign_B_1"}, {"sign_id": "sign_A_3", "match_sign_id": "sign_B_10"}, {"sign_id": "sign_A_4", "match_sign_id": "sign_B_8"}, {"sign_id": "sign_A_4", "match_sign_id": "sign_B_7"}, {"sign_id": "sign_A_4", "match_sign_id": "sign_B_11"}, {"sign_id": "sign_A_4", "match_sign_id": "sign_B_1"}, {"sign_id": "sign_A_5", "match_sign_id": "sign_B_2"}, {"sign_id": "sign_A_5", "match_sign_id": "sign_B_5"}, {"sign_id": "sign_A_5", "match_sign_id": "sign_B_4"}, {"sign_id": "sign_A_6", "match_sign_id": "sign_B_10"}, {"sign_id": "sign_A_6", "match_sign_id": "sign_B_9"}, {"sign_id": "sign_A_6", "match_sign_id": "sign_B_6"}, {"sign_id": "sign_A_6", "match_sign_id": "sign_B_7"}, {"sign_id": "sign_A_6", "match_sign_id": "sign_B_8"}, {"sign_id": "sign_A_6", "match_sign_id": "sign_B_4"}, {"sign_id": "sign_A_6", "match_sign_id": "sign_B_5"}, {"sign_id": "sign_A_6", "match_sign_id": "sign_B_3"}]}