{"group": [{"pic_list": ["19597461123000005471", "19597461123000005472", "19597461123000005473"], "seq_id": "A"}, {"pic_list": ["18558623091000039476", "18558623091000039477", "18558623091000039478"], "seq_id": "B"}], "signs": [{"pic_id": "19597461123000005473", "x": 417, "y": 182, "w": 16, "h": 23, "type": "301", "sign_id": "sign_A_1"}, {"pic_id": "19597461123000005473", "x": 417, "y": 154, "w": 16, "h": 23, "type": "301", "sign_id": "sign_A_2"}, {"pic_id": "18558623091000039477", "x": 543, "y": 416, "w": 14, "h": 14, "type": "104", "sign_id": "sign_B_1"}, {"pic_id": "18558623091000039478", "x": 562, "y": 412, "w": 16, "h": 16, "type": "104", "sign_id": "sign_B_2"}], "match": [{"sign_id": "sign_A_1", "match_sign_id": " "}, {"sign_id": "sign_A_2", "match_sign_id": " "}]}