{"group": [{"pic_list": ["19595742122200000399", "19595742122200000400", "19595742122200000401", "19595742122200000402", "19595742122200000580"], "seq_id": "A"}, {"pic_list": ["18559861111900045777", "18559861111900045778", "18559861111900045779", "18559861111900045780", "18559861111900045781", "18559861111900045782"], "seq_id": "B"}], "signs": [{"pic_id": "19595742122200000399", "x": 1013, "y": 471, "w": 25, "h": 26, "type": "202", "sign_id": "sign_A_1"}, {"pic_id": "19595742122200000399", "x": 387, "y": 374, "w": 12, "h": 14, "type": "301", "sign_id": "sign_A_2"}, {"pic_id": "19595742122200000399", "x": 1005, "y": 415, "w": 12, "h": 12, "type": "301", "sign_id": "sign_A_3"}, {"pic_id": "19595742122200000400", "x": 296, "y": 384, "w": 14, "h": 32, "type": "201", "sign_id": "sign_A_4"}, {"pic_id": "19595742122200000400", "x": 1230, "y": 450, "w": 44, "h": 42, "type": "202", "sign_id": "sign_A_5"}, {"pic_id": "19595742122200000400", "x": 1219, "y": 365, "w": 15, "h": 16, "type": "301", "sign_id": "sign_A_6"}, {"pic_id": "19595742122200000400", "x": 257, "y": 313, "w": 14, "h": 17, "type": "301", "sign_id": "sign_A_7"}, {"pic_id": "18559861111900045777", "x": 807, "y": 310, "w": 7, "h": 8, "type": "301", "sign_id": "sign_B_1"}, {"pic_id": "18559861111900045778", "x": 354, "y": 276, "w": 9, "h": 9, "type": "301", "sign_id": "sign_B_2"}, {"pic_id": "18559861111900045778", "x": 845, "y": 296, "w": 7, "h": 8, "type": "301", "sign_id": "sign_B_3"}, {"pic_id": "18559861111900045779", "x": 315, "y": 253, "w": 11, "h": 13, "type": "301", "sign_id": "sign_B_4"}, {"pic_id": "18559861111900045779", "x": 929, "y": 274, "w": 10, "h": 10, "type": "301", "sign_id": "sign_B_5"}, {"pic_id": "18559861111900045780", "x": 229, "y": 217, "w": 14, "h": 15, "type": "301", "sign_id": "sign_B_6"}, {"pic_id": "18559861111900045780", "x": 1052, "y": 239, "w": 12, "h": 15, "type": "301", "sign_id": "sign_B_7"}, {"pic_id": "18559861111900045781", "x": 136, "y": 236, "w": 22, "h": 40, "type": "201", "sign_id": "sign_B_8"}, {"pic_id": "18559861111900045781", "x": 68, "y": 144, "w": 20, "h": 23, "type": "301", "sign_id": "sign_B_9"}], "match": [{"sign_id": "sign_A_2", "match_sign_id": "sign_B_6"}, {"sign_id": "sign_A_2", "match_sign_id": "sign_B_4"}, {"sign_id": "sign_A_2", "match_sign_id": "sign_B_1"}, {"sign_id": "sign_A_2", "match_sign_id": "sign_B_2"}, {"sign_id": "sign_A_2", "match_sign_id": "sign_B_9"}, {"sign_id": "sign_A_3", "match_sign_id": "sign_B_5"}, {"sign_id": "sign_A_3", "match_sign_id": "sign_B_1"}, {"sign_id": "sign_A_3", "match_sign_id": "sign_B_7"}, {"sign_id": "sign_A_3", "match_sign_id": "sign_B_3"}, {"sign_id": "sign_A_4", "match_sign_id": "sign_B_8"}, {"sign_id": "sign_A_6", "match_sign_id": "sign_B_5"}, {"sign_id": "sign_A_6", "match_sign_id": "sign_B_7"}, {"sign_id": "sign_A_6", "match_sign_id": "sign_B_1"}, {"sign_id": "sign_A_6", "match_sign_id": "sign_B_2"}, {"sign_id": "sign_A_7", "match_sign_id": "sign_B_6"}, {"sign_id": "sign_A_7", "match_sign_id": "sign_B_9"}, {"sign_id": "sign_A_7", "match_sign_id": "sign_B_4"}, {"sign_id": "sign_A_7", "match_sign_id": "sign_B_2"}]}