{"group": [{"pic_list": ["19593864121300003915", "19593864121300003928", "19593864121300003929", "19593864121300003930", "19593864121300003931", "19593864121300003932", "19593864121300003933"], "seq_id": "A"}, {"pic_list": ["18553555010900015917", "18553555010900015918", "18553555010900015919", "18553555010900015920", "18553555010900015921", "18553555010900015922", "18553555010900015923"], "seq_id": "B"}], "signs": [{"pic_id": "19593864121300003931", "x": 949, "y": 155, "w": 23, "h": 26, "type": "301", "sign_id": "sign_A_1"}, {"pic_id": "19593864121300003931", "x": 894, "y": 179, "w": 21, "h": 25, "type": "301", "sign_id": "sign_A_2"}, {"pic_id": "19593864121300003932", "x": 1040, "y": 86, "w": 33, "h": 34, "type": "301", "sign_id": "sign_A_3"}, {"pic_id": "19593864121300003932", "x": 1165, "y": 25, "w": 39, "h": 40, "type": "301", "sign_id": "sign_A_4"}, {"pic_id": "18553555010900015917", "x": 836, "y": 366, "w": 8, "h": 8, "type": "301", "sign_id": "sign_B_1"}, {"pic_id": "18553555010900015917", "x": 831, "y": 368, "w": 7, "h": 7, "type": "301", "sign_id": "sign_B_2"}, {"pic_id": "18553555010900015918", "x": 750, "y": 361, "w": 8, "h": 8, "type": "301", "sign_id": "sign_B_3"}, {"pic_id": "18553555010900015918", "x": 744, "y": 364, "w": 7, "h": 8, "type": "301", "sign_id": "sign_B_4"}, {"pic_id": "18553555010900015919", "x": 782, "y": 343, "w": 10, "h": 10, "type": "301", "sign_id": "sign_B_5"}, {"pic_id": "18553555010900015919", "x": 774, "y": 349, "w": 9, "h": 9, "type": "301", "sign_id": "sign_B_6"}, {"pic_id": "18553555010900015920", "x": 847, "y": 330, "w": 13, "h": 13, "type": "301", "sign_id": "sign_B_7"}, {"pic_id": "18553555010900015920", "x": 832, "y": 337, "w": 13, "h": 12, "type": "301", "sign_id": "sign_B_8"}, {"pic_id": "18553555010900015921", "x": 997, "y": 259, "w": 21, "h": 23, "type": "301", "sign_id": "sign_B_9"}, {"pic_id": "18553555010900015921", "x": 1043, "y": 236, "w": 22, "h": 24, "type": "301", "sign_id": "sign_B_10"}, {"pic_id": "18553555010900015922", "x": 1100, "y": 214, "w": 27, "h": 29, "type": "301", "sign_id": "sign_B_11"}, {"pic_id": "18553555010900015922", "x": 1184, "y": 173, "w": 33, "h": 34, "type": "301", "sign_id": "sign_B_12"}], "match": [{"sign_id": "sign_A_1", "match_sign_id": "sign_B_12"}, {"sign_id": "sign_A_1", "match_sign_id": "sign_B_10"}, {"sign_id": "sign_A_1", "match_sign_id": "sign_B_3"}, {"sign_id": "sign_A_1", "match_sign_id": "sign_B_5"}, {"sign_id": "sign_A_1", "match_sign_id": "sign_B_1"}, {"sign_id": "sign_A_2", "match_sign_id": "sign_B_11"}, {"sign_id": "sign_A_2", "match_sign_id": "sign_B_9"}, {"sign_id": "sign_A_2", "match_sign_id": "sign_B_3"}, {"sign_id": "sign_A_2", "match_sign_id": "sign_B_5"}, {"sign_id": "sign_A_2", "match_sign_id": "sign_B_1"}, {"sign_id": "sign_A_3", "match_sign_id": "sign_B_11"}, {"sign_id": "sign_A_3", "match_sign_id": "sign_B_3"}, {"sign_id": "sign_A_3", "match_sign_id": "sign_B_5"}, {"sign_id": "sign_A_3", "match_sign_id": "sign_B_6"}, {"sign_id": "sign_A_3", "match_sign_id": "sign_B_9"}, {"sign_id": "sign_A_4", "match_sign_id": "sign_B_12"}, {"sign_id": "sign_A_4", "match_sign_id": "sign_B_10"}, {"sign_id": "sign_A_4", "match_sign_id": "sign_B_3"}, {"sign_id": "sign_A_4", "match_sign_id": "sign_B_5"}, {"sign_id": "sign_A_4", "match_sign_id": "sign_B_1"}, {"sign_id": "sign_A_2", "match_sign_id": "sign_B_6"}, {"sign_id": "sign_A_1", "match_sign_id": "sign_B_7"}, {"sign_id": "sign_A_2", "match_sign_id": "sign_B_8"}]}