{"group": [{"pic_list": ["19597119122800000257", "19597119122800000258", "19597119122800000259", "19597119122800000260", "19597119122800000261", "19597119122800000262", "19597119122800000263"], "seq_id": "A"}, {"pic_list": ["18559078092800050072", "18559078092800050073", "18559078092800050074", "18559078092800050075", "18559078092800050076", "18559078092800049193"], "seq_id": "B"}], "signs": [{"pic_id": "19597119122800000259", "x": 720, "y": 376, "w": 7, "h": 9, "type": "301", "sign_id": "sign_A_1"}, {"pic_id": "19597119122800000260", "x": 732, "y": 357, "w": 10, "h": 11, "type": "301", "sign_id": "sign_A_2"}, {"pic_id": "19597119122800000261", "x": 769, "y": 327, "w": 12, "h": 14, "type": "301", "sign_id": "sign_A_3"}, {"pic_id": "19597119122800000262", "x": 823, "y": 266, "w": 16, "h": 20, "type": "301", "sign_id": "sign_A_4"}, {"pic_id": "19597119122800000263", "x": 985, "y": 100, "w": 28, "h": 36, "type": "301", "sign_id": "sign_A_5"}, {"pic_id": "18559078092800050074", "x": 737, "y": 364, "w": 9, "h": 10, "type": "301", "sign_id": "sign_B_1"}, {"pic_id": "18559078092800050075", "x": 768, "y": 330, "w": 11, "h": 13, "type": "301", "sign_id": "sign_B_2"}, {"pic_id": "18559078092800050076", "x": 823, "y": 266, "w": 15, "h": 18, "type": "301", "sign_id": "sign_B_3"}, {"pic_id": "18559078092800049193", "x": 996, "y": 55, "w": 32, "h": 36, "type": "301", "sign_id": "sign_B_4"}], "match": [{"sign_id": "sign_A_1", "match_sign_id": "sign_B_1"}, {"sign_id": "sign_A_1", "match_sign_id": "sign_B_2"}, {"sign_id": "sign_A_1", "match_sign_id": "sign_B_3"}, {"sign_id": "sign_A_1", "match_sign_id": "sign_B_4"}, {"sign_id": "sign_A_2", "match_sign_id": "sign_B_3"}, {"sign_id": "sign_A_2", "match_sign_id": "sign_B_2"}, {"sign_id": "sign_A_2", "match_sign_id": "sign_B_1"}, {"sign_id": "sign_A_2", "match_sign_id": "sign_B_4"}, {"sign_id": "sign_A_3", "match_sign_id": "sign_B_3"}, {"sign_id": "sign_A_3", "match_sign_id": "sign_B_2"}, {"sign_id": "sign_A_3", "match_sign_id": "sign_B_4"}, {"sign_id": "sign_A_3", "match_sign_id": "sign_B_1"}, {"sign_id": "sign_A_4", "match_sign_id": "sign_B_3"}, {"sign_id": "sign_A_4", "match_sign_id": "sign_B_4"}, {"sign_id": "sign_A_4", "match_sign_id": "sign_B_2"}, {"sign_id": "sign_A_4", "match_sign_id": "sign_B_1"}, {"sign_id": "sign_A_5", "match_sign_id": "sign_B_3"}, {"sign_id": "sign_A_5", "match_sign_id": "sign_B_4"}, {"sign_id": "sign_A_5", "match_sign_id": "sign_B_2"}, {"sign_id": "sign_A_5", "match_sign_id": "sign_B_1"}]}