{"group": [{"pic_list": ["20599440031500001981", "20599440031500002181", "20599440031500001982", "20599440031500002182", "20599440031500001983", "20599440031500002183"], "seq_id": "A"}, {"pic_list": ["18559880111900008574", "18559880111900008575"], "seq_id": "B"}], "signs": [{"pic_id": "20599440031500001981", "x": 728, "y": 452, "w": 7, "h": 8, "type": "301", "sign_id": "sign_A_1"}, {"pic_id": "20599440031500002181", "x": 728, "y": 452, "w": 7, "h": 8, "type": "301", "sign_id": "sign_A_2"}, {"pic_id": "20599440031500001982", "x": 760, "y": 442, "w": 7, "h": 9, "type": "301", "sign_id": "sign_A_3"}, {"pic_id": "20599440031500002182", "x": 760, "y": 442, "w": 7, "h": 9, "type": "301", "sign_id": "sign_A_4"}, {"pic_id": "20599440031500001983", "x": 859, "y": 430, "w": 9, "h": 10, "type": "301", "sign_id": "sign_A_5"}, {"pic_id": "20599440031500002183", "x": 859, "y": 430, "w": 9, "h": 10, "type": "301", "sign_id": "sign_A_6"}], "match": [{"sign_id": "sign_A_1", "match_sign_id": " "}, {"sign_id": "sign_A_2", "match_sign_id": " "}, {"sign_id": "sign_A_3", "match_sign_id": " "}, {"sign_id": "sign_A_4", "match_sign_id": " "}, {"sign_id": "sign_A_5", "match_sign_id": " "}, {"sign_id": "sign_A_6", "match_sign_id": " "}]}