{"group": [{"pic_list": ["19587538101000000424", "19587538101000000425", "19587538101000000426", "19587538101000000427", "19587538101000000428"], "seq_id": "A"}, {"pic_list": ["18557837072100014123", "18557837072100014124", "18557837072100014125", "18557837072100014126", "18557837072100014127", "18557837072100014128"], "seq_id": "B"}], "signs": [{"pic_id": "19587538101000000424", "x": 547, "y": 245, "w": 8, "h": 10, "type": "301", "sign_id": "sign_A_1"}, {"pic_id": "19587538101000000425", "x": 509, "y": 221, "w": 9, "h": 13, "type": "301", "sign_id": "sign_A_2"}, {"pic_id": "19587538101000000426", "x": 565, "y": 184, "w": 12, "h": 16, "type": "301", "sign_id": "sign_A_3"}, {"pic_id": "19587538101000000426", "x": 493, "y": 304, "w": 4, "h": 5, "type": "301", "sign_id": "sign_A_4"}, {"pic_id": "19587538101000000427", "x": 559, "y": 152, "w": 15, "h": 20, "type": "301", "sign_id": "sign_A_5"}, {"pic_id": "19587538101000000427", "x": 325, "y": 299, "w": 6, "h": 7, "type": "301", "sign_id": "sign_A_6"}, {"pic_id": "19587538101000000427", "x": 479, "y": 305, "w": 5, "h": 6, "type": "301", "sign_id": "sign_A_7"}, {"pic_id": "19587538101000000428", "x": 567, "y": 73, "w": 19, "h": 27, "type": "301", "sign_id": "sign_A_8"}, {"pic_id": "19587538101000000428", "x": 474, "y": 301, "w": 5, "h": 6, "type": "301", "sign_id": "sign_A_9"}, {"pic_id": "19587538101000000428", "x": 305, "y": 293, "w": 7, "h": 8, "type": "301", "sign_id": "sign_A_10"}, {"pic_id": "18557837072100014123", "x": 597, "y": 380, "w": 7, "h": 9, "type": "301", "sign_id": "sign_B_1"}, {"pic_id": "18557837072100014124", "x": 605, "y": 359, "w": 9, "h": 12, "type": "301", "sign_id": "sign_B_2"}, {"pic_id": "18557837072100014125", "x": 534, "y": 333, "w": 10, "h": 14, "type": "301", "sign_id": "sign_B_3"}, {"pic_id": "18557837072100014126", "x": 455, "y": 295, "w": 14, "h": 18, "type": "301", "sign_id": "sign_B_4"}, {"pic_id": "18557837072100014127", "x": 465, "y": 254, "w": 16, "h": 22, "type": "301", "sign_id": "sign_B_5"}, {"pic_id": "18557837072100014128", "x": 455, "y": 105, "w": 25, "h": 34, "type": "301", "sign_id": "sign_B_6"}, {"pic_id": "18557837072100014128", "x": 291, "y": 406, "w": 7, "h": 8, "type": "301", "sign_id": "sign_B_7"}], "match": [{"sign_id": "sign_A_1", "match_sign_id": "sign_B_1"}, {"sign_id": "sign_A_1", "match_sign_id": "sign_B_3"}, {"sign_id": "sign_A_1", "match_sign_id": "sign_B_2"}, {"sign_id": "sign_A_1", "match_sign_id": "sign_B_4"}, {"sign_id": "sign_A_2", "match_sign_id": "sign_B_4"}, {"sign_id": "sign_A_2", "match_sign_id": "sign_B_3"}, {"sign_id": "sign_A_2", "match_sign_id": "sign_B_5"}, {"sign_id": "sign_A_2", "match_sign_id": "sign_B_1"}, {"sign_id": "sign_A_2", "match_sign_id": "sign_B_6"}, {"sign_id": "sign_A_2", "match_sign_id": "sign_B_2"}, {"sign_id": "sign_A_3", "match_sign_id": "sign_B_4"}, {"sign_id": "sign_A_3", "match_sign_id": "sign_B_5"}, {"sign_id": "sign_A_3", "match_sign_id": "sign_B_6"}, {"sign_id": "sign_A_3", "match_sign_id": "sign_B_3"}, {"sign_id": "sign_A_3", "match_sign_id": "sign_B_2"}, {"sign_id": "sign_A_3", "match_sign_id": "sign_B_1"}, {"sign_id": "sign_A_4", "match_sign_id": "sign_B_1"}, {"sign_id": "sign_A_5", "match_sign_id": "sign_B_4"}, {"sign_id": "sign_A_5", "match_sign_id": "sign_B_6"}, {"sign_id": "sign_A_5", "match_sign_id": "sign_B_5"}, {"sign_id": "sign_A_5", "match_sign_id": "sign_B_3"}, {"sign_id": "sign_A_5", "match_sign_id": "sign_B_2"}, {"sign_id": "sign_A_5", "match_sign_id": "sign_B_1"}, {"sign_id": "sign_A_6", "match_sign_id": "sign_B_7"}, {"sign_id": "sign_A_7", "match_sign_id": "sign_B_1"}, {"sign_id": "sign_A_8", "match_sign_id": "sign_B_6"}, {"sign_id": "sign_A_8", "match_sign_id": "sign_B_4"}, {"sign_id": "sign_A_8", "match_sign_id": "sign_B_5"}, {"sign_id": "sign_A_8", "match_sign_id": "sign_B_3"}, {"sign_id": "sign_A_8", "match_sign_id": "sign_B_2"}, {"sign_id": "sign_A_9", "match_sign_id": "sign_B_1"}, {"sign_id": "sign_A_9", "match_sign_id": "sign_B_2"}, {"sign_id": "sign_A_10", "match_sign_id": "sign_B_7"}, {"sign_id": "sign_A_1", "match_sign_id": "sign_B_5"}, {"sign_id": "sign_A_1", "match_sign_id": "sign_B_6"}, {"sign_id": "sign_A_4", "match_sign_id": "sign_B_7"}]}