{"group": [{"pic_list": ["19590040110800004347", "19590040110800004629", "19590040110800004630", "19590040110800004631", "19590040110800004632", "19590040110800004633"], "seq_id": "A"}, {"pic_list": ["19583413090700008063", "19583413090700010625", "19583413090700010626", "19583413090700010627", "19583413090700010628", "19583413090700010629"], "seq_id": "B"}], "signs": [{"pic_id": "19590040110800004347", "x": 705, "y": 332, "w": 9, "h": 11, "type": "301", "sign_id": "sign_A_1"}, {"pic_id": "19590040110800004629", "x": 724, "y": 305, "w": 12, "h": 14, "type": "301", "sign_id": "sign_A_2"}, {"pic_id": "19590040110800004630", "x": 763, "y": 251, "w": 18, "h": 21, "type": "301", "sign_id": "sign_A_3"}, {"pic_id": "19590040110800004631", "x": 832, "y": 126, "w": 32, "h": 37, "type": "301", "sign_id": "sign_A_4"}, {"pic_id": "19583413090700010626", "x": 856, "y": 168, "w": 20, "h": 24, "type": "301", "sign_id": "sign_B_1"}, {"pic_id": "19583413090700010627", "x": 1157, "y": 0, "w": 46, "h": 38, "type": "301", "sign_id": "sign_B_2"}], "match": [{"sign_id": "sign_A_1", "match_sign_id": "sign_B_1"}, {"sign_id": "sign_A_1", "match_sign_id": "sign_B_2"}, {"sign_id": "sign_A_2", "match_sign_id": "sign_B_1"}, {"sign_id": "sign_A_2", "match_sign_id": "sign_B_2"}, {"sign_id": "sign_A_3", "match_sign_id": "sign_B_1"}, {"sign_id": "sign_A_3", "match_sign_id": "sign_B_2"}, {"sign_id": "sign_A_4", "match_sign_id": "sign_B_1"}, {"sign_id": "sign_A_4", "match_sign_id": "sign_B_2"}]}