{"group": [{"pic_list": ["19581458080500011850", "19581458080500010262", "19581458080500010263", "19581458080500010264"], "seq_id": "A"}, {"pic_list": ["18558064072600032753", "18558064072600032754", "18558064072600032755", "18558064072600032756", "18558064072600032757"], "seq_id": "B"}], "signs": [{"pic_id": "19581458080500011850", "x": 339, "y": 388, "w": 7, "h": 8, "type": "301", "sign_id": "sign_A_1"}, {"pic_id": "19581458080500011850", "x": 352, "y": 385, "w": 7, "h": 9, "type": "301", "sign_id": "sign_A_2"}, {"pic_id": "19581458080500010262", "x": 294, "y": 349, "w": 10, "h": 12, "type": "301", "sign_id": "sign_A_3"}, {"pic_id": "19581458080500010262", "x": 276, "y": 351, "w": 9, "h": 12, "type": "301", "sign_id": "sign_A_4"}, {"pic_id": "19581458080500010263", "x": 176, "y": 267, "w": 15, "h": 19, "type": "301", "sign_id": "sign_A_5"}, {"pic_id": "19581458080500010263", "x": 145, "y": 271, "w": 14, "h": 18, "type": "301", "sign_id": "sign_A_6"}, {"pic_id": "19581458080500010264", "x": 799, "y": 196, "w": 20, "h": 27, "type": "301", "sign_id": "sign_A_7"}, {"pic_id": "19581458080500010264", "x": 417, "y": 423, "w": 5, "h": 6, "type": "301", "sign_id": "sign_A_8"}, {"pic_id": "18558064072600032753", "x": 705, "y": 330, "w": 7, "h": 8, "type": "301", "sign_id": "sign_B_1"}, {"pic_id": "18558064072600032754", "x": 687, "y": 315, "w": 9, "h": 10, "type": "301", "sign_id": "sign_B_2"}, {"pic_id": "18558064072600032755", "x": 691, "y": 284, "w": 11, "h": 13, "type": "301", "sign_id": "sign_B_3"}, {"pic_id": "18558064072600032756", "x": 722, "y": 218, "w": 15, "h": 18, "type": "301", "sign_id": "sign_B_4"}, {"pic_id": "18558064072600032757", "x": 803, "y": 27, "w": 27, "h": 36, "type": "301", "sign_id": "sign_B_5"}], "match": [{"sign_id": "sign_A_1", "match_sign_id": "sign_B_1"}, {"sign_id": "sign_A_1", "match_sign_id": "sign_B_2"}, {"sign_id": "sign_A_1", "match_sign_id": "sign_B_3"}, {"sign_id": "sign_A_2", "match_sign_id": "sign_B_3"}, {"sign_id": "sign_A_2", "match_sign_id": "sign_B_1"}, {"sign_id": "sign_A_2", "match_sign_id": "sign_B_5"}, {"sign_id": "sign_A_3", "match_sign_id": "sign_B_3"}, {"sign_id": "sign_A_3", "match_sign_id": "sign_B_5"}, {"sign_id": "sign_A_3", "match_sign_id": "sign_B_4"}, {"sign_id": "sign_A_4", "match_sign_id": "sign_B_4"}, {"sign_id": "sign_A_4", "match_sign_id": "sign_B_3"}, {"sign_id": "sign_A_4", "match_sign_id": "sign_B_5"}, {"sign_id": "sign_A_5", "match_sign_id": "sign_B_4"}, {"sign_id": "sign_A_5", "match_sign_id": "sign_B_5"}, {"sign_id": "sign_A_5", "match_sign_id": "sign_B_3"}, {"sign_id": "sign_A_6", "match_sign_id": "sign_B_4"}, {"sign_id": "sign_A_6", "match_sign_id": "sign_B_3"}, {"sign_id": "sign_A_6", "match_sign_id": "sign_B_5"}, {"sign_id": "sign_A_7", "match_sign_id": "sign_B_5"}, {"sign_id": "sign_A_7", "match_sign_id": "sign_B_4"}, {"sign_id": "sign_A_7", "match_sign_id": "sign_B_3"}, {"sign_id": "sign_A_8", "match_sign_id": "sign_B_2"}, {"sign_id": "sign_A_8", "match_sign_id": "sign_B_1"}, {"sign_id": "sign_A_8", "match_sign_id": "sign_B_3"}, {"sign_id": "sign_A_6", "match_sign_id": "sign_B_1"}, {"sign_id": "sign_A_4", "match_sign_id": "sign_B_1"}, {"sign_id": "sign_A_6", "match_sign_id": "sign_B_2"}, {"sign_id": "sign_A_4", "match_sign_id": "sign_B_2"}, {"sign_id": "sign_A_2", "match_sign_id": "sign_B_2"}]}