{"group": [{"pic_list": ["20598926020600001511", "20598926020600001512", "20598926020600001513", "20598926020600001514"], "seq_id": "A"}, {"pic_list": ["18558685091100029032", "18558685091100029033", "18558685091100029034", "18558685091100029035"], "seq_id": "B"}], "signs": [{"pic_id": "20598926020600001511", "x": 1082, "y": 517, "w": 10, "h": 13, "type": "301", "sign_id": "sign_A_1"}, {"pic_id": "20598926020600001512", "x": 1146, "y": 500, "w": 12, "h": 16, "type": "301", "sign_id": "sign_A_2"}, {"pic_id": "20598926020600001512", "x": 527, "y": 485, "w": 6, "h": 7, "type": "301", "sign_id": "sign_A_3"}, {"pic_id": "20598926020600001513", "x": 798, "y": 456, "w": 6, "h": 7, "type": "301", "sign_id": "sign_A_4"}, {"pic_id": "20598926020600001514", "x": 769, "y": 438, "w": 7, "h": 9, "type": "301", "sign_id": "sign_A_5"}, {"pic_id": "20598926020600001514", "x": 366, "y": 466, "w": 8, "h": 9, "type": "301", "sign_id": "sign_A_6"}, {"pic_id": "20598926020600001514", "x": 779, "y": 489, "w": 5, "h": 6, "type": "301", "sign_id": "sign_A_7"}, {"pic_id": "18558685091100029032", "x": 891, "y": 391, "w": 13, "h": 16, "type": "301", "sign_id": "sign_B_1"}, {"pic_id": "18558685091100029032", "x": 609, "y": 364, "w": 6, "h": 7, "type": "301", "sign_id": "sign_B_2"}, {"pic_id": "18558685091100029033", "x": 1018, "y": 372, "w": 16, "h": 21, "type": "301", "sign_id": "sign_B_3"}, {"pic_id": "18558685091100029033", "x": 603, "y": 351, "w": 6, "h": 8, "type": "301", "sign_id": "sign_B_4"}, {"pic_id": "18558685091100029033", "x": 251, "y": 363, "w": 7, "h": 8, "type": "301", "sign_id": "sign_B_5"}, {"pic_id": "18558685091100029034", "x": 605, "y": 336, "w": 7, "h": 9, "type": "301", "sign_id": "sign_B_6"}, {"pic_id": "18558685091100029035", "x": 594, "y": 312, "w": 9, "h": 11, "type": "301", "sign_id": "sign_B_7"}, {"pic_id": "18558685091100029035", "x": 102, "y": 341, "w": 9, "h": 10, "type": "301", "sign_id": "sign_B_8"}], "match": [{"sign_id": "sign_A_1", "match_sign_id": "sign_B_3"}, {"sign_id": "sign_A_1", "match_sign_id": "sign_B_1"}, {"sign_id": "sign_A_1", "match_sign_id": "sign_B_8"}, {"sign_id": "sign_A_2", "match_sign_id": "sign_B_1"}, {"sign_id": "sign_A_2", "match_sign_id": "sign_B_3"}, {"sign_id": "sign_A_2", "match_sign_id": "sign_B_7"}, {"sign_id": "sign_A_2", "match_sign_id": "sign_B_6"}, {"sign_id": "sign_A_3", "match_sign_id": "sign_B_5"}, {"sign_id": "sign_A_3", "match_sign_id": "sign_B_8"}, {"sign_id": "sign_A_3", "match_sign_id": "sign_B_6"}, {"sign_id": "sign_A_4", "match_sign_id": "sign_B_2"}, {"sign_id": "sign_A_4", "match_sign_id": "sign_B_6"}, {"sign_id": "sign_A_4", "match_sign_id": "sign_B_4"}, {"sign_id": "sign_A_4", "match_sign_id": "sign_B_7"}, {"sign_id": "sign_A_5", "match_sign_id": "sign_B_2"}, {"sign_id": "sign_A_5", "match_sign_id": "sign_B_6"}, {"sign_id": "sign_A_5", "match_sign_id": "sign_B_4"}, {"sign_id": "sign_A_5", "match_sign_id": "sign_B_7"}, {"sign_id": "sign_A_6", "match_sign_id": "sign_B_8"}, {"sign_id": "sign_A_6", "match_sign_id": "sign_B_5"}, {"sign_id": "sign_A_6", "match_sign_id": "sign_B_1"}]}