{"group": [{"pic_list": ["19590790111500001048", "19590790111500001049", "19590790111500001050", "19590790111500001051", "19590790111500001052", "19590790111500001053", "19590790111500001054", "19590790111500001055"], "seq_id": "A"}, {"pic_list": ["18558633090600040189", "18558633090600040190", "18558633090600040191", "18558633090600040192", "18558633090600040193", "18558633090600040194", "18558633090600040195"], "seq_id": "B"}], "signs": [{"pic_id": "19590790111500001048", "x": 373, "y": 199, "w": 12, "h": 15, "type": "301", "sign_id": "sign_A_1"}, {"pic_id": "19590790111500001049", "x": 708, "y": 295, "w": 16, "h": 17, "type": "106", "sign_id": "sign_A_2"}, {"pic_id": "19590790111500001050", "x": 719, "y": 287, "w": 19, "h": 20, "type": "108", "sign_id": "sign_A_3"}, {"pic_id": "19590790111500001051", "x": 743, "y": 261, "w": 24, "h": 25, "type": "108", "sign_id": "sign_A_4"}, {"pic_id": "19590790111500001052", "x": 801, "y": 220, "w": 34, "h": 33, "type": "108", "sign_id": "sign_A_5"}, {"pic_id": "19590790111500001053", "x": 970, "y": 101, "w": 59, "h": 60, "type": "108", "sign_id": "sign_A_6"}, {"pic_id": "18558633090600040189", "x": 589, "y": 233, "w": 8, "h": 10, "type": "301", "sign_id": "sign_B_1"}, {"pic_id": "18558633090600040190", "x": 575, "y": 156, "w": 12, "h": 16, "type": "301", "sign_id": "sign_B_2"}, {"pic_id": "18558633090600040191", "x": 811, "y": 269, "w": 17, "h": 17, "type": "106", "sign_id": "sign_B_3"}, {"pic_id": "18558633090600040192", "x": 832, "y": 259, "w": 20, "h": 20, "type": "108", "sign_id": "sign_B_4"}, {"pic_id": "18558633090600040193", "x": 893, "y": 217, "w": 28, "h": 28, "type": "108", "sign_id": "sign_B_5"}, {"pic_id": "18558633090600040194", "x": 1147, "y": 87, "w": 55, "h": 57, "type": "108", "sign_id": "sign_B_6"}], "match": [{"sign_id": "sign_A_1", "match_sign_id": "sign_B_2"}, {"sign_id": "sign_A_1", "match_sign_id": "sign_B_1"}, {"sign_id": "sign_A_2", "match_sign_id": "sign_B_3"}, {"sign_id": "sign_A_3", "match_sign_id": "sign_B_4"}, {"sign_id": "sign_A_3", "match_sign_id": "sign_B_6"}, {"sign_id": "sign_A_3", "match_sign_id": "sign_B_5"}, {"sign_id": "sign_A_4", "match_sign_id": "sign_B_4"}, {"sign_id": "sign_A_4", "match_sign_id": "sign_B_6"}, {"sign_id": "sign_A_4", "match_sign_id": "sign_B_5"}, {"sign_id": "sign_A_5", "match_sign_id": "sign_B_6"}, {"sign_id": "sign_A_5", "match_sign_id": "sign_B_5"}, {"sign_id": "sign_A_5", "match_sign_id": "sign_B_4"}, {"sign_id": "sign_A_6", "match_sign_id": "sign_B_6"}, {"sign_id": "sign_A_6", "match_sign_id": "sign_B_5"}, {"sign_id": "sign_A_6", "match_sign_id": "sign_B_4"}]}