{"group": [{"pic_list": ["19581842081000003252", "19581842081000003253", "19581842081000003254", "19581842081000001981", "19581842081000001982", "19581842081000001983"], "seq_id": "A"}, {"pic_list": ["18558091081500033858", "18558091081500033859", "18558091081500033860", "18558091081500033861"], "seq_id": "B"}], "signs": [{"pic_id": "19581842081000003252", "x": 307, "y": 330, "w": 11, "h": 12, "type": "301", "sign_id": "sign_A_1"}, {"pic_id": "19581842081000003253", "x": 249, "y": 296, "w": 13, "h": 15, "type": "301", "sign_id": "sign_A_2"}, {"pic_id": "19581842081000003254", "x": 256, "y": 241, "w": 14, "h": 20, "type": "301", "sign_id": "sign_A_3"}, {"pic_id": "19581842081000001981", "x": 9, "y": 336, "w": 11, "h": 13, "type": "301", "sign_id": "sign_A_4"}, {"pic_id": "19581842081000001982", "x": 3, "y": 298, "w": 12, "h": 16, "type": "301", "sign_id": "sign_A_5"}, {"pic_id": "18558091081500033858", "x": 510, "y": 344, "w": 7, "h": 8, "type": "301", "sign_id": "sign_B_1"}, {"pic_id": "18558091081500033859", "x": 426, "y": 338, "w": 8, "h": 9, "type": "301", "sign_id": "sign_B_2"}, {"pic_id": "18558091081500033860", "x": 380, "y": 322, "w": 8, "h": 10, "type": "301", "sign_id": "sign_B_3"}, {"pic_id": "18558091081500033861", "x": 351, "y": 292, "w": 9, "h": 11, "type": "301", "sign_id": "sign_B_4"}], "match": [{"sign_id": "sign_A_1", "match_sign_id": "sign_B_1"}, {"sign_id": "sign_A_1", "match_sign_id": "sign_B_2"}, {"sign_id": "sign_A_1", "match_sign_id": "sign_B_3"}, {"sign_id": "sign_A_1", "match_sign_id": "sign_B_4"}, {"sign_id": "sign_A_2", "match_sign_id": "sign_B_1"}, {"sign_id": "sign_A_2", "match_sign_id": "sign_B_2"}, {"sign_id": "sign_A_2", "match_sign_id": "sign_B_3"}, {"sign_id": "sign_A_2", "match_sign_id": "sign_B_4"}, {"sign_id": "sign_A_3", "match_sign_id": "sign_B_4"}, {"sign_id": "sign_A_3", "match_sign_id": "sign_B_3"}, {"sign_id": "sign_A_3", "match_sign_id": "sign_B_1"}, {"sign_id": "sign_A_3", "match_sign_id": "sign_B_2"}, {"sign_id": "sign_A_4", "match_sign_id": "sign_B_1"}, {"sign_id": "sign_A_4", "match_sign_id": "sign_B_2"}, {"sign_id": "sign_A_4", "match_sign_id": "sign_B_3"}, {"sign_id": "sign_A_4", "match_sign_id": "sign_B_4"}, {"sign_id": "sign_A_5", "match_sign_id": "sign_B_1"}, {"sign_id": "sign_A_5", "match_sign_id": "sign_B_4"}, {"sign_id": "sign_A_5", "match_sign_id": "sign_B_3"}, {"sign_id": "sign_A_5", "match_sign_id": "sign_B_2"}]}