{"group": [{"pic_list": ["19591619112500004432", "19591619112500007195", "19591619112500007303"], "seq_id": "A"}, {"pic_list": ["18558647090600005365"], "seq_id": "B"}], "signs": [{"pic_id": "19591619112500004432", "x": 802, "y": 181, "w": 8, "h": 9, "type": "301", "sign_id": "sign_A_1"}, {"pic_id": "19591619112500007195", "x": 337, "y": 18, "w": 63, "h": 63, "type": "106", "sign_id": "sign_A_2"}, {"pic_id": "19591619112500007303", "x": 688, "y": 161, "w": 6, "h": 7, "type": "301", "sign_id": "sign_A_3"}, {"pic_id": "18558647090600005365", "x": 303, "y": 86, "w": 66, "h": 65, "type": "106", "sign_id": "sign_B_1"}], "match": [{"sign_id": "sign_A_1", "match_sign_id": " "}, {"sign_id": "sign_A_2", "match_sign_id": "sign_B_1"}, {"sign_id": "sign_A_3", "match_sign_id": " "}]}