{"group": [{"pic_list": ["19596512122500002813", "19596512122500002814", "19596512122500002815", "19596512122500002816", "19596512122500002817"], "seq_id": "A"}, {"pic_list": ["18558525082200004747", "18558525082200004748", "18558525082200004749", "18558525082200005490", "18558525082200005491", "18558525082200004750", "18558525082200005492", "18558525082200004751", "18558525082200004752", "18558525082200004753", "18558525082200005493", "18558525082200005494"], "seq_id": "B"}], "signs": [{"pic_id": "19596512122500002813", "x": 722, "y": 227, "w": 13, "h": 14, "type": "104", "sign_id": "sign_A_1"}, {"pic_id": "19596512122500002813", "x": 15, "y": 155, "w": 12, "h": 16, "type": "301", "sign_id": "sign_A_2"}, {"pic_id": "19596512122500002814", "x": 743, "y": 206, "w": 16, "h": 16, "type": "106", "sign_id": "sign_A_3"}, {"pic_id": "19596512122500002815", "x": 750, "y": 167, "w": 18, "h": 19, "type": "106", "sign_id": "sign_A_4"}, {"pic_id": "19596512122500002816", "x": 755, "y": 137, "w": 23, "h": 23, "type": "106", "sign_id": "sign_A_5"}, {"pic_id": "19596512122500002817", "x": 748, "y": 130, "w": 29, "h": 30, "type": "106", "sign_id": "sign_A_6"}, {"pic_id": "18558525082200004750", "x": 918, "y": 337, "w": 25, "h": 25, "type": "104", "sign_id": "sign_B_1"}, {"pic_id": "18558525082200005492", "x": 918, "y": 337, "w": 25, "h": 25, "type": "104", "sign_id": "sign_B_2"}, {"pic_id": "18558525082200004751", "x": 902, "y": 297, "w": 31, "h": 31, "type": "104", "sign_id": "sign_B_3"}, {"pic_id": "18558525082200004752", "x": 878, "y": 231, "w": 41, "h": 40, "type": "106", "sign_id": "sign_B_4"}, {"pic_id": "18558525082200004753", "x": 835, "y": 119, "w": 59, "h": 55, "type": "106", "sign_id": "sign_B_5"}, {"pic_id": "18558525082200005493", "x": 902, "y": 297, "w": 31, "h": 31, "type": "104", "sign_id": "sign_B_6"}, {"pic_id": "18558525082200005494", "x": 878, "y": 231, "w": 41, "h": 40, "type": "106", "sign_id": "sign_B_7"}], "match": [{"sign_id": "sign_A_1", "match_sign_id": "sign_B_1"}, {"sign_id": "sign_A_1", "match_sign_id": "sign_B_2"}, {"sign_id": "sign_A_1", "match_sign_id": "sign_B_3"}, {"sign_id": "sign_A_2", "match_sign_id": " "}, {"sign_id": "sign_A_3", "match_sign_id": "sign_B_5"}, {"sign_id": "sign_A_3", "match_sign_id": "sign_B_4"}, {"sign_id": "sign_A_3", "match_sign_id": "sign_B_7"}, {"sign_id": "sign_A_4", "match_sign_id": "sign_B_5"}, {"sign_id": "sign_A_4", "match_sign_id": "sign_B_4"}, {"sign_id": "sign_A_4", "match_sign_id": "sign_B_7"}, {"sign_id": "sign_A_5", "match_sign_id": "sign_B_5"}, {"sign_id": "sign_A_5", "match_sign_id": "sign_B_4"}, {"sign_id": "sign_A_5", "match_sign_id": "sign_B_7"}, {"sign_id": "sign_A_6", "match_sign_id": "sign_B_5"}, {"sign_id": "sign_A_6", "match_sign_id": "sign_B_4"}, {"sign_id": "sign_A_6", "match_sign_id": "sign_B_7"}, {"sign_id": "sign_A_1", "match_sign_id": "sign_B_6"}]}