{"group": [{"pic_list": ["19581858081000004758", "19581858081000006155", "19581858081000006156", "19581858081000006157"], "seq_id": "A"}, {"pic_list": ["18558123081500027741", "18558123081500027742"], "seq_id": "B"}], "signs": [{"pic_id": "19581858081000004758", "x": 191, "y": 148, "w": 12, "h": 14, "type": "301", "sign_id": "sign_A_1"}, {"pic_id": "19581858081000006155", "x": 53, "y": 64, "w": 17, "h": 19, "type": "301", "sign_id": "sign_A_2"}, {"pic_id": "18558123081500027741", "x": 192, "y": 202, "w": 12, "h": 14, "type": "301", "sign_id": "sign_B_1"}], "match": [{"sign_id": "sign_A_1", "match_sign_id": "sign_B_1"}, {"sign_id": "sign_A_2", "match_sign_id": "sign_B_1"}]}