{"group": [{"pic_list": ["20599450031300008533", "20599450031300008534", "20599450031300008535", "20599450031300008536", "20599450031300008537"], "seq_id": "A"}, {"pic_list": ["18553507010900026603", "18553507010900026604", "18553507010900026605", "18553507010900026606", "18553507010900026607"], "seq_id": "B"}], "signs": [{"pic_id": "20599450031300008533", "x": 698, "y": 466, "w": 18, "h": 25, "type": "301", "sign_id": "sign_A_1"}, {"pic_id": "20599450031300008534", "x": 1485, "y": 596, "w": 38, "h": 39, "type": "104", "sign_id": "sign_A_2"}, {"pic_id": "20599450031300008534", "x": 267, "y": 264, "w": 28, "h": 39, "type": "301", "sign_id": "sign_A_3"}, {"pic_id": "20599450031300008535", "x": 1397, "y": 539, "w": 52, "h": 52, "type": "104", "sign_id": "sign_A_4"}, {"pic_id": "20599450031300008536", "x": 1390, "y": 448, "w": 70, "h": 75, "type": "104", "sign_id": "sign_A_5"}, {"pic_id": "20599450031300008537", "x": 1769, "y": 169, "w": 92, "h": 126, "type": "104", "sign_id": "sign_A_6"}, {"pic_id": "18553507010900026603", "x": 790, "y": 267, "w": 11, "h": 14, "type": "301", "sign_id": "sign_B_1"}, {"pic_id": "18553507010900026604", "x": 643, "y": 223, "w": 14, "h": 18, "type": "301", "sign_id": "sign_B_2"}, {"pic_id": "18553507010900026605", "x": 431, "y": 148, "w": 20, "h": 26, "type": "301", "sign_id": "sign_B_3"}, {"pic_id": "18553507010900026606", "x": 1232, "y": 268, "w": 42, "h": 37, "type": "104", "sign_id": "sign_B_4"}, {"pic_id": "18553507010900026607", "x": 1229, "y": 226, "w": 50, "h": 51, "type": "104", "sign_id": "sign_B_5"}], "match": [{"sign_id": "sign_A_1", "match_sign_id": "sign_B_1"}, {"sign_id": "sign_A_1", "match_sign_id": "sign_B_2"}, {"sign_id": "sign_A_1", "match_sign_id": "sign_B_3"}, {"sign_id": "sign_A_2", "match_sign_id": "sign_B_5"}, {"sign_id": "sign_A_2", "match_sign_id": "sign_B_4"}, {"sign_id": "sign_A_3", "match_sign_id": "sign_B_3"}, {"sign_id": "sign_A_3", "match_sign_id": "sign_B_2"}, {"sign_id": "sign_A_3", "match_sign_id": "sign_B_1"}, {"sign_id": "sign_A_4", "match_sign_id": "sign_B_5"}, {"sign_id": "sign_A_4", "match_sign_id": "sign_B_4"}, {"sign_id": "sign_A_5", "match_sign_id": "sign_B_5"}, {"sign_id": "sign_A_5", "match_sign_id": "sign_B_4"}, {"sign_id": "sign_A_6", "match_sign_id": "sign_B_5"}, {"sign_id": "sign_A_6", "match_sign_id": "sign_B_4"}]}