{"group": [{"pic_list": ["19591006111700007533", "19591006111700007534", "19591006111700007535", "19591006111700007536", "19591006111700007537", "19591006111700007538"], "seq_id": "A"}, {"pic_list": ["18553747011800004665", "18553747011800004666", "18553747011800004667", "18553747011800004668", "18553747011800004669", "18553747011800004670"], "seq_id": "B"}], "signs": [{"pic_id": "19591006111700007533", "x": 645, "y": 263, "w": 5, "h": 7, "type": "301", "sign_id": "sign_A_1"}, {"pic_id": "19591006111700007534", "x": 656, "y": 249, "w": 6, "h": 8, "type": "301", "sign_id": "sign_A_2"}, {"pic_id": "19591006111700007535", "x": 753, "y": 298, "w": 14, "h": 14, "type": "103", "sign_id": "sign_A_3"}, {"pic_id": "19591006111700007535", "x": 665, "y": 233, "w": 6, "h": 8, "type": "301", "sign_id": "sign_A_4"}, {"pic_id": "19591006111700007536", "x": 778, "y": 289, "w": 17, "h": 16, "type": "103", "sign_id": "sign_A_5"}, {"pic_id": "19591006111700007536", "x": 671, "y": 208, "w": 8, "h": 10, "type": "301", "sign_id": "sign_A_6"}, {"pic_id": "19591006111700007536", "x": 778, "y": 272, "w": 7, "h": 8, "type": "301", "sign_id": "sign_A_7"}, {"pic_id": "19591006111700007536", "x": 784, "y": 269, "w": 7, "h": 7, "type": "301", "sign_id": "sign_A_8"}, {"pic_id": "19591006111700007537", "x": 816, "y": 272, "w": 21, "h": 21, "type": "103", "sign_id": "sign_A_9"}, {"pic_id": "19591006111700007537", "x": 821, "y": 248, "w": 10, "h": 11, "type": "301", "sign_id": "sign_A_10"}, {"pic_id": "19591006111700007537", "x": 682, "y": 167, "w": 9, "h": 13, "type": "301", "sign_id": "sign_A_11"}, {"pic_id": "19591006111700007537", "x": 830, "y": 244, "w": 10, "h": 9, "type": "301", "sign_id": "sign_A_12"}, {"pic_id": "19591006111700007538", "x": 889, "y": 241, "w": 30, "h": 29, "type": "103", "sign_id": "sign_A_13"}, {"pic_id": "19591006111700007538", "x": 910, "y": 201, "w": 14, "h": 16, "type": "301", "sign_id": "sign_A_14"}, {"pic_id": "19591006111700007538", "x": 709, "y": 93, "w": 12, "h": 17, "type": "301", "sign_id": "sign_A_15"}, {"pic_id": "19591006111700007538", "x": 930, "y": 191, "w": 14, "h": 15, "type": "301", "sign_id": "sign_A_16"}, {"pic_id": "18553747011800004665", "x": 316, "y": 87, "w": 105, "h": 112, "type": "104", "sign_id": "sign_B_1"}, {"pic_id": "18553747011800004665", "x": 649, "y": 352, "w": 6, "h": 7, "type": "301", "sign_id": "sign_B_2"}, {"pic_id": "18553747011800004665", "x": 712, "y": 391, "w": 6, "h": 7, "type": "301", "sign_id": "sign_B_3"}, {"pic_id": "18553747011800004666", "x": 665, "y": 334, "w": 6, "h": 8, "type": "301", "sign_id": "sign_B_4"}, {"pic_id": "18553747011800004666", "x": 743, "y": 383, "w": 6, "h": 7, "type": "301", "sign_id": "sign_B_5"}, {"pic_id": "18553747011800004667", "x": 661, "y": 325, "w": 6, "h": 8, "type": "301", "sign_id": "sign_B_6"}, {"pic_id": "18553747011800004667", "x": 744, "y": 376, "w": 7, "h": 8, "type": "301", "sign_id": "sign_B_7"}, {"pic_id": "18553747011800004668", "x": 652, "y": 301, "w": 6, "h": 9, "type": "301", "sign_id": "sign_B_8"}, {"pic_id": "18553747011800004668", "x": 758, "y": 361, "w": 7, "h": 8, "type": "301", "sign_id": "sign_B_9"}, {"pic_id": "18553747011800004669", "x": 649, "y": 263, "w": 8, "h": 11, "type": "301", "sign_id": "sign_B_10"}, {"pic_id": "18553747011800004669", "x": 787, "y": 340, "w": 8, "h": 9, "type": "301", "sign_id": "sign_B_11"}, {"pic_id": "18553747011800004669", "x": 781, "y": 343, "w": 8, "h": 9, "type": "301", "sign_id": "sign_B_12"}, {"pic_id": "18553747011800004670", "x": 852, "y": 295, "w": 12, "h": 15, "type": "301", "sign_id": "sign_B_13"}, {"pic_id": "18553747011800004670", "x": 652, "y": 194, "w": 11, "h": 16, "type": "301", "sign_id": "sign_B_14"}, {"pic_id": "18553747011800004670", "x": 838, "y": 304, "w": 10, "h": 12, "type": "301", "sign_id": "sign_B_15"}], "match": [{"sign_id": "sign_A_1", "match_sign_id": "sign_B_4"}, {"sign_id": "sign_A_1", "match_sign_id": "sign_B_2"}, {"sign_id": "sign_A_1", "match_sign_id": "sign_B_6"}, {"sign_id": "sign_A_1", "match_sign_id": "sign_B_8"}, {"sign_id": "sign_A_1", "match_sign_id": "sign_B_10"}, {"sign_id": "sign_A_1", "match_sign_id": "sign_B_14"}, {"sign_id": "sign_A_2", "match_sign_id": "sign_B_4"}, {"sign_id": "sign_A_2", "match_sign_id": "sign_B_2"}, {"sign_id": "sign_A_2", "match_sign_id": "sign_B_6"}, {"sign_id": "sign_A_2", "match_sign_id": "sign_B_14"}, {"sign_id": "sign_A_2", "match_sign_id": "sign_B_10"}, {"sign_id": "sign_A_4", "match_sign_id": "sign_B_4"}, {"sign_id": "sign_A_4", "match_sign_id": "sign_B_6"}, {"sign_id": "sign_A_4", "match_sign_id": "sign_B_14"}, {"sign_id": "sign_A_4", "match_sign_id": "sign_B_2"}, {"sign_id": "sign_A_4", "match_sign_id": "sign_B_10"}, {"sign_id": "sign_A_6", "match_sign_id": "sign_B_14"}, {"sign_id": "sign_A_6", "match_sign_id": "sign_B_10"}, {"sign_id": "sign_A_6", "match_sign_id": "sign_B_6"}, {"sign_id": "sign_A_6", "match_sign_id": "sign_B_4"}, {"sign_id": "sign_A_6", "match_sign_id": "sign_B_2"}, {"sign_id": "sign_A_7", "match_sign_id": "sign_B_7"}, {"sign_id": "sign_A_7", "match_sign_id": "sign_B_5"}, {"sign_id": "sign_A_7", "match_sign_id": "sign_B_3"}, {"sign_id": "sign_A_7", "match_sign_id": "sign_B_15"}, {"sign_id": "sign_A_8", "match_sign_id": "sign_B_7"}, {"sign_id": "sign_A_8", "match_sign_id": "sign_B_5"}, {"sign_id": "sign_A_8", "match_sign_id": "sign_B_13"}, {"sign_id": "sign_A_8", "match_sign_id": "sign_B_9"}, {"sign_id": "sign_A_10", "match_sign_id": "sign_B_7"}, {"sign_id": "sign_A_10", "match_sign_id": "sign_B_3"}, {"sign_id": "sign_A_10", "match_sign_id": "sign_B_15"}, {"sign_id": "sign_A_10", "match_sign_id": "sign_B_5"}, {"sign_id": "sign_A_11", "match_sign_id": "sign_B_14"}, {"sign_id": "sign_A_11", "match_sign_id": "sign_B_10"}, {"sign_id": "sign_A_11", "match_sign_id": "sign_B_6"}, {"sign_id": "sign_A_11", "match_sign_id": "sign_B_8"}, {"sign_id": "sign_A_11", "match_sign_id": "sign_B_4"}, {"sign_id": "sign_A_12", "match_sign_id": "sign_B_13"}, {"sign_id": "sign_A_12", "match_sign_id": "sign_B_7"}, {"sign_id": "sign_A_12", "match_sign_id": "sign_B_5"}, {"sign_id": "sign_A_12", "match_sign_id": "sign_B_3"}, {"sign_id": "sign_A_14", "match_sign_id": "sign_B_15"}, {"sign_id": "sign_A_14", "match_sign_id": "sign_B_7"}, {"sign_id": "sign_A_14", "match_sign_id": "sign_B_5"}, {"sign_id": "sign_A_14", "match_sign_id": "sign_B_3"}, {"sign_id": "sign_A_15", "match_sign_id": "sign_B_14"}, {"sign_id": "sign_A_15", "match_sign_id": "sign_B_10"}, {"sign_id": "sign_A_15", "match_sign_id": "sign_B_6"}, {"sign_id": "sign_A_15", "match_sign_id": "sign_B_8"}, {"sign_id": "sign_A_15", "match_sign_id": "sign_B_4"}, {"sign_id": "sign_A_15", "match_sign_id": "sign_B_2"}, {"sign_id": "sign_A_16", "match_sign_id": "sign_B_13"}, {"sign_id": "sign_A_16", "match_sign_id": "sign_B_7"}, {"sign_id": "sign_A_16", "match_sign_id": "sign_B_11"}, {"sign_id": "sign_A_16", "match_sign_id": "sign_B_9"}, {"sign_id": "sign_A_11", "match_sign_id": "sign_B_2"}, {"sign_id": "sign_A_8", "match_sign_id": "sign_B_3"}, {"sign_id": "sign_A_16", "match_sign_id": "sign_B_5"}, {"sign_id": "sign_A_4", "match_sign_id": "sign_B_8"}, {"sign_id": "sign_A_6", "match_sign_id": "sign_B_8"}, {"sign_id": "sign_A_10", "match_sign_id": "sign_B_9"}, {"sign_id": "sign_A_8", "match_sign_id": "sign_B_11"}, {"sign_id": "sign_A_10", "match_sign_id": "sign_B_11"}, {"sign_id": "sign_A_7", "match_sign_id": "sign_B_11"}, {"sign_id": "sign_A_8", "match_sign_id": "sign_B_12"}, {"sign_id": "sign_A_10", "match_sign_id": "sign_B_12"}]}