{"group": [{"pic_list": ["19595350122000003611", "19595350122000003612", "19595350122000003613", "19595350122000003614"], "seq_id": "A"}, {"pic_list": ["18557011081500029097", "18557011081500029098"], "seq_id": "B"}], "signs": [{"pic_id": "19595350122000003611", "x": 155, "y": 1, "w": 22, "h": 20, "type": "301", "sign_id": "sign_A_1"}, {"pic_id": "19595350122000003611", "x": 532, "y": 220, "w": 6, "h": 7, "type": "301", "sign_id": "sign_A_2"}, {"pic_id": "19595350122000003612", "x": 534, "y": 217, "w": 7, "h": 9, "type": "301", "sign_id": "sign_A_3"}, {"pic_id": "19595350122000003613", "x": 484, "y": 208, "w": 8, "h": 10, "type": "301", "sign_id": "sign_A_4"}, {"pic_id": "19595350122000003614", "x": 334, "y": 189, "w": 9, "h": 12, "type": "301", "sign_id": "sign_A_5"}, {"pic_id": "18557011081500029097", "x": 241, "y": 276, "w": 11, "h": 15, "type": "301", "sign_id": "sign_B_1"}, {"pic_id": "18557011081500029098", "x": 209, "y": 276, "w": 12, "h": 16, "type": "301", "sign_id": "sign_B_2"}], "match": [{"sign_id": "sign_A_1", "match_sign_id": "sign_B_2"}, {"sign_id": "sign_A_1", "match_sign_id": "sign_B_1"}, {"sign_id": "sign_A_3", "match_sign_id": "sign_B_2"}, {"sign_id": "sign_A_3", "match_sign_id": "sign_B_1"}, {"sign_id": "sign_A_4", "match_sign_id": "sign_B_1"}, {"sign_id": "sign_A_4", "match_sign_id": "sign_B_2"}, {"sign_id": "sign_A_5", "match_sign_id": " "}]}