{"group": [{"pic_list": ["20599452031400012977", "20599452031400012978", "20599452031400012979", "20599452031400013587"], "seq_id": "A"}, {"pic_list": ["18558858092800003429", "18558858092800003430", "18558858092800003431", "18558858092800003432", "18558858092800003433"], "seq_id": "B"}], "signs": [{"pic_id": "20599452031400012977", "x": 350, "y": 673, "w": 34, "h": 35, "type": "105", "sign_id": "sign_A_1"}, {"pic_id": "20599452031400012978", "x": 1185, "y": 682, "w": 47, "h": 46, "type": "105", "sign_id": "sign_A_2"}, {"pic_id": "20599452031400012978", "x": 577, "y": 436, "w": 17, "h": 23, "type": "301", "sign_id": "sign_A_3"}, {"pic_id": "20599452031400012978", "x": 1365, "y": 672, "w": 15, "h": 19, "type": "301", "sign_id": "sign_A_4"}, {"pic_id": "20599452031400012979", "x": 1382, "y": 636, "w": 65, "h": 69, "type": "105", "sign_id": "sign_A_5"}, {"pic_id": "20599452031400012979", "x": 483, "y": 299, "w": 23, "h": 31, "type": "301", "sign_id": "sign_A_6"}, {"pic_id": "20599452031400012979", "x": 1529, "y": 643, "w": 18, "h": 24, "type": "301", "sign_id": "sign_A_7"}, {"pic_id": "20599452031400013587", "x": 1864, "y": 557, "w": 23, "h": 32, "type": "301", "sign_id": "sign_A_8"}, {"pic_id": "18558858092800003429", "x": 897, "y": 222, "w": 10, "h": 14, "type": "301", "sign_id": "sign_B_1"}, {"pic_id": "18558858092800003430", "x": 591, "y": 182, "w": 11, "h": 15, "type": "301", "sign_id": "sign_B_2"}, {"pic_id": "18558858092800003431", "x": 496, "y": 117, "w": 14, "h": 18, "type": "301", "sign_id": "sign_B_3"}, {"pic_id": "18558858092800003431", "x": 1133, "y": 289, "w": 13, "h": 17, "type": "301", "sign_id": "sign_B_4"}, {"pic_id": "18558858092800003432", "x": 401, "y": 1, "w": 20, "h": 14, "type": "301", "sign_id": "sign_B_5"}], "match": [{"sign_id": "sign_A_1", "match_sign_id": " "}, {"sign_id": "sign_A_2", "match_sign_id": " "}, {"sign_id": "sign_A_3", "match_sign_id": "sign_B_1"}, {"sign_id": "sign_A_3", "match_sign_id": "sign_B_2"}, {"sign_id": "sign_A_3", "match_sign_id": "sign_B_3"}, {"sign_id": "sign_A_3", "match_sign_id": "sign_B_5"}, {"sign_id": "sign_A_4", "match_sign_id": "sign_B_4"}, {"sign_id": "sign_A_5", "match_sign_id": " "}, {"sign_id": "sign_A_6", "match_sign_id": "sign_B_1"}, {"sign_id": "sign_A_6", "match_sign_id": "sign_B_2"}, {"sign_id": "sign_A_6", "match_sign_id": "sign_B_3"}, {"sign_id": "sign_A_6", "match_sign_id": "sign_B_5"}, {"sign_id": "sign_A_7", "match_sign_id": "sign_B_4"}, {"sign_id": "sign_A_8", "match_sign_id": "sign_B_4"}, {"sign_id": "sign_A_8", "match_sign_id": "sign_B_5"}, {"sign_id": "sign_A_8", "match_sign_id": "sign_B_1"}, {"sign_id": "sign_A_8", "match_sign_id": "sign_B_2"}]}