{"group": [{"pic_list": ["20599448031200001619", "20599448031200001620", "20599448031200001621", "20599448031200001622", "20599448031200001623", "20599448031200001624"], "seq_id": "A"}, {"pic_list": ["18558913092800028936", "18558913092800028937", "18558913092800028938", "18558913092800028939", "18558913092800028940", "18558913092800028941", "18558913092800028942"], "seq_id": "B"}], "signs": [{"pic_id": "20599448031200001619", "x": 795, "y": 550, "w": 9, "h": 11, "type": "301", "sign_id": "sign_A_1"}, {"pic_id": "20599448031200001620", "x": 803, "y": 493, "w": 12, "h": 14, "type": "301", "sign_id": "sign_A_2"}, {"pic_id": "20599448031200001621", "x": 821, "y": 410, "w": 15, "h": 17, "type": "301", "sign_id": "sign_A_3"}, {"pic_id": "20599448031200001622", "x": 845, "y": 237, "w": 21, "h": 23, "type": "301", "sign_id": "sign_A_4"}, {"pic_id": "18558913092800028939", "x": 638, "y": 173, "w": 9, "h": 11, "type": "301", "sign_id": "sign_B_1"}, {"pic_id": "18558913092800028940", "x": 654, "y": 99, "w": 12, "h": 14, "type": "301", "sign_id": "sign_B_2"}], "match": [{"sign_id": "sign_A_1", "match_sign_id": "sign_B_2"}, {"sign_id": "sign_A_1", "match_sign_id": "sign_B_1"}, {"sign_id": "sign_A_2", "match_sign_id": "sign_B_1"}, {"sign_id": "sign_A_2", "match_sign_id": "sign_B_2"}, {"sign_id": "sign_A_3", "match_sign_id": "sign_B_2"}, {"sign_id": "sign_A_3", "match_sign_id": "sign_B_1"}, {"sign_id": "sign_A_4", "match_sign_id": "sign_B_2"}, {"sign_id": "sign_A_4", "match_sign_id": "sign_B_1"}]}