{"group": [{"pic_list": ["20599543032800005793", "20599543032800005794", "20599543032800005795", "20599543032800005796", "20599543032800005797", "20599543032800005798"], "seq_id": "A"}, {"pic_list": ["18553481010500045361", "18553481010500045362", "18553481010500045363", "18553481010500045364", "18553481010500045365", "18553481010500045366", "18553481010500045367", "18553481010500045368", "18553481010500045369", "18553481010500045370", "18553481010500045371"], "seq_id": "B"}], "signs": [{"pic_id": "20599543032800005793", "x": 1049, "y": 278, "w": 20, "h": 19, "type": "105", "sign_id": "sign_A_1"}, {"pic_id": "20599543032800005794", "x": 813, "y": 266, "w": 21, "h": 21, "type": "105", "sign_id": "sign_A_2"}, {"pic_id": "20599543032800005795", "x": 698, "y": 228, "w": 25, "h": 26, "type": "105", "sign_id": "sign_A_3"}, {"pic_id": "20599543032800005796", "x": 679, "y": 171, "w": 33, "h": 34, "type": "105", "sign_id": "sign_A_4"}, {"pic_id": "20599543032800005797", "x": 670, "y": 7, "w": 57, "h": 58, "type": "105", "sign_id": "sign_A_5"}, {"pic_id": "18553481010500045364", "x": 662, "y": 314, "w": 15, "h": 15, "type": "105", "sign_id": "sign_B_1"}, {"pic_id": "18553481010500045365", "x": 654, "y": 302, "w": 18, "h": 19, "type": "105", "sign_id": "sign_B_2"}, {"pic_id": "18553481010500045365", "x": 769, "y": 334, "w": 15, "h": 14, "type": "201", "sign_id": "sign_B_3"}, {"pic_id": "18553481010500045366", "x": 652, "y": 268, "w": 22, "h": 22, "type": "105", "sign_id": "sign_B_4"}, {"pic_id": "18553481010500045366", "x": 788, "y": 308, "w": 17, "h": 17, "type": "201", "sign_id": "sign_B_5"}, {"pic_id": "18553481010500045367", "x": 651, "y": 234, "w": 26, "h": 26, "type": "105", "sign_id": "sign_B_6"}, {"pic_id": "18553481010500045367", "x": 813, "y": 284, "w": 22, "h": 22, "type": "201", "sign_id": "sign_B_7"}, {"pic_id": "18553481010500045368", "x": 652, "y": 191, "w": 34, "h": 34, "type": "105", "sign_id": "sign_B_8"}, {"pic_id": "18553481010500045368", "x": 856, "y": 262, "w": 26, "h": 26, "type": "201", "sign_id": "sign_B_9"}, {"pic_id": "18553481010500045369", "x": 654, "y": 101, "w": 47, "h": 47, "type": "105", "sign_id": "sign_B_10"}, {"pic_id": "18553481010500045369", "x": 927, "y": 211, "w": 26, "h": 31, "type": "201", "sign_id": "sign_B_11"}, {"pic_id": "18553481010500045370", "x": 1031, "y": 123, "w": 43, "h": 45, "type": "201", "sign_id": "sign_B_12"}], "match": [{"sign_id": "sign_A_1", "match_sign_id": "sign_B_10"}, {"sign_id": "sign_A_1", "match_sign_id": "sign_B_8"}, {"sign_id": "sign_A_1", "match_sign_id": "sign_B_6"}, {"sign_id": "sign_A_1", "match_sign_id": "sign_B_4"}, {"sign_id": "sign_A_1", "match_sign_id": "sign_B_2"}, {"sign_id": "sign_A_1", "match_sign_id": "sign_B_1"}, {"sign_id": "sign_A_2", "match_sign_id": "sign_B_10"}, {"sign_id": "sign_A_2", "match_sign_id": "sign_B_8"}, {"sign_id": "sign_A_2", "match_sign_id": "sign_B_6"}, {"sign_id": "sign_A_2", "match_sign_id": "sign_B_4"}, {"sign_id": "sign_A_2", "match_sign_id": "sign_B_2"}, {"sign_id": "sign_A_2", "match_sign_id": "sign_B_1"}, {"sign_id": "sign_A_3", "match_sign_id": "sign_B_10"}, {"sign_id": "sign_A_3", "match_sign_id": "sign_B_8"}, {"sign_id": "sign_A_3", "match_sign_id": "sign_B_6"}, {"sign_id": "sign_A_3", "match_sign_id": "sign_B_4"}, {"sign_id": "sign_A_3", "match_sign_id": "sign_B_2"}, {"sign_id": "sign_A_3", "match_sign_id": "sign_B_1"}, {"sign_id": "sign_A_4", "match_sign_id": "sign_B_10"}, {"sign_id": "sign_A_4", "match_sign_id": "sign_B_8"}, {"sign_id": "sign_A_4", "match_sign_id": "sign_B_6"}, {"sign_id": "sign_A_4", "match_sign_id": "sign_B_4"}, {"sign_id": "sign_A_4", "match_sign_id": "sign_B_2"}, {"sign_id": "sign_A_4", "match_sign_id": "sign_B_1"}, {"sign_id": "sign_A_5", "match_sign_id": "sign_B_10"}, {"sign_id": "sign_A_5", "match_sign_id": "sign_B_8"}, {"sign_id": "sign_A_5", "match_sign_id": "sign_B_6"}, {"sign_id": "sign_A_5", "match_sign_id": "sign_B_4"}, {"sign_id": "sign_A_5", "match_sign_id": "sign_B_2"}, {"sign_id": "sign_A_5", "match_sign_id": "sign_B_1"}]}