{"group": [{"pic_list": ["19581588080700009291", "19581588080700009292", "19581588080700009293", "19581588080700009294", "19581588080700009295", "19581588080700009296"], "seq_id": "A"}, {"pic_list": ["18557937072100038416", "18557937072100039693", "18557937072100039694", "18557937072100039695", "18557937072100039696", "18557937072100039697"], "seq_id": "B"}], "signs": [{"pic_id": "19581588080700009291", "x": 903, "y": 375, "w": 17, "h": 19, "type": "106", "sign_id": "sign_A_1"}, {"pic_id": "19581588080700009291", "x": 1091, "y": 188, "w": 13, "h": 16, "type": "301", "sign_id": "sign_A_2"}, {"pic_id": "19581588080700009292", "x": 915, "y": 360, "w": 21, "h": 22, "type": "106", "sign_id": "sign_A_3"}, {"pic_id": "19581588080700009292", "x": 1211, "y": 55, "w": 18, "h": 22, "type": "301", "sign_id": "sign_A_4"}, {"pic_id": "19581588080700009293", "x": 931, "y": 339, "w": 23, "h": 25, "type": "105", "sign_id": "sign_A_5"}, {"pic_id": "19581588080700009294", "x": 955, "y": 318, "w": 28, "h": 29, "type": "106", "sign_id": "sign_A_6"}, {"pic_id": "19581588080700009295", "x": 976, "y": 294, "w": 32, "h": 34, "type": "106", "sign_id": "sign_A_7"}, {"pic_id": "19581588080700009296", "x": 1020, "y": 245, "w": 39, "h": 42, "type": "106", "sign_id": "sign_A_8"}, {"pic_id": "18557937072100038416", "x": 829, "y": 198, "w": 9, "h": 11, "type": "301", "sign_id": "sign_B_1"}, {"pic_id": "18557937072100039693", "x": 194, "y": 283, "w": 13, "h": 16, "type": "103", "sign_id": "sign_B_2"}, {"pic_id": "18557937072100039693", "x": 889, "y": 144, "w": 11, "h": 13, "type": "301", "sign_id": "sign_B_3"}, {"pic_id": "18557937072100039694", "x": 99, "y": 273, "w": 17, "h": 18, "type": "103", "sign_id": "sign_B_4"}, {"pic_id": "18557937072100039694", "x": 786, "y": 267, "w": 15, "h": 16, "type": "106", "sign_id": "sign_B_5"}, {"pic_id": "18557937072100039694", "x": 1005, "y": 35, "w": 15, "h": 19, "type": "301", "sign_id": "sign_B_6"}, {"pic_id": "18557937072100039695", "x": 807, "y": 253, "w": 19, "h": 20, "type": "106", "sign_id": "sign_B_7"}, {"pic_id": "18557937072100039696", "x": 829, "y": 235, "w": 23, "h": 24, "type": "106", "sign_id": "sign_B_8"}, {"pic_id": "18557937072100039697", "x": 855, "y": 203, "w": 29, "h": 30, "type": "106", "sign_id": "sign_B_9"}], "match": [{"sign_id": "sign_A_1", "match_sign_id": "sign_B_7"}, {"sign_id": "sign_A_1", "match_sign_id": "sign_B_5"}, {"sign_id": "sign_A_1", "match_sign_id": "sign_B_8"}, {"sign_id": "sign_A_1", "match_sign_id": "sign_B_9"}, {"sign_id": "sign_A_2", "match_sign_id": "sign_B_6"}, {"sign_id": "sign_A_2", "match_sign_id": "sign_B_3"}, {"sign_id": "sign_A_2", "match_sign_id": "sign_B_1"}, {"sign_id": "sign_A_3", "match_sign_id": "sign_B_7"}, {"sign_id": "sign_A_3", "match_sign_id": "sign_B_5"}, {"sign_id": "sign_A_3", "match_sign_id": "sign_B_9"}, {"sign_id": "sign_A_3", "match_sign_id": "sign_B_8"}, {"sign_id": "sign_A_4", "match_sign_id": "sign_B_6"}, {"sign_id": "sign_A_4", "match_sign_id": "sign_B_3"}, {"sign_id": "sign_A_4", "match_sign_id": "sign_B_1"}, {"sign_id": "sign_A_6", "match_sign_id": "sign_B_7"}, {"sign_id": "sign_A_6", "match_sign_id": "sign_B_9"}, {"sign_id": "sign_A_6", "match_sign_id": "sign_B_8"}, {"sign_id": "sign_A_6", "match_sign_id": "sign_B_5"}, {"sign_id": "sign_A_7", "match_sign_id": "sign_B_9"}, {"sign_id": "sign_A_7", "match_sign_id": "sign_B_8"}, {"sign_id": "sign_A_7", "match_sign_id": "sign_B_7"}, {"sign_id": "sign_A_7", "match_sign_id": "sign_B_5"}, {"sign_id": "sign_A_8", "match_sign_id": "sign_B_9"}, {"sign_id": "sign_A_8", "match_sign_id": "sign_B_8"}, {"sign_id": "sign_A_8", "match_sign_id": "sign_B_7"}, {"sign_id": "sign_A_8", "match_sign_id": "sign_B_5"}]}