{"group": [{"pic_list": ["19590103110800014688", "19590103110800014689", "19590103110800014690", "19590103110800014691", "19590103110800014692", "19590103110800014693", "19590103110800014694"], "seq_id": "A"}, {"pic_list": ["19584074091300016752", "19584074091300016753", "19584074091300016754", "19584074091300016755", "19584074091300016756", "19584074091300016757"], "seq_id": "B"}], "signs": [{"pic_id": "19590103110800014689", "x": 886, "y": 391, "w": 16, "h": 20, "type": "301", "sign_id": "sign_A_1"}, {"pic_id": "19590103110800014690", "x": 976, "y": 353, "w": 22, "h": 29, "type": "301", "sign_id": "sign_A_2"}, {"pic_id": "19590103110800014691", "x": 1233, "y": 248, "w": 45, "h": 51, "type": "301", "sign_id": "sign_A_3"}, {"pic_id": "19584074091300016752", "x": 837, "y": 344, "w": 14, "h": 19, "type": "301", "sign_id": "sign_B_1"}, {"pic_id": "19584074091300016753", "x": 902, "y": 318, "w": 20, "h": 27, "type": "301", "sign_id": "sign_B_2"}, {"pic_id": "19584074091300016754", "x": 1005, "y": 265, "w": 31, "h": 39, "type": "301", "sign_id": "sign_B_3"}], "match": [{"sign_id": "sign_A_1", "match_sign_id": "sign_B_1"}, {"sign_id": "sign_A_1", "match_sign_id": "sign_B_2"}, {"sign_id": "sign_A_1", "match_sign_id": "sign_B_3"}, {"sign_id": "sign_A_2", "match_sign_id": "sign_B_1"}, {"sign_id": "sign_A_2", "match_sign_id": "sign_B_2"}, {"sign_id": "sign_A_2", "match_sign_id": "sign_B_3"}, {"sign_id": "sign_A_3", "match_sign_id": "sign_B_1"}, {"sign_id": "sign_A_3", "match_sign_id": "sign_B_2"}, {"sign_id": "sign_A_3", "match_sign_id": "sign_B_3"}]}