{"group": [{"pic_list": ["19591345112100004394", "19591345112100004395", "19591345112100004396", "19591345112100004397", "19591345112100004398"], "seq_id": "A"}, {"pic_list": ["18558500090600024040", "18558500090600024041", "18558500090600024042", "18558500090600024043", "18558500090600024044", "18558500090600024045", "18558500090600024046", "18558500090600024047", "18558500090600024048", "18558500090600024049"], "seq_id": "B"}], "signs": [{"pic_id": "19591345112100004394", "x": 753, "y": 258, "w": 11, "h": 14, "type": "301", "sign_id": "sign_A_1"}, {"pic_id": "19591345112100004395", "x": 827, "y": 183, "w": 18, "h": 23, "type": "301", "sign_id": "sign_A_2"}, {"pic_id": "19591345112100004396", "x": 781, "y": 343, "w": 18, "h": 17, "type": "106", "sign_id": "sign_A_3"}, {"pic_id": "19591345112100004397", "x": 849, "y": 341, "w": 25, "h": 25, "type": "106", "sign_id": "sign_A_4"}, {"pic_id": "19591345112100004398", "x": 957, "y": 323, "w": 40, "h": 38, "type": "106", "sign_id": "sign_A_5"}, {"pic_id": "18558500090600024040", "x": 724, "y": 278, "w": 7, "h": 9, "type": "301", "sign_id": "sign_B_1"}, {"pic_id": "18558500090600024041", "x": 730, "y": 265, "w": 8, "h": 11, "type": "301", "sign_id": "sign_B_2"}, {"pic_id": "18558500090600024042", "x": 736, "y": 234, "w": 10, "h": 13, "type": "301", "sign_id": "sign_B_3"}, {"pic_id": "18558500090600024043", "x": 753, "y": 193, "w": 12, "h": 16, "type": "301", "sign_id": "sign_B_4"}, {"pic_id": "18558500090600024044", "x": 733, "y": 320, "w": 14, "h": 13, "type": "106", "sign_id": "sign_B_5"}, {"pic_id": "18558500090600024044", "x": 791, "y": 138, "w": 15, "h": 21, "type": "301", "sign_id": "sign_B_6"}, {"pic_id": "18558500090600024045", "x": 749, "y": 319, "w": 16, "h": 16, "type": "106", "sign_id": "sign_B_7"}, {"pic_id": "18558500090600024045", "x": 846, "y": 73, "w": 20, "h": 28, "type": "301", "sign_id": "sign_B_8"}, {"pic_id": "18558500090600024046", "x": 768, "y": 319, "w": 17, "h": 17, "type": "106", "sign_id": "sign_B_9"}, {"pic_id": "18558500090600024047", "x": 789, "y": 316, "w": 20, "h": 20, "type": "106", "sign_id": "sign_B_10"}, {"pic_id": "18558500090600024048", "x": 811, "y": 311, "w": 23, "h": 23, "type": "106", "sign_id": "sign_B_11"}, {"pic_id": "18558500090600024049", "x": 839, "y": 301, "w": 28, "h": 27, "type": "106", "sign_id": "sign_B_12"}], "match": [{"sign_id": "sign_A_1", "match_sign_id": "sign_B_1"}, {"sign_id": "sign_A_1", "match_sign_id": "sign_B_3"}, {"sign_id": "sign_A_1", "match_sign_id": "sign_B_4"}, {"sign_id": "sign_A_1", "match_sign_id": "sign_B_2"}, {"sign_id": "sign_A_1", "match_sign_id": "sign_B_6"}, {"sign_id": "sign_A_1", "match_sign_id": "sign_B_8"}, {"sign_id": "sign_A_2", "match_sign_id": "sign_B_6"}, {"sign_id": "sign_A_2", "match_sign_id": "sign_B_4"}, {"sign_id": "sign_A_2", "match_sign_id": "sign_B_8"}, {"sign_id": "sign_A_2", "match_sign_id": "sign_B_3"}, {"sign_id": "sign_A_2", "match_sign_id": "sign_B_1"}, {"sign_id": "sign_A_2", "match_sign_id": "sign_B_2"}, {"sign_id": "sign_A_3", "match_sign_id": "sign_B_9"}, {"sign_id": "sign_A_3", "match_sign_id": "sign_B_11"}, {"sign_id": "sign_A_3", "match_sign_id": "sign_B_10"}, {"sign_id": "sign_A_3", "match_sign_id": "sign_B_7"}, {"sign_id": "sign_A_3", "match_sign_id": "sign_B_12"}, {"sign_id": "sign_A_3", "match_sign_id": "sign_B_5"}, {"sign_id": "sign_A_4", "match_sign_id": "sign_B_12"}, {"sign_id": "sign_A_4", "match_sign_id": "sign_B_11"}, {"sign_id": "sign_A_4", "match_sign_id": "sign_B_10"}, {"sign_id": "sign_A_4", "match_sign_id": "sign_B_9"}, {"sign_id": "sign_A_4", "match_sign_id": "sign_B_7"}, {"sign_id": "sign_A_4", "match_sign_id": "sign_B_5"}, {"sign_id": "sign_A_5", "match_sign_id": "sign_B_12"}, {"sign_id": "sign_A_5", "match_sign_id": "sign_B_11"}, {"sign_id": "sign_A_5", "match_sign_id": "sign_B_10"}, {"sign_id": "sign_A_5", "match_sign_id": "sign_B_9"}, {"sign_id": "sign_A_5", "match_sign_id": "sign_B_7"}, {"sign_id": "sign_A_5", "match_sign_id": "sign_B_5"}]}