{"group": [{"pic_list": ["19582283081500005690", "19582283081500005691", "19582283081500005692", "19582283081500005693", "19582283081500005694", "19582283081500005695", "19582283081500005696", "19582283081500005697"], "seq_id": "A"}, {"pic_list": ["18557933072100031886", "18557933072100031887", "18557933072100031888", "18557933072100031889", "18557933072100031890", "18557933072100031891", "18557933072100031892", "18557933072100031893", "18557933072100031894", "18557933072100031895", "18557933072100031896"], "seq_id": "B"}], "signs": [{"pic_id": "19582283081500005691", "x": 940, "y": 650, "w": 11, "h": 15, "type": "301", "sign_id": "sign_A_1"}, {"pic_id": "19582283081500005692", "x": 973, "y": 623, "w": 12, "h": 16, "type": "301", "sign_id": "sign_A_2"}, {"pic_id": "19582283081500005693", "x": 1016, "y": 589, "w": 14, "h": 20, "type": "301", "sign_id": "sign_A_3"}, {"pic_id": "19582283081500005693", "x": 349, "y": 548, "w": 13, "h": 16, "type": "301", "sign_id": "sign_A_4"}, {"pic_id": "19582283081500005694", "x": 1065, "y": 550, "w": 17, "h": 23, "type": "301", "sign_id": "sign_A_5"}, {"pic_id": "19582283081500005694", "x": 266, "y": 505, "w": 15, "h": 19, "type": "301", "sign_id": "sign_A_6"}, {"pic_id": "19582283081500005695", "x": 1185, "y": 459, "w": 22, "h": 31, "type": "301", "sign_id": "sign_A_7"}, {"pic_id": "19582283081500005695", "x": 136, "y": 412, "w": 19, "h": 23, "type": "301", "sign_id": "sign_A_8"}, {"pic_id": "19582283081500005696", "x": 1566, "y": 141, "w": 37, "h": 51, "type": "301", "sign_id": "sign_A_9"}, {"pic_id": "18557933072100031887", "x": 861, "y": 308, "w": 8, "h": 9, "type": "301", "sign_id": "sign_B_1"}, {"pic_id": "18557933072100031888", "x": 894, "y": 298, "w": 9, "h": 12, "type": "301", "sign_id": "sign_B_2"}, {"pic_id": "18557933072100031889", "x": 884, "y": 285, "w": 10, "h": 12, "type": "301", "sign_id": "sign_B_3"}, {"pic_id": "18557933072100031890", "x": 903, "y": 257, "w": 11, "h": 15, "type": "301", "sign_id": "sign_B_4"}, {"pic_id": "18557933072100031890", "x": 435, "y": 226, "w": 10, "h": 12, "type": "301", "sign_id": "sign_B_5"}, {"pic_id": "18557933072100031891", "x": 936, "y": 242, "w": 13, "h": 17, "type": "301", "sign_id": "sign_B_6"}, {"pic_id": "18557933072100031891", "x": 405, "y": 205, "w": 11, "h": 13, "type": "301", "sign_id": "sign_B_7"}, {"pic_id": "18557933072100031892", "x": 999, "y": 216, "w": 15, "h": 20, "type": "301", "sign_id": "sign_B_8"}, {"pic_id": "18557933072100031892", "x": 369, "y": 172, "w": 13, "h": 16, "type": "301", "sign_id": "sign_B_9"}, {"pic_id": "18557933072100031893", "x": 1156, "y": 129, "w": 21, "h": 27, "type": "301", "sign_id": "sign_B_10"}], "match": [{"sign_id": "sign_A_1", "match_sign_id": "sign_B_1"}, {"sign_id": "sign_A_1", "match_sign_id": "sign_B_2"}, {"sign_id": "sign_A_1", "match_sign_id": "sign_B_3"}, {"sign_id": "sign_A_1", "match_sign_id": "sign_B_4"}, {"sign_id": "sign_A_1", "match_sign_id": "sign_B_6"}, {"sign_id": "sign_A_2", "match_sign_id": "sign_B_2"}, {"sign_id": "sign_A_2", "match_sign_id": "sign_B_1"}, {"sign_id": "sign_A_2", "match_sign_id": "sign_B_4"}, {"sign_id": "sign_A_2", "match_sign_id": "sign_B_3"}, {"sign_id": "sign_A_2", "match_sign_id": "sign_B_6"}, {"sign_id": "sign_A_3", "match_sign_id": "sign_B_2"}, {"sign_id": "sign_A_3", "match_sign_id": "sign_B_4"}, {"sign_id": "sign_A_3", "match_sign_id": "sign_B_10"}, {"sign_id": "sign_A_3", "match_sign_id": "sign_B_1"}, {"sign_id": "sign_A_3", "match_sign_id": "sign_B_6"}, {"sign_id": "sign_A_4", "match_sign_id": "sign_B_10"}, {"sign_id": "sign_A_4", "match_sign_id": "sign_B_2"}, {"sign_id": "sign_A_4", "match_sign_id": "sign_B_9"}, {"sign_id": "sign_A_5", "match_sign_id": "sign_B_2"}, {"sign_id": "sign_A_5", "match_sign_id": "sign_B_1"}, {"sign_id": "sign_A_5", "match_sign_id": "sign_B_3"}, {"sign_id": "sign_A_5", "match_sign_id": "sign_B_4"}, {"sign_id": "sign_A_5", "match_sign_id": "sign_B_10"}, {"sign_id": "sign_A_6", "match_sign_id": "sign_B_9"}, {"sign_id": "sign_A_6", "match_sign_id": "sign_B_7"}, {"sign_id": "sign_A_6", "match_sign_id": "sign_B_10"}, {"sign_id": "sign_A_6", "match_sign_id": "sign_B_5"}, {"sign_id": "sign_A_7", "match_sign_id": "sign_B_4"}, {"sign_id": "sign_A_7", "match_sign_id": "sign_B_8"}, {"sign_id": "sign_A_7", "match_sign_id": "sign_B_10"}, {"sign_id": "sign_A_7", "match_sign_id": "sign_B_6"}, {"sign_id": "sign_A_7", "match_sign_id": "sign_B_2"}, {"sign_id": "sign_A_8", "match_sign_id": "sign_B_9"}, {"sign_id": "sign_A_8", "match_sign_id": "sign_B_10"}, {"sign_id": "sign_A_8", "match_sign_id": "sign_B_5"}, {"sign_id": "sign_A_8", "match_sign_id": "sign_B_7"}, {"sign_id": "sign_A_9", "match_sign_id": "sign_B_10"}, {"sign_id": "sign_A_9", "match_sign_id": "sign_B_4"}, {"sign_id": "sign_A_9", "match_sign_id": "sign_B_3"}, {"sign_id": "sign_A_9", "match_sign_id": "sign_B_8"}, {"sign_id": "sign_A_7", "match_sign_id": "sign_B_1"}, {"sign_id": "sign_A_3", "match_sign_id": "sign_B_3"}, {"sign_id": "sign_A_4", "match_sign_id": "sign_B_3"}, {"sign_id": "sign_A_4", "match_sign_id": "sign_B_5"}, {"sign_id": "sign_A_5", "match_sign_id": "sign_B_6"}, {"sign_id": "sign_A_4", "match_sign_id": "sign_B_7"}, {"sign_id": "sign_A_3", "match_sign_id": "sign_B_8"}, {"sign_id": "sign_A_5", "match_sign_id": "sign_B_8"}, {"sign_id": "sign_A_2", "match_sign_id": "sign_B_8"}]}