{"group": [{"pic_list": ["19596577122600012362", "19596577122600012363", "19596577122600012364", "19596577122600012365", "19596577122600012366", "19596577122600012367", "19596577122600012368"], "seq_id": "A"}, {"pic_list": ["18558600090300022511", "18558600090300022512", "18558600090300022513", "18558600090300022514", "18558600090300022515", "18558600090300030474", "18558600090300030475"], "seq_id": "B"}], "signs": [{"pic_id": "19596577122600012362", "x": 1212, "y": 304, "w": 27, "h": 25, "type": "105", "sign_id": "sign_A_1"}, {"pic_id": "19596577122600012362", "x": 795, "y": 326, "w": 10, "h": 13, "type": "301", "sign_id": "sign_A_2"}, {"pic_id": "19596577122600012362", "x": 474, "y": 313, "w": 10, "h": 13, "type": "301", "sign_id": "sign_A_3"}, {"pic_id": "19596577122600012363", "x": 796, "y": 257, "w": 27, "h": 28, "type": "105", "sign_id": "sign_A_4"}, {"pic_id": "19596577122600012363", "x": 302, "y": 246, "w": 13, "h": 18, "type": "301", "sign_id": "sign_A_5"}, {"pic_id": "19596577122600012364", "x": 717, "y": 222, "w": 32, "h": 34, "type": "105", "sign_id": "sign_A_6"}, {"pic_id": "19596577122600012364", "x": 79, "y": 184, "w": 19, "h": 25, "type": "301", "sign_id": "sign_A_7"}, {"pic_id": "19596577122600012365", "x": 718, "y": 161, "w": 41, "h": 43, "type": "105", "sign_id": "sign_A_8"}, {"pic_id": "19596577122600012366", "x": 783, "y": 60, "w": 54, "h": 57, "type": "105", "sign_id": "sign_A_9"}, {"pic_id": "18558600090300022511", "x": 630, "y": 223, "w": 26, "h": 26, "type": "105", "sign_id": "sign_B_1"}, {"pic_id": "18558600090300022512", "x": 623, "y": 148, "w": 36, "h": 38, "type": "105", "sign_id": "sign_B_2"}, {"pic_id": "18558600090300022513", "x": 634, "y": 33, "w": 53, "h": 56, "type": "105", "sign_id": "sign_B_3"}, {"pic_id": "18558600090300030474", "x": 675, "y": 246, "w": 22, "h": 23, "type": "105", "sign_id": "sign_B_4"}, {"pic_id": "18558600090300030475", "x": 763, "y": 165, "w": 33, "h": 35, "type": "105", "sign_id": "sign_B_5"}], "match": [{"sign_id": "sign_A_1", "match_sign_id": "sign_B_5"}, {"sign_id": "sign_A_1", "match_sign_id": "sign_B_3"}, {"sign_id": "sign_A_1", "match_sign_id": "sign_B_4"}, {"sign_id": "sign_A_1", "match_sign_id": "sign_B_2"}, {"sign_id": "sign_A_1", "match_sign_id": "sign_B_1"}, {"sign_id": "sign_A_2", "match_sign_id": " "}, {"sign_id": "sign_A_3", "match_sign_id": " "}, {"sign_id": "sign_A_4", "match_sign_id": "sign_B_2"}, {"sign_id": "sign_A_4", "match_sign_id": "sign_B_1"}, {"sign_id": "sign_A_4", "match_sign_id": "sign_B_5"}, {"sign_id": "sign_A_4", "match_sign_id": "sign_B_4"}, {"sign_id": "sign_A_4", "match_sign_id": "sign_B_3"}, {"sign_id": "sign_A_5", "match_sign_id": " "}, {"sign_id": "sign_A_6", "match_sign_id": "sign_B_2"}, {"sign_id": "sign_A_6", "match_sign_id": "sign_B_1"}, {"sign_id": "sign_A_6", "match_sign_id": "sign_B_5"}, {"sign_id": "sign_A_6", "match_sign_id": "sign_B_3"}, {"sign_id": "sign_A_6", "match_sign_id": "sign_B_4"}, {"sign_id": "sign_A_7", "match_sign_id": " "}, {"sign_id": "sign_A_8", "match_sign_id": "sign_B_2"}, {"sign_id": "sign_A_8", "match_sign_id": "sign_B_5"}, {"sign_id": "sign_A_8", "match_sign_id": "sign_B_3"}, {"sign_id": "sign_A_8", "match_sign_id": "sign_B_4"}, {"sign_id": "sign_A_8", "match_sign_id": "sign_B_1"}, {"sign_id": "sign_A_9", "match_sign_id": "sign_B_5"}, {"sign_id": "sign_A_9", "match_sign_id": "sign_B_3"}, {"sign_id": "sign_A_9", "match_sign_id": "sign_B_2"}, {"sign_id": "sign_A_9", "match_sign_id": "sign_B_4"}, {"sign_id": "sign_A_9", "match_sign_id": "sign_B_1"}]}