{"group": [{"pic_list": ["18559810111500027362", "18559810111500027363", "18559810111500027364", "18559810111500027365", "18559810111500027366"], "seq_id": "A"}, {"pic_list": ["18558654090600022087", "18558654090600022088", "18558654090600022089", "18558654090600022090", "18558654090600022091", "18558654090600022092", "18558654090600022093"], "seq_id": "B"}], "signs": [{"pic_id": "18559810111500027363", "x": 493, "y": 362, "w": 15, "h": 14, "type": "201", "sign_id": "sign_A_1"}, {"pic_id": "18559810111500027364", "x": 555, "y": 372, "w": 17, "h": 16, "type": "201", "sign_id": "sign_A_2"}, {"pic_id": "18559810111500027365", "x": 578, "y": 366, "w": 18, "h": 18, "type": "201", "sign_id": "sign_A_3"}, {"pic_id": "18559810111500027366", "x": 572, "y": 359, "w": 20, "h": 21, "type": "201", "sign_id": "sign_A_4"}, {"pic_id": "18558654090600022090", "x": 677, "y": 367, "w": 16, "h": 15, "type": "201", "sign_id": "sign_B_1"}, {"pic_id": "18558654090600022091", "x": 689, "y": 361, "w": 16, "h": 17, "type": "201", "sign_id": "sign_B_2"}, {"pic_id": "18558654090600022092", "x": 676, "y": 353, "w": 20, "h": 20, "type": "201", "sign_id": "sign_B_3"}, {"pic_id": "18558654090600022093", "x": 677, "y": 341, "w": 24, "h": 25, "type": "201", "sign_id": "sign_B_4"}], "match": [{"sign_id": "sign_A_1", "match_sign_id": "sign_B_1"}, {"sign_id": "sign_A_1", "match_sign_id": "sign_B_2"}, {"sign_id": "sign_A_1", "match_sign_id": "sign_B_3"}, {"sign_id": "sign_A_1", "match_sign_id": "sign_B_4"}, {"sign_id": "sign_A_2", "match_sign_id": "sign_B_1"}, {"sign_id": "sign_A_2", "match_sign_id": "sign_B_2"}, {"sign_id": "sign_A_2", "match_sign_id": "sign_B_3"}, {"sign_id": "sign_A_2", "match_sign_id": "sign_B_4"}, {"sign_id": "sign_A_3", "match_sign_id": "sign_B_1"}, {"sign_id": "sign_A_3", "match_sign_id": "sign_B_2"}, {"sign_id": "sign_A_3", "match_sign_id": "sign_B_3"}, {"sign_id": "sign_A_3", "match_sign_id": "sign_B_4"}, {"sign_id": "sign_A_4", "match_sign_id": "sign_B_1"}, {"sign_id": "sign_A_4", "match_sign_id": "sign_B_2"}, {"sign_id": "sign_A_4", "match_sign_id": "sign_B_4"}, {"sign_id": "sign_A_4", "match_sign_id": "sign_B_3"}]}