{"group": [{"pic_list": ["19579597070900004811", "19579597070900004812", "19579597070900004813", "19579597070900004814", "19579597070900004815"], "seq_id": "A"}, {"pic_list": ["18559909112000009155", "18559909112000013852", "18559909112000013853", "18559909112000013854"], "seq_id": "B"}], "signs": [{"pic_id": "19579597070900004811", "x": 866, "y": 238, "w": 9, "h": 10, "type": "301", "sign_id": "sign_A_1"}, {"pic_id": "19579597070900004811", "x": 874, "y": 231, "w": 10, "h": 12, "type": "301", "sign_id": "sign_A_2"}, {"pic_id": "19579597070900004812", "x": 804, "y": 224, "w": 10, "h": 12, "type": "301", "sign_id": "sign_A_3"}, {"pic_id": "19579597070900004812", "x": 813, "y": 218, "w": 9, "h": 11, "type": "301", "sign_id": "sign_A_4"}, {"pic_id": "19579597070900004813", "x": 704, "y": 190, "w": 10, "h": 12, "type": "301", "sign_id": "sign_A_5"}, {"pic_id": "19579597070900004813", "x": 693, "y": 198, "w": 10, "h": 12, "type": "301", "sign_id": "sign_A_6"}, {"pic_id": "19579597070900004814", "x": 655, "y": 113, "w": 14, "h": 18, "type": "301", "sign_id": "sign_A_7"}, {"pic_id": "19579597070900004814", "x": 639, "y": 126, "w": 14, "h": 18, "type": "301", "sign_id": "sign_A_8"}, {"pic_id": "19579597070900004815", "x": 613, "y": 7, "w": 20, "h": 25, "type": "301", "sign_id": "sign_A_9"}, {"pic_id": "19579597070900004815", "x": 590, "y": 24, "w": 21, "h": 26, "type": "301", "sign_id": "sign_A_10"}, {"pic_id": "18559909112000009155", "x": 817, "y": 226, "w": 11, "h": 14, "type": "301", "sign_id": "sign_B_1"}, {"pic_id": "18559909112000013852", "x": 724, "y": 184, "w": 12, "h": 15, "type": "301", "sign_id": "sign_B_2"}, {"pic_id": "18559909112000013853", "x": 628, "y": 97, "w": 14, "h": 19, "type": "301", "sign_id": "sign_B_3"}], "match": [{"sign_id": "sign_A_1", "match_sign_id": "sign_B_3"}, {"sign_id": "sign_A_2", "match_sign_id": "sign_B_2"}, {"sign_id": "sign_A_2", "match_sign_id": "sign_B_3"}, {"sign_id": "sign_A_3", "match_sign_id": "sign_B_1"}, {"sign_id": "sign_A_4", "match_sign_id": "sign_B_2"}, {"sign_id": "sign_A_4", "match_sign_id": "sign_B_1"}, {"sign_id": "sign_A_5", "match_sign_id": "sign_B_3"}, {"sign_id": "sign_A_6", "match_sign_id": "sign_B_2"}, {"sign_id": "sign_A_7", "match_sign_id": "sign_B_3"}, {"sign_id": "sign_A_8", "match_sign_id": "sign_B_3"}, {"sign_id": "sign_A_9", "match_sign_id": "sign_B_3"}, {"sign_id": "sign_A_10", "match_sign_id": "sign_B_3"}, {"sign_id": "sign_A_1", "match_sign_id": "sign_B_1"}, {"sign_id": "sign_A_2", "match_sign_id": "sign_B_1"}, {"sign_id": "sign_A_6", "match_sign_id": "sign_B_1"}, {"sign_id": "sign_A_10", "match_sign_id": "sign_B_1"}, {"sign_id": "sign_A_5", "match_sign_id": "sign_B_1"}, {"sign_id": "sign_A_7", "match_sign_id": "sign_B_1"}, {"sign_id": "sign_A_1", "match_sign_id": "sign_B_2"}, {"sign_id": "sign_A_8", "match_sign_id": "sign_B_2"}, {"sign_id": "sign_A_10", "match_sign_id": "sign_B_2"}, {"sign_id": "sign_A_4", "match_sign_id": "sign_B_3"}, {"sign_id": "sign_A_3", "match_sign_id": "sign_B_3"}]}