{"group": [{"pic_list": ["20599448031200013600", "20599448031200013601", "20599448031200013602", "20599448031200013603"], "seq_id": "A"}, {"pic_list": ["18559018092800016264", "18559018092800016265", "18559018092800016266", "18559018092800016267"], "seq_id": "B"}], "signs": [{"pic_id": "20599448031200013600", "x": 702, "y": 545, "w": 13, "h": 19, "type": "301", "sign_id": "sign_A_1"}, {"pic_id": "20599448031200013601", "x": 686, "y": 479, "w": 17, "h": 23, "type": "301", "sign_id": "sign_A_2"}, {"pic_id": "20599448031200013602", "x": 605, "y": 186, "w": 30, "h": 40, "type": "301", "sign_id": "sign_A_3"}, {"pic_id": "20599448031200013603", "x": 561, "y": 667, "w": 30, "h": 31, "type": "103", "sign_id": "sign_A_4"}, {"pic_id": "18559018092800016267", "x": 478, "y": 302, "w": 21, "h": 21, "type": "103", "sign_id": "sign_B_1"}], "match": [{"sign_id": "sign_A_1", "match_sign_id": " "}, {"sign_id": "sign_A_2", "match_sign_id": " "}, {"sign_id": "sign_A_3", "match_sign_id": " "}, {"sign_id": "sign_A_4", "match_sign_id": "sign_B_1"}]}