{"group": [{"pic_list": ["20599563033100014627", "20599563033100013527", "20599563033100013528", "20599563033100013529"], "seq_id": "A"}, {"pic_list": ["18553415010400036724", "18553415010400036725"], "seq_id": "B"}], "signs": [{"pic_id": "20599563033100014627", "x": 963, "y": 416, "w": 17, "h": 17, "type": "106", "sign_id": "sign_A_1"}, {"pic_id": "20599563033100014627", "x": 186, "y": 328, "w": 12, "h": 15, "type": "301", "sign_id": "sign_A_2"}, {"pic_id": "20599563033100013527", "x": 1044, "y": 409, "w": 22, "h": 21, "type": "106", "sign_id": "sign_A_3"}, {"pic_id": "20599563033100013528", "x": 1140, "y": 391, "w": 30, "h": 27, "type": "106", "sign_id": "sign_A_4"}], "match": [{"sign_id": "sign_A_1", "match_sign_id": " "}, {"sign_id": "sign_A_2", "match_sign_id": " "}, {"sign_id": "sign_A_3", "match_sign_id": " "}, {"sign_id": "sign_A_4", "match_sign_id": " "}]}