{"group": [{"pic_list": ["19596716122600002865", "19596716122600002885", "19596716122600002886", "19596716122600002887", "19596716122600002888", "19596716122600002889", "19596716122600002890"], "seq_id": "A"}, {"pic_list": ["18558499082400008286", "18558499082400008287", "18558499082400008288", "18558499082400008289", "18558499082400012975"], "seq_id": "B"}], "signs": [{"pic_id": "19596716122600002885", "x": 87, "y": 397, "w": 11, "h": 13, "type": "301", "sign_id": "sign_A_1"}, {"pic_id": "19596716122600002885", "x": 450, "y": 424, "w": 7, "h": 8, "type": "301", "sign_id": "sign_A_2"}, {"pic_id": "19596716122600002886", "x": 429, "y": 409, "w": 7, "h": 9, "type": "301", "sign_id": "sign_A_3"}, {"pic_id": "19596716122600002887", "x": 391, "y": 397, "w": 9, "h": 10, "type": "301", "sign_id": "sign_A_4"}, {"pic_id": "19596716122600002888", "x": 340, "y": 374, "w": 11, "h": 13, "type": "301", "sign_id": "sign_A_5"}, {"pic_id": "19596716122600002889", "x": 233, "y": 328, "w": 14, "h": 16, "type": "301", "sign_id": "sign_A_6"}, {"pic_id": "19596716122600002890", "x": 88, "y": 260, "w": 18, "h": 19, "type": "301", "sign_id": "sign_A_7"}, {"pic_id": "18558499082400008286", "x": 511, "y": 232, "w": 8, "h": 9, "type": "301", "sign_id": "sign_B_1"}, {"pic_id": "18558499082400008287", "x": 464, "y": 207, "w": 8, "h": 10, "type": "301", "sign_id": "sign_B_2"}, {"pic_id": "18558499082400008288", "x": 400, "y": 176, "w": 10, "h": 11, "type": "301", "sign_id": "sign_B_3"}, {"pic_id": "18558499082400008289", "x": 301, "y": 127, "w": 14, "h": 15, "type": "301", "sign_id": "sign_B_4"}, {"pic_id": "18558499082400012975", "x": 148, "y": 51, "w": 18, "h": 19, "type": "301", "sign_id": "sign_B_5"}], "match": [{"sign_id": "sign_A_1", "match_sign_id": "sign_B_4"}, {"sign_id": "sign_A_1", "match_sign_id": "sign_B_3"}, {"sign_id": "sign_A_1", "match_sign_id": "sign_B_5"}, {"sign_id": "sign_A_1", "match_sign_id": "sign_B_2"}, {"sign_id": "sign_A_1", "match_sign_id": "sign_B_1"}, {"sign_id": "sign_A_2", "match_sign_id": "sign_B_2"}, {"sign_id": "sign_A_2", "match_sign_id": "sign_B_1"}, {"sign_id": "sign_A_2", "match_sign_id": "sign_B_5"}, {"sign_id": "sign_A_3", "match_sign_id": "sign_B_1"}, {"sign_id": "sign_A_3", "match_sign_id": "sign_B_2"}, {"sign_id": "sign_A_3", "match_sign_id": "sign_B_4"}, {"sign_id": "sign_A_3", "match_sign_id": "sign_B_5"}, {"sign_id": "sign_A_4", "match_sign_id": "sign_B_4"}, {"sign_id": "sign_A_4", "match_sign_id": "sign_B_5"}, {"sign_id": "sign_A_4", "match_sign_id": "sign_B_2"}, {"sign_id": "sign_A_4", "match_sign_id": "sign_B_1"}, {"sign_id": "sign_A_5", "match_sign_id": "sign_B_4"}, {"sign_id": "sign_A_5", "match_sign_id": "sign_B_5"}, {"sign_id": "sign_A_5", "match_sign_id": "sign_B_3"}, {"sign_id": "sign_A_5", "match_sign_id": "sign_B_2"}, {"sign_id": "sign_A_6", "match_sign_id": "sign_B_5"}, {"sign_id": "sign_A_6", "match_sign_id": "sign_B_4"}, {"sign_id": "sign_A_6", "match_sign_id": "sign_B_3"}, {"sign_id": "sign_A_6", "match_sign_id": "sign_B_1"}, {"sign_id": "sign_A_7", "match_sign_id": "sign_B_5"}, {"sign_id": "sign_A_7", "match_sign_id": "sign_B_4"}, {"sign_id": "sign_A_7", "match_sign_id": "sign_B_3"}, {"sign_id": "sign_A_5", "match_sign_id": "sign_B_1"}, {"sign_id": "sign_A_6", "match_sign_id": "sign_B_2"}, {"sign_id": "sign_A_4", "match_sign_id": "sign_B_3"}]}