{"group": [{"pic_list": ["19596801122700017466", "19596801122700017949", "19596801122700017950", "19596801122700017951"], "seq_id": "A"}, {"pic_list": ["18558931091900039069", "18558931091900039070", "18558931091900039071"], "seq_id": "B"}], "signs": [{"pic_id": "19596801122700017466", "x": 765, "y": 131, "w": 34, "h": 34, "type": "103", "sign_id": "sign_A_1"}, {"pic_id": "19596801122700017466", "x": 746, "y": 74, "w": 15, "h": 20, "type": "301", "sign_id": "sign_A_2"}, {"pic_id": "19596801122700017949", "x": 831, "y": 16, "w": 52, "h": 53, "type": "103", "sign_id": "sign_A_3"}, {"pic_id": "18558931091900039069", "x": 641, "y": 174, "w": 39, "h": 41, "type": "103", "sign_id": "sign_B_1"}, {"pic_id": "18558931091900039069", "x": 589, "y": 86, "w": 19, "h": 26, "type": "301", "sign_id": "sign_B_2"}, {"pic_id": "18558931091900039070", "x": 599, "y": 46, "w": 63, "h": 66, "type": "103", "sign_id": "sign_B_3"}], "match": [{"sign_id": "sign_A_1", "match_sign_id": "sign_B_3"}, {"sign_id": "sign_A_1", "match_sign_id": "sign_B_1"}, {"sign_id": "sign_A_2", "match_sign_id": "sign_B_2"}, {"sign_id": "sign_A_3", "match_sign_id": "sign_B_3"}, {"sign_id": "sign_A_3", "match_sign_id": "sign_B_1"}]}