{"group": [{"pic_list": ["19583687090900024711", "19583687090900024712", "19583687090900024713"], "seq_id": "A"}, {"pic_list": ["18553698011800026925", "18553698011800026926", "18553698011800026927"], "seq_id": "B"}], "signs": [{"pic_id": "19583687090900024711", "x": 513, "y": 448, "w": 14, "h": 17, "type": "301", "sign_id": "sign_A_1"}, {"pic_id": "19583687090900024711", "x": 492, "y": 432, "w": 15, "h": 17, "type": "301", "sign_id": "sign_A_2"}, {"pic_id": "19583687090900024712", "x": 231, "y": 320, "w": 20, "h": 24, "type": "301", "sign_id": "sign_A_3"}, {"pic_id": "19583687090900024712", "x": 180, "y": 281, "w": 23, "h": 28, "type": "301", "sign_id": "sign_A_4"}, {"pic_id": "18553698011800026925", "x": 248, "y": 303, "w": 12, "h": 13, "type": "301", "sign_id": "sign_B_1"}, {"pic_id": "18553698011800026925", "x": 275, "y": 315, "w": 11, "h": 13, "type": "301", "sign_id": "sign_B_2"}, {"pic_id": "18553698011800026926", "x": 96, "y": 237, "w": 19, "h": 20, "type": "301", "sign_id": "sign_B_3"}, {"pic_id": "18553698011800026926", "x": 31, "y": 206, "w": 21, "h": 23, "type": "301", "sign_id": "sign_B_4"}], "match": [{"sign_id": "sign_A_1", "match_sign_id": "sign_B_3"}, {"sign_id": "sign_A_1", "match_sign_id": "sign_B_2"}, {"sign_id": "sign_A_2", "match_sign_id": "sign_B_4"}, {"sign_id": "sign_A_2", "match_sign_id": "sign_B_1"}, {"sign_id": "sign_A_3", "match_sign_id": "sign_B_3"}, {"sign_id": "sign_A_3", "match_sign_id": "sign_B_1"}, {"sign_id": "sign_A_3", "match_sign_id": "sign_B_2"}, {"sign_id": "sign_A_4", "match_sign_id": "sign_B_4"}, {"sign_id": "sign_A_4", "match_sign_id": "sign_B_1"}]}