{"group": [{"pic_list": ["19581607080700000260", "19581607080700000261", "19581607080700000262", "19581607080700000263"], "seq_id": "A"}, {"pic_list": ["18558619090300000188", "18558619090300000189", "18558619090300000190", "18558619090300000191"], "seq_id": "B"}], "signs": [{"pic_id": "19581607080700000260", "x": 1027, "y": 361, "w": 7, "h": 10, "type": "301", "sign_id": "sign_A_1"}, {"pic_id": "19581607080700000261", "x": 963, "y": 359, "w": 9, "h": 11, "type": "301", "sign_id": "sign_A_2"}, {"pic_id": "19581607080700000262", "x": 1208, "y": 258, "w": 20, "h": 24, "type": "301", "sign_id": "sign_A_3"}, {"pic_id": "19581607080700000262", "x": 563, "y": 337, "w": 9, "h": 12, "type": "301", "sign_id": "sign_A_4"}, {"pic_id": "19581607080700000263", "x": 987, "y": 218, "w": 21, "h": 28, "type": "301", "sign_id": "sign_A_5"}, {"pic_id": "19581607080700000263", "x": 230, "y": 306, "w": 12, "h": 15, "type": "301", "sign_id": "sign_A_6"}, {"pic_id": "18558619090300000188", "x": 1038, "y": 400, "w": 8, "h": 10, "type": "301", "sign_id": "sign_B_1"}, {"pic_id": "18558619090300000189", "x": 971, "y": 398, "w": 9, "h": 11, "type": "301", "sign_id": "sign_B_2"}, {"pic_id": "18558619090300000190", "x": 567, "y": 385, "w": 10, "h": 13, "type": "301", "sign_id": "sign_B_3"}, {"pic_id": "18558619090300000191", "x": 306, "y": 360, "w": 11, "h": 14, "type": "301", "sign_id": "sign_B_4"}, {"pic_id": "18558619090300000191", "x": 916, "y": 295, "w": 17, "h": 22, "type": "301", "sign_id": "sign_B_5"}], "match": [{"sign_id": "sign_A_1", "match_sign_id": "sign_B_1"}, {"sign_id": "sign_A_1", "match_sign_id": "sign_B_2"}, {"sign_id": "sign_A_1", "match_sign_id": "sign_B_5"}, {"sign_id": "sign_A_1", "match_sign_id": "sign_B_3"}, {"sign_id": "sign_A_2", "match_sign_id": "sign_B_1"}, {"sign_id": "sign_A_2", "match_sign_id": "sign_B_2"}, {"sign_id": "sign_A_2", "match_sign_id": "sign_B_3"}, {"sign_id": "sign_A_2", "match_sign_id": "sign_B_5"}, {"sign_id": "sign_A_3", "match_sign_id": "sign_B_5"}, {"sign_id": "sign_A_3", "match_sign_id": "sign_B_1"}, {"sign_id": "sign_A_3", "match_sign_id": "sign_B_3"}, {"sign_id": "sign_A_4", "match_sign_id": "sign_B_2"}, {"sign_id": "sign_A_4", "match_sign_id": "sign_B_1"}, {"sign_id": "sign_A_4", "match_sign_id": "sign_B_3"}, {"sign_id": "sign_A_4", "match_sign_id": "sign_B_4"}, {"sign_id": "sign_A_5", "match_sign_id": "sign_B_5"}, {"sign_id": "sign_A_6", "match_sign_id": "sign_B_2"}, {"sign_id": "sign_A_6", "match_sign_id": "sign_B_1"}, {"sign_id": "sign_A_6", "match_sign_id": "sign_B_3"}, {"sign_id": "sign_A_6", "match_sign_id": "sign_B_4"}]}