{"group": [{"pic_list": ["19590844111500001941", "19590844111500002092", "19590844111500002093"], "seq_id": "A"}, {"pic_list": ["18558912091900005737", "18558912091900005738"], "seq_id": "B"}], "signs": [{"pic_id": "19590844111500001941", "x": 657, "y": 133, "w": 12, "h": 16, "type": "301", "sign_id": "sign_A_1"}, {"pic_id": "19590844111500002092", "x": 672, "y": 28, "w": 18, "h": 25, "type": "301", "sign_id": "sign_A_2"}, {"pic_id": "18558912091900005737", "x": 1102, "y": 172, "w": 25, "h": 27, "type": "301", "sign_id": "sign_B_1"}, {"pic_id": "18558912091900005737", "x": 657, "y": 234, "w": 11, "h": 15, "type": "301", "sign_id": "sign_B_2"}, {"pic_id": "18558912091900005737", "x": 1172, "y": 133, "w": 29, "h": 28, "type": "301", "sign_id": "sign_B_3"}, {"pic_id": "18558912091900005738", "x": 667, "y": 147, "w": 15, "h": 20, "type": "301", "sign_id": "sign_B_4"}], "match": [{"sign_id": "sign_A_1", "match_sign_id": "sign_B_2"}, {"sign_id": "sign_A_1", "match_sign_id": "sign_B_4"}, {"sign_id": "sign_A_2", "match_sign_id": "sign_B_2"}, {"sign_id": "sign_A_2", "match_sign_id": "sign_B_4"}]}