{"group": [{"pic_list": ["19582112081300016741", "19582112081300016873", "19582112081300016874"], "seq_id": "A"}, {"pic_list": ["18558423081700017507", "18558423081700017508"], "seq_id": "B"}], "signs": [{"pic_id": "19582112081300016741", "x": 994, "y": 343, "w": 26, "h": 25, "type": "106", "sign_id": "sign_A_1"}, {"pic_id": "19582112081300016741", "x": 1014, "y": 311, "w": 10, "h": 14, "type": "301", "sign_id": "sign_A_2"}, {"pic_id": "19582112081300016741", "x": 428, "y": 369, "w": 5, "h": 6, "type": "301", "sign_id": "sign_A_3"}, {"pic_id": "19582112081300016873", "x": 837, "y": 314, "w": 19, "h": 18, "type": "106", "sign_id": "sign_A_4"}, {"pic_id": "19582112081300016873", "x": 395, "y": 364, "w": 5, "h": 6, "type": "301", "sign_id": "sign_A_5"}, {"pic_id": "19582112081300016874", "x": 924, "y": 283, "w": 26, "h": 25, "type": "106", "sign_id": "sign_A_6"}, {"pic_id": "19582112081300016874", "x": 746, "y": 368, "w": 5, "h": 7, "type": "301", "sign_id": "sign_A_7"}, {"pic_id": "19582112081300016874", "x": 347, "y": 364, "w": 6, "h": 7, "type": "301", "sign_id": "sign_A_8"}, {"pic_id": "18558423081700017507", "x": 997, "y": 245, "w": 51, "h": 51, "type": "106", "sign_id": "sign_B_1"}, {"pic_id": "18558423081700017507", "x": 867, "y": 255, "w": 13, "h": 18, "type": "301", "sign_id": "sign_B_2"}, {"pic_id": "18558423081700017508", "x": 1160, "y": 73, "w": 32, "h": 40, "type": "301", "sign_id": "sign_B_3"}, {"pic_id": "18558423081700017508", "x": 357, "y": 366, "w": 5, "h": 6, "type": "301", "sign_id": "sign_B_4"}], "match": [{"sign_id": "sign_A_1", "match_sign_id": "sign_B_1"}, {"sign_id": "sign_A_2", "match_sign_id": "sign_B_2"}, {"sign_id": "sign_A_2", "match_sign_id": "sign_B_3"}, {"sign_id": "sign_A_3", "match_sign_id": "sign_B_4"}, {"sign_id": "sign_A_4", "match_sign_id": "sign_B_1"}, {"sign_id": "sign_A_5", "match_sign_id": "sign_B_4"}, {"sign_id": "sign_A_5", "match_sign_id": "sign_B_2"}, {"sign_id": "sign_A_6", "match_sign_id": "sign_B_1"}, {"sign_id": "sign_A_7", "match_sign_id": "sign_B_4"}, {"sign_id": "sign_A_7", "match_sign_id": "sign_B_2"}, {"sign_id": "sign_A_8", "match_sign_id": "sign_B_4"}, {"sign_id": "sign_A_8", "match_sign_id": "sign_B_2"}]}