{"group": [{"pic_list": ["20599538032700032767", "20599538032700032768", "20599538032700032769", "20599538032700032770", "20599538032700032771", "20599538032700032772"], "seq_id": "A"}, {"pic_list": ["18557417070900038988", "18557417070900038989", "18557417070900038990", "18557417070900038991", "18557417070900038992"], "seq_id": "B"}], "signs": [{"pic_id": "20599538032700032767", "x": 881, "y": 529, "w": 13, "h": 16, "type": "301", "sign_id": "sign_A_1"}, {"pic_id": "20599538032700032768", "x": 935, "y": 472, "w": 16, "h": 21, "type": "301", "sign_id": "sign_A_2"}, {"pic_id": "20599538032700032769", "x": 1027, "y": 383, "w": 22, "h": 29, "type": "301", "sign_id": "sign_A_3"}, {"pic_id": "20599538032700032770", "x": 1203, "y": 171, "w": 35, "h": 45, "type": "301", "sign_id": "sign_A_4"}, {"pic_id": "18557417070900038988", "x": 638, "y": 459, "w": 6, "h": 8, "type": "301", "sign_id": "sign_B_1"}, {"pic_id": "18557417070900038989", "x": 676, "y": 438, "w": 7, "h": 10, "type": "301", "sign_id": "sign_B_2"}, {"pic_id": "18557417070900038990", "x": 719, "y": 398, "w": 10, "h": 14, "type": "301", "sign_id": "sign_B_3"}, {"pic_id": "18557417070900038991", "x": 806, "y": 316, "w": 16, "h": 21, "type": "301", "sign_id": "sign_B_4"}], "match": [{"sign_id": "sign_A_1", "match_sign_id": "sign_B_2"}, {"sign_id": "sign_A_1", "match_sign_id": "sign_B_3"}, {"sign_id": "sign_A_1", "match_sign_id": "sign_B_1"}, {"sign_id": "sign_A_1", "match_sign_id": "sign_B_4"}, {"sign_id": "sign_A_2", "match_sign_id": "sign_B_3"}, {"sign_id": "sign_A_2", "match_sign_id": "sign_B_2"}, {"sign_id": "sign_A_2", "match_sign_id": "sign_B_4"}, {"sign_id": "sign_A_2", "match_sign_id": "sign_B_1"}, {"sign_id": "sign_A_3", "match_sign_id": "sign_B_3"}, {"sign_id": "sign_A_3", "match_sign_id": "sign_B_4"}, {"sign_id": "sign_A_3", "match_sign_id": "sign_B_2"}, {"sign_id": "sign_A_3", "match_sign_id": "sign_B_1"}, {"sign_id": "sign_A_4", "match_sign_id": "sign_B_4"}, {"sign_id": "sign_A_4", "match_sign_id": "sign_B_3"}, {"sign_id": "sign_A_4", "match_sign_id": "sign_B_2"}, {"sign_id": "sign_A_4", "match_sign_id": "sign_B_1"}]}