{"group": [{"pic_list": ["20599558033000010445", "20599558033000010446", "20599558033000010447", "20599558033000010448", "20599558033000010449", "20599558033000010227"], "seq_id": "A"}, {"pic_list": ["18558167073000034779", "18558167073000034780", "18558167073000034781"], "seq_id": "B"}], "signs": [{"pic_id": "20599558033000010446", "x": 570, "y": 313, "w": 13, "h": 14, "type": "104", "sign_id": "sign_A_1"}, {"pic_id": "20599558033000010446", "x": 760, "y": 326, "w": 10, "h": 12, "type": "301", "sign_id": "sign_A_2"}, {"pic_id": "20599558033000010447", "x": 558, "y": 296, "w": 16, "h": 17, "type": "104", "sign_id": "sign_A_3"}, {"pic_id": "20599558033000010448", "x": 558, "y": 278, "w": 17, "h": 18, "type": "104", "sign_id": "sign_A_4"}, {"pic_id": "20599558033000010448", "x": 862, "y": 270, "w": 15, "h": 18, "type": "301", "sign_id": "sign_A_5"}, {"pic_id": "20599558033000010449", "x": 408, "y": 247, "w": 22, "h": 23, "type": "104", "sign_id": "sign_A_6"}, {"pic_id": "20599558033000010449", "x": 802, "y": 220, "w": 18, "h": 24, "type": "301", "sign_id": "sign_A_7"}, {"pic_id": "20599558033000010227", "x": 465, "y": 161, "w": 23, "h": 30, "type": "301", "sign_id": "sign_A_8"}, {"pic_id": "18558167073000034779", "x": 741, "y": 446, "w": 12, "h": 13, "type": "104", "sign_id": "sign_B_1"}, {"pic_id": "18558167073000034780", "x": 766, "y": 425, "w": 15, "h": 16, "type": "104", "sign_id": "sign_B_2"}, {"pic_id": "18558167073000034781", "x": 1114, "y": 369, "w": 25, "h": 24, "type": "104", "sign_id": "sign_B_3"}], "match": [{"sign_id": "sign_A_1", "match_sign_id": "sign_B_1"}, {"sign_id": "sign_A_1", "match_sign_id": "sign_B_3"}, {"sign_id": "sign_A_1", "match_sign_id": "sign_B_2"}, {"sign_id": "sign_A_3", "match_sign_id": "sign_B_3"}, {"sign_id": "sign_A_3", "match_sign_id": "sign_B_2"}, {"sign_id": "sign_A_3", "match_sign_id": "sign_B_1"}, {"sign_id": "sign_A_4", "match_sign_id": "sign_B_3"}, {"sign_id": "sign_A_4", "match_sign_id": "sign_B_1"}, {"sign_id": "sign_A_4", "match_sign_id": "sign_B_2"}, {"sign_id": "sign_A_5", "match_sign_id": " "}, {"sign_id": "sign_A_6", "match_sign_id": "sign_B_3"}, {"sign_id": "sign_A_6", "match_sign_id": "sign_B_2"}, {"sign_id": "sign_A_6", "match_sign_id": "sign_B_1"}, {"sign_id": "sign_A_7", "match_sign_id": " "}, {"sign_id": "sign_A_8", "match_sign_id": " "}]}