{"group": [{"pic_list": ["19582112081300015847", "19582112081300015848", "19582112081300015849", "19582112081300015850", "19582112081300015851", "19582112081300015852", "19582112081300015853", "19582112081300015769"], "seq_id": "A"}, {"pic_list": ["18558423081700018044", "18558423081700018045", "18558423081700018046", "18558423081700018047", "18558423081700018048", "18558423081700018049", "18558423081700018050", "18558423081700018051", "18558423081700018052"], "seq_id": "B"}], "signs": [{"pic_id": "19582112081300015849", "x": 715, "y": 284, "w": 8, "h": 11, "type": "301", "sign_id": "sign_A_1"}, {"pic_id": "19582112081300015850", "x": 719, "y": 349, "w": 14, "h": 13, "type": "104", "sign_id": "sign_A_2"}, {"pic_id": "19582112081300015850", "x": 783, "y": 229, "w": 12, "h": 17, "type": "301", "sign_id": "sign_A_3"}, {"pic_id": "19582112081300015851", "x": 728, "y": 347, "w": 16, "h": 16, "type": "104", "sign_id": "sign_A_4"}, {"pic_id": "19582112081300015851", "x": 920, "y": 97, "w": 21, "h": 29, "type": "301", "sign_id": "sign_A_5"}, {"pic_id": "19582112081300015852", "x": 729, "y": 323, "w": 20, "h": 20, "type": "104", "sign_id": "sign_A_6"}, {"pic_id": "19582112081300015853", "x": 743, "y": 307, "w": 25, "h": 25, "type": "104", "sign_id": "sign_A_7"}, {"pic_id": "19582112081300015769", "x": 791, "y": 263, "w": 37, "h": 36, "type": "104", "sign_id": "sign_A_8"}, {"pic_id": "18558423081700018048", "x": 624, "y": 347, "w": 11, "h": 11, "type": "104", "sign_id": "sign_B_1"}, {"pic_id": "18558423081700018049", "x": 675, "y": 345, "w": 13, "h": 13, "type": "104", "sign_id": "sign_B_2"}, {"pic_id": "18558423081700018049", "x": 758, "y": 224, "w": 12, "h": 17, "type": "301", "sign_id": "sign_B_3"}, {"pic_id": "18558423081700018050", "x": 700, "y": 341, "w": 15, "h": 15, "type": "104", "sign_id": "sign_B_4"}, {"pic_id": "18558423081700018050", "x": 875, "y": 117, "w": 19, "h": 26, "type": "301", "sign_id": "sign_B_5"}, {"pic_id": "18558423081700018051", "x": 713, "y": 326, "w": 19, "h": 18, "type": "104", "sign_id": "sign_B_6"}, {"pic_id": "18558423081700018052", "x": 729, "y": 305, "w": 23, "h": 23, "type": "104", "sign_id": "sign_B_7"}], "match": [{"sign_id": "sign_A_1", "match_sign_id": "sign_B_3"}, {"sign_id": "sign_A_1", "match_sign_id": "sign_B_5"}, {"sign_id": "sign_A_2", "match_sign_id": "sign_B_6"}, {"sign_id": "sign_A_2", "match_sign_id": "sign_B_7"}, {"sign_id": "sign_A_2", "match_sign_id": "sign_B_2"}, {"sign_id": "sign_A_2", "match_sign_id": "sign_B_4"}, {"sign_id": "sign_A_2", "match_sign_id": "sign_B_1"}, {"sign_id": "sign_A_3", "match_sign_id": "sign_B_3"}, {"sign_id": "sign_A_3", "match_sign_id": "sign_B_5"}, {"sign_id": "sign_A_4", "match_sign_id": "sign_B_6"}, {"sign_id": "sign_A_4", "match_sign_id": "sign_B_7"}, {"sign_id": "sign_A_4", "match_sign_id": "sign_B_4"}, {"sign_id": "sign_A_4", "match_sign_id": "sign_B_2"}, {"sign_id": "sign_A_4", "match_sign_id": "sign_B_1"}, {"sign_id": "sign_A_5", "match_sign_id": "sign_B_5"}, {"sign_id": "sign_A_5", "match_sign_id": "sign_B_3"}, {"sign_id": "sign_A_6", "match_sign_id": "sign_B_6"}, {"sign_id": "sign_A_6", "match_sign_id": "sign_B_7"}, {"sign_id": "sign_A_6", "match_sign_id": "sign_B_4"}, {"sign_id": "sign_A_6", "match_sign_id": "sign_B_2"}, {"sign_id": "sign_A_6", "match_sign_id": "sign_B_1"}, {"sign_id": "sign_A_7", "match_sign_id": "sign_B_6"}, {"sign_id": "sign_A_7", "match_sign_id": "sign_B_7"}, {"sign_id": "sign_A_7", "match_sign_id": "sign_B_4"}, {"sign_id": "sign_A_7", "match_sign_id": "sign_B_2"}, {"sign_id": "sign_A_7", "match_sign_id": "sign_B_1"}, {"sign_id": "sign_A_8", "match_sign_id": "sign_B_6"}, {"sign_id": "sign_A_8", "match_sign_id": "sign_B_7"}, {"sign_id": "sign_A_8", "match_sign_id": "sign_B_4"}, {"sign_id": "sign_A_8", "match_sign_id": "sign_B_2"}, {"sign_id": "sign_A_8", "match_sign_id": "sign_B_1"}]}