{"group": [{"pic_list": ["19596878122700000476", "19596878122700000477", "19596878122700000478", "19596878122700000479", "19596878122700000480"], "seq_id": "A"}, {"pic_list": ["18558880091700040123", "18558880091700040124", "18558880091700040125", "18558880091700040126", "18558880091700040127", "18558880091700040128", "18558880091700040129"], "seq_id": "B"}], "signs": [{"pic_id": "19596878122700000476", "x": 621, "y": 386, "w": 16, "h": 15, "type": "103", "sign_id": "sign_A_1"}, {"pic_id": "19596878122700000476", "x": 299, "y": 288, "w": 11, "h": 15, "type": "301", "sign_id": "sign_A_2"}, {"pic_id": "19596878122700000476", "x": 530, "y": 378, "w": 6, "h": 7, "type": "301", "sign_id": "sign_A_3"}, {"pic_id": "19596878122700000477", "x": 633, "y": 397, "w": 18, "h": 18, "type": "103", "sign_id": "sign_A_4"}, {"pic_id": "19596878122700000477", "x": 183, "y": 239, "w": 16, "h": 20, "type": "301", "sign_id": "sign_A_5"}, {"pic_id": "19596878122700000477", "x": 528, "y": 393, "w": 6, "h": 7, "type": "301", "sign_id": "sign_A_6"}, {"pic_id": "19596878122700000478", "x": 677, "y": 387, "w": 23, "h": 23, "type": "103", "sign_id": "sign_A_7"}, {"pic_id": "19596878122700000478", "x": 549, "y": 386, "w": 6, "h": 8, "type": "301", "sign_id": "sign_A_8"}, {"pic_id": "19596878122700000479", "x": 731, "y": 325, "w": 34, "h": 32, "type": "103", "sign_id": "sign_A_9"}, {"pic_id": "19596878122700000479", "x": 559, "y": 349, "w": 7, "h": 10, "type": "301", "sign_id": "sign_A_10"}, {"pic_id": "19596878122700000480", "x": 852, "y": 212, "w": 63, "h": 59, "type": "103", "sign_id": "sign_A_11"}, {"pic_id": "19596878122700000480", "x": 556, "y": 325, "w": 8, "h": 11, "type": "301", "sign_id": "sign_A_12"}, {"pic_id": "18558880091700040123", "x": 520, "y": 312, "w": 14, "h": 14, "type": "103", "sign_id": "sign_B_1"}, {"pic_id": "18558880091700040123", "x": 270, "y": 218, "w": 10, "h": 13, "type": "301", "sign_id": "sign_B_2"}, {"pic_id": "18558880091700040124", "x": 663, "y": 347, "w": 16, "h": 16, "type": "103", "sign_id": "sign_B_3"}, {"pic_id": "18558880091700040124", "x": 366, "y": 227, "w": 12, "h": 16, "type": "301", "sign_id": "sign_B_4"}, {"pic_id": "18558880091700040125", "x": 708, "y": 368, "w": 19, "h": 18, "type": "103", "sign_id": "sign_B_5"}, {"pic_id": "18558880091700040125", "x": 316, "y": 182, "w": 16, "h": 21, "type": "301", "sign_id": "sign_B_6"}, {"pic_id": "18558880091700040126", "x": 772, "y": 356, "w": 22, "h": 22, "type": "103", "sign_id": "sign_B_7"}, {"pic_id": "18558880091700040126", "x": 197, "y": 12, "w": 28, "h": 35, "type": "301", "sign_id": "sign_B_8"}, {"pic_id": "18558880091700040127", "x": 846, "y": 320, "w": 30, "h": 29, "type": "103", "sign_id": "sign_B_9"}, {"pic_id": "18558880091700040128", "x": 992, "y": 259, "w": 47, "h": 45, "type": "103", "sign_id": "sign_B_10"}], "match": [{"sign_id": "sign_A_1", "match_sign_id": "sign_B_1"}, {"sign_id": "sign_A_1", "match_sign_id": "sign_B_7"}, {"sign_id": "sign_A_1", "match_sign_id": "sign_B_9"}, {"sign_id": "sign_A_1", "match_sign_id": "sign_B_3"}, {"sign_id": "sign_A_1", "match_sign_id": "sign_B_5"}, {"sign_id": "sign_A_1", "match_sign_id": "sign_B_10"}, {"sign_id": "sign_A_2", "match_sign_id": "sign_B_2"}, {"sign_id": "sign_A_2", "match_sign_id": "sign_B_4"}, {"sign_id": "sign_A_2", "match_sign_id": "sign_B_6"}, {"sign_id": "sign_A_2", "match_sign_id": "sign_B_8"}, {"sign_id": "sign_A_4", "match_sign_id": "sign_B_9"}, {"sign_id": "sign_A_4", "match_sign_id": "sign_B_7"}, {"sign_id": "sign_A_4", "match_sign_id": "sign_B_1"}, {"sign_id": "sign_A_4", "match_sign_id": "sign_B_3"}, {"sign_id": "sign_A_4", "match_sign_id": "sign_B_5"}, {"sign_id": "sign_A_4", "match_sign_id": "sign_B_10"}, {"sign_id": "sign_A_5", "match_sign_id": "sign_B_6"}, {"sign_id": "sign_A_5", "match_sign_id": "sign_B_4"}, {"sign_id": "sign_A_5", "match_sign_id": "sign_B_8"}, {"sign_id": "sign_A_5", "match_sign_id": "sign_B_2"}, {"sign_id": "sign_A_6", "match_sign_id": "sign_B_2"}, {"sign_id": "sign_A_7", "match_sign_id": "sign_B_9"}, {"sign_id": "sign_A_7", "match_sign_id": "sign_B_7"}, {"sign_id": "sign_A_7", "match_sign_id": "sign_B_10"}, {"sign_id": "sign_A_7", "match_sign_id": "sign_B_1"}, {"sign_id": "sign_A_7", "match_sign_id": "sign_B_3"}, {"sign_id": "sign_A_7", "match_sign_id": "sign_B_5"}, {"sign_id": "sign_A_8", "match_sign_id": "sign_B_2"}, {"sign_id": "sign_A_8", "match_sign_id": "sign_B_4"}, {"sign_id": "sign_A_8", "match_sign_id": "sign_B_6"}, {"sign_id": "sign_A_9", "match_sign_id": "sign_B_9"}, {"sign_id": "sign_A_9", "match_sign_id": "sign_B_7"}, {"sign_id": "sign_A_9", "match_sign_id": "sign_B_10"}, {"sign_id": "sign_A_9", "match_sign_id": "sign_B_1"}, {"sign_id": "sign_A_9", "match_sign_id": "sign_B_5"}, {"sign_id": "sign_A_9", "match_sign_id": "sign_B_3"}, {"sign_id": "sign_A_10", "match_sign_id": "sign_B_2"}, {"sign_id": "sign_A_10", "match_sign_id": "sign_B_4"}, {"sign_id": "sign_A_10", "match_sign_id": "sign_B_6"}, {"sign_id": "sign_A_11", "match_sign_id": "sign_B_9"}, {"sign_id": "sign_A_11", "match_sign_id": "sign_B_7"}, {"sign_id": "sign_A_11", "match_sign_id": "sign_B_10"}, {"sign_id": "sign_A_11", "match_sign_id": "sign_B_5"}, {"sign_id": "sign_A_11", "match_sign_id": "sign_B_1"}, {"sign_id": "sign_A_11", "match_sign_id": "sign_B_3"}, {"sign_id": "sign_A_12", "match_sign_id": "sign_B_2"}, {"sign_id": "sign_A_12", "match_sign_id": "sign_B_4"}, {"sign_id": "sign_A_12", "match_sign_id": "sign_B_6"}]}