{"group": [{"pic_list": ["19578121061800015723", "19578121061800015724", "19578121061800015720"], "seq_id": "A"}, {"pic_list": ["18557820071800014451", "18557820071800014452", "18557820071800014453", "18557820071800014454", "18557820071800014455"], "seq_id": "B"}], "signs": [{"pic_id": "19578121061800015723", "x": 1253, "y": 202, "w": 15, "h": 19, "type": "301", "sign_id": "sign_A_1"}, {"pic_id": "19578121061800015723", "x": 324, "y": 256, "w": 9, "h": 12, "type": "301", "sign_id": "sign_A_2"}, {"pic_id": "19578121061800015724", "x": 1072, "y": 125, "w": 19, "h": 25, "type": "301", "sign_id": "sign_A_3"}, {"pic_id": "19578121061800015724", "x": 1196, "y": 23, "w": 24, "h": 31, "type": "301", "sign_id": "sign_A_4"}, {"pic_id": "18557820071800014451", "x": 568, "y": 350, "w": 8, "h": 11, "type": "301", "sign_id": "sign_B_1"}, {"pic_id": "18557820071800014452", "x": 341, "y": 325, "w": 9, "h": 12, "type": "301", "sign_id": "sign_B_2"}, {"pic_id": "18557820071800014453", "x": 81, "y": 297, "w": 11, "h": 15, "type": "301", "sign_id": "sign_B_3"}], "match": [{"sign_id": "sign_A_1", "match_sign_id": " "}, {"sign_id": "sign_A_2", "match_sign_id": "sign_B_3"}, {"sign_id": "sign_A_2", "match_sign_id": "sign_B_2"}, {"sign_id": "sign_A_2", "match_sign_id": "sign_B_1"}, {"sign_id": "sign_A_3", "match_sign_id": " "}, {"sign_id": "sign_A_4", "match_sign_id": "sign_B_3"}, {"sign_id": "sign_A_4", "match_sign_id": "sign_B_2"}, {"sign_id": "sign_A_4", "match_sign_id": "sign_B_1"}]}