{"group": [{"pic_list": ["20599479032000025436", "20599479032000025753", "20599479032000025754", "20599479032000025755", "20599479032000025756"], "seq_id": "A"}, {"pic_list": ["18558035073000016655", "18558035073000016656", "18558035073000016657", "18558035073000016658", "18558035073000016659"], "seq_id": "B"}], "signs": [{"pic_id": "20599479032000025436", "x": 604, "y": 290, "w": 18, "h": 19, "type": "104", "sign_id": "sign_A_1"}, {"pic_id": "20599479032000025436", "x": 502, "y": 314, "w": 7, "h": 9, "type": "301", "sign_id": "sign_A_2"}, {"pic_id": "20599479032000025753", "x": 730, "y": 277, "w": 21, "h": 22, "type": "104", "sign_id": "sign_A_3"}, {"pic_id": "20599479032000025753", "x": 609, "y": 309, "w": 8, "h": 10, "type": "301", "sign_id": "sign_A_4"}, {"pic_id": "20599479032000025753", "x": 5, "y": 292, "w": 10, "h": 12, "type": "301", "sign_id": "sign_A_5"}, {"pic_id": "20599479032000025754", "x": 758, "y": 228, "w": 28, "h": 28, "type": "104", "sign_id": "sign_A_6"}, {"pic_id": "20599479032000025754", "x": 602, "y": 278, "w": 10, "h": 13, "type": "301", "sign_id": "sign_A_7"}, {"pic_id": "20599479032000025755", "x": 767, "y": 162, "w": 40, "h": 41, "type": "104", "sign_id": "sign_A_8"}, {"pic_id": "20599479032000025755", "x": 556, "y": 249, "w": 12, "h": 16, "type": "301", "sign_id": "sign_A_9"}, {"pic_id": "20599479032000025756", "x": 879, "y": 0, "w": 72, "h": 44, "type": "104", "sign_id": "sign_A_10"}, {"pic_id": "20599479032000025756", "x": 534, "y": 180, "w": 17, "h": 23, "type": "301", "sign_id": "sign_A_11"}, {"pic_id": "18558035073000016655", "x": 697, "y": 408, "w": 17, "h": 19, "type": "104", "sign_id": "sign_B_1"}, {"pic_id": "18558035073000016655", "x": 593, "y": 433, "w": 7, "h": 9, "type": "301", "sign_id": "sign_B_2"}, {"pic_id": "18558035073000016656", "x": 785, "y": 397, "w": 21, "h": 21, "type": "104", "sign_id": "sign_B_3"}, {"pic_id": "18558035073000016656", "x": 666, "y": 427, "w": 7, "h": 10, "type": "301", "sign_id": "sign_B_4"}, {"pic_id": "18558035073000016656", "x": 118, "y": 421, "w": 9, "h": 11, "type": "301", "sign_id": "sign_B_5"}, {"pic_id": "18558035073000016657", "x": 815, "y": 375, "w": 24, "h": 24, "type": "104", "sign_id": "sign_B_6"}, {"pic_id": "18558035073000016657", "x": 674, "y": 416, "w": 8, "h": 11, "type": "301", "sign_id": "sign_B_7"}, {"pic_id": "18558035073000016658", "x": 858, "y": 340, "w": 31, "h": 30, "type": "104", "sign_id": "sign_B_8"}, {"pic_id": "18558035073000016658", "x": 680, "y": 399, "w": 10, "h": 13, "type": "301", "sign_id": "sign_B_9"}, {"pic_id": "18558035073000016659", "x": 935, "y": 259, "w": 43, "h": 41, "type": "104", "sign_id": "sign_B_10"}, {"pic_id": "18558035073000016659", "x": 686, "y": 357, "w": 12, "h": 16, "type": "301", "sign_id": "sign_B_11"}], "match": [{"sign_id": "sign_A_1", "match_sign_id": "sign_B_1"}, {"sign_id": "sign_A_1", "match_sign_id": "sign_B_3"}, {"sign_id": "sign_A_1", "match_sign_id": "sign_B_6"}, {"sign_id": "sign_A_1", "match_sign_id": "sign_B_10"}, {"sign_id": "sign_A_1", "match_sign_id": "sign_B_8"}, {"sign_id": "sign_A_2", "match_sign_id": "sign_B_2"}, {"sign_id": "sign_A_2", "match_sign_id": "sign_B_7"}, {"sign_id": "sign_A_2", "match_sign_id": "sign_B_9"}, {"sign_id": "sign_A_2", "match_sign_id": "sign_B_4"}, {"sign_id": "sign_A_2", "match_sign_id": "sign_B_11"}, {"sign_id": "sign_A_3", "match_sign_id": "sign_B_1"}, {"sign_id": "sign_A_3", "match_sign_id": "sign_B_6"}, {"sign_id": "sign_A_3", "match_sign_id": "sign_B_3"}, {"sign_id": "sign_A_3", "match_sign_id": "sign_B_10"}, {"sign_id": "sign_A_3", "match_sign_id": "sign_B_8"}, {"sign_id": "sign_A_4", "match_sign_id": "sign_B_9"}, {"sign_id": "sign_A_4", "match_sign_id": "sign_B_7"}, {"sign_id": "sign_A_4", "match_sign_id": "sign_B_11"}, {"sign_id": "sign_A_4", "match_sign_id": "sign_B_4"}, {"sign_id": "sign_A_4", "match_sign_id": "sign_B_2"}, {"sign_id": "sign_A_5", "match_sign_id": "sign_B_5"}, {"sign_id": "sign_A_6", "match_sign_id": "sign_B_6"}, {"sign_id": "sign_A_6", "match_sign_id": "sign_B_10"}, {"sign_id": "sign_A_6", "match_sign_id": "sign_B_3"}, {"sign_id": "sign_A_6", "match_sign_id": "sign_B_1"}, {"sign_id": "sign_A_6", "match_sign_id": "sign_B_8"}, {"sign_id": "sign_A_7", "match_sign_id": "sign_B_11"}, {"sign_id": "sign_A_7", "match_sign_id": "sign_B_9"}, {"sign_id": "sign_A_7", "match_sign_id": "sign_B_7"}, {"sign_id": "sign_A_7", "match_sign_id": "sign_B_4"}, {"sign_id": "sign_A_7", "match_sign_id": "sign_B_2"}, {"sign_id": "sign_A_8", "match_sign_id": "sign_B_10"}, {"sign_id": "sign_A_8", "match_sign_id": "sign_B_6"}, {"sign_id": "sign_A_8", "match_sign_id": "sign_B_8"}, {"sign_id": "sign_A_8", "match_sign_id": "sign_B_3"}, {"sign_id": "sign_A_8", "match_sign_id": "sign_B_1"}, {"sign_id": "sign_A_9", "match_sign_id": "sign_B_11"}, {"sign_id": "sign_A_9", "match_sign_id": "sign_B_9"}, {"sign_id": "sign_A_9", "match_sign_id": "sign_B_7"}, {"sign_id": "sign_A_9", "match_sign_id": "sign_B_4"}, {"sign_id": "sign_A_9", "match_sign_id": "sign_B_2"}, {"sign_id": "sign_A_10", "match_sign_id": "sign_B_10"}, {"sign_id": "sign_A_10", "match_sign_id": "sign_B_6"}, {"sign_id": "sign_A_10", "match_sign_id": "sign_B_8"}, {"sign_id": "sign_A_10", "match_sign_id": "sign_B_3"}, {"sign_id": "sign_A_10", "match_sign_id": "sign_B_1"}, {"sign_id": "sign_A_11", "match_sign_id": "sign_B_11"}, {"sign_id": "sign_A_11", "match_sign_id": "sign_B_9"}, {"sign_id": "sign_A_11", "match_sign_id": "sign_B_7"}, {"sign_id": "sign_A_11", "match_sign_id": "sign_B_4"}, {"sign_id": "sign_A_11", "match_sign_id": "sign_B_2"}]}