{"group": [{"pic_list": ["19591767112700005250", "19591767112700005251", "19591767112700005252", "19591767112700005253", "19591767112700005254"], "seq_id": "A"}, {"pic_list": ["18559224101500005395", "18559224101500005396", "18559224101500005397", "18559224101500005398", "18559224101500005399", "18559224101500005400", "18559224101500005401"], "seq_id": "B"}], "signs": [{"pic_id": "19591767112700005250", "x": 727, "y": 253, "w": 11, "h": 15, "type": "301", "sign_id": "sign_A_1"}, {"pic_id": "19591767112700005251", "x": 785, "y": 141, "w": 17, "h": 24, "type": "301", "sign_id": "sign_A_2"}, {"pic_id": "19591767112700005252", "x": 722, "y": 331, "w": 16, "h": 15, "type": "103", "sign_id": "sign_A_3"}, {"pic_id": "19591767112700005254", "x": 864, "y": 245, "w": 32, "h": 31, "type": "103", "sign_id": "sign_A_4"}, {"pic_id": "18559224101500005395", "x": 702, "y": 249, "w": 10, "h": 13, "type": "301", "sign_id": "sign_B_1"}, {"pic_id": "18559224101500005396", "x": 727, "y": 211, "w": 11, "h": 16, "type": "301", "sign_id": "sign_B_2"}, {"pic_id": "18559224101500005397", "x": 735, "y": 137, "w": 17, "h": 23, "type": "301", "sign_id": "sign_B_3"}], "match": [{"sign_id": "sign_A_1", "match_sign_id": "sign_B_2"}, {"sign_id": "sign_A_1", "match_sign_id": "sign_B_1"}, {"sign_id": "sign_A_1", "match_sign_id": "sign_B_3"}, {"sign_id": "sign_A_2", "match_sign_id": "sign_B_1"}, {"sign_id": "sign_A_2", "match_sign_id": "sign_B_2"}, {"sign_id": "sign_A_2", "match_sign_id": "sign_B_3"}, {"sign_id": "sign_A_3", "match_sign_id": " "}, {"sign_id": "sign_A_4", "match_sign_id": " "}]}