{"group": [{"pic_list": ["20599546032800000213", "20599546032800000214", "20599546032800000215", "20599546032800000216", "20599546032800000217"], "seq_id": "A"}, {"pic_list": ["18558168073000039642", "18558168073000039643", "18558168073000039644", "18558168073000039645"], "seq_id": "B"}], "signs": [{"pic_id": "20599546032800000213", "x": 875, "y": 351, "w": 23, "h": 25, "type": "104", "sign_id": "sign_A_1"}, {"pic_id": "20599546032800000213", "x": 583, "y": 303, "w": 6, "h": 9, "type": "301", "sign_id": "sign_A_2"}, {"pic_id": "20599546032800000214", "x": 925, "y": 316, "w": 33, "h": 37, "type": "104", "sign_id": "sign_A_3"}, {"pic_id": "20599546032800000214", "x": 542, "y": 269, "w": 7, "h": 10, "type": "301", "sign_id": "sign_A_4"}, {"pic_id": "20599546032800000215", "x": 1057, "y": 283, "w": 46, "h": 53, "type": "104", "sign_id": "sign_A_5"}, {"pic_id": "20599546032800000215", "x": 502, "y": 238, "w": 9, "h": 12, "type": "301", "sign_id": "sign_A_6"}, {"pic_id": "20599546032800000216", "x": 460, "y": 183, "w": 12, "h": 17, "type": "301", "sign_id": "sign_A_7"}, {"pic_id": "20599546032800000217", "x": 369, "y": 58, "w": 19, "h": 27, "type": "301", "sign_id": "sign_A_8"}], "match": [{"sign_id": "sign_A_1", "match_sign_id": " "}, {"sign_id": "sign_A_2", "match_sign_id": " "}, {"sign_id": "sign_A_3", "match_sign_id": " "}, {"sign_id": "sign_A_4", "match_sign_id": " "}, {"sign_id": "sign_A_5", "match_sign_id": " "}, {"sign_id": "sign_A_6", "match_sign_id": " "}, {"sign_id": "sign_A_7", "match_sign_id": " "}, {"sign_id": "sign_A_8", "match_sign_id": " "}]}