{"group": [{"pic_list": ["19590850111500002180", "19590850111500002181", "19590850111500002182", "19590850111500002183", "19590850111500002184", "19590850111500002185", "19590850111500002186", "19590850111500002187"], "seq_id": "A"}, {"pic_list": ["18558633090600024023", "18558633090600024024", "18558633090600024025", "18558633090600024026", "18558633090600024027", "18558633090600024028"], "seq_id": "B"}], "signs": [{"pic_id": "19590850111500002180", "x": 467, "y": 365, "w": 6, "h": 7, "type": "301", "sign_id": "sign_A_1"}, {"pic_id": "19590850111500002181", "x": 467, "y": 360, "w": 6, "h": 6, "type": "301", "sign_id": "sign_A_2"}, {"pic_id": "19590850111500002182", "x": 474, "y": 352, "w": 7, "h": 7, "type": "301", "sign_id": "sign_A_3"}, {"pic_id": "19590850111500002183", "x": 462, "y": 334, "w": 6, "h": 8, "type": "301", "sign_id": "sign_A_4"}, {"pic_id": "19590850111500002184", "x": 439, "y": 317, "w": 7, "h": 8, "type": "301", "sign_id": "sign_A_5"}, {"pic_id": "19590850111500002185", "x": 386, "y": 288, "w": 11, "h": 11, "type": "301", "sign_id": "sign_A_6"}, {"pic_id": "19590850111500002186", "x": 323, "y": 252, "w": 11, "h": 12, "type": "301", "sign_id": "sign_A_7"}, {"pic_id": "18558633090600024024", "x": 499, "y": 294, "w": 6, "h": 6, "type": "301", "sign_id": "sign_B_1"}, {"pic_id": "18558633090600024025", "x": 473, "y": 286, "w": 7, "h": 8, "type": "301", "sign_id": "sign_B_2"}, {"pic_id": "18558633090600024026", "x": 446, "y": 265, "w": 7, "h": 8, "type": "301", "sign_id": "sign_B_3"}, {"pic_id": "18558633090600024027", "x": 414, "y": 238, "w": 9, "h": 10, "type": "301", "sign_id": "sign_B_4"}, {"pic_id": "18558633090600024028", "x": 316, "y": 190, "w": 10, "h": 11, "type": "301", "sign_id": "sign_B_5"}], "match": [{"sign_id": "sign_A_1", "match_sign_id": "sign_B_2"}, {"sign_id": "sign_A_1", "match_sign_id": "sign_B_1"}, {"sign_id": "sign_A_1", "match_sign_id": "sign_B_3"}, {"sign_id": "sign_A_1", "match_sign_id": "sign_B_4"}, {"sign_id": "sign_A_2", "match_sign_id": "sign_B_3"}, {"sign_id": "sign_A_2", "match_sign_id": "sign_B_1"}, {"sign_id": "sign_A_2", "match_sign_id": "sign_B_4"}, {"sign_id": "sign_A_2", "match_sign_id": "sign_B_2"}, {"sign_id": "sign_A_3", "match_sign_id": "sign_B_3"}, {"sign_id": "sign_A_3", "match_sign_id": "sign_B_1"}, {"sign_id": "sign_A_3", "match_sign_id": "sign_B_2"}, {"sign_id": "sign_A_3", "match_sign_id": "sign_B_4"}, {"sign_id": "sign_A_4", "match_sign_id": "sign_B_3"}, {"sign_id": "sign_A_4", "match_sign_id": "sign_B_4"}, {"sign_id": "sign_A_4", "match_sign_id": "sign_B_1"}, {"sign_id": "sign_A_4", "match_sign_id": "sign_B_2"}, {"sign_id": "sign_A_5", "match_sign_id": "sign_B_3"}, {"sign_id": "sign_A_5", "match_sign_id": "sign_B_4"}, {"sign_id": "sign_A_5", "match_sign_id": "sign_B_1"}, {"sign_id": "sign_A_5", "match_sign_id": "sign_B_2"}, {"sign_id": "sign_A_6", "match_sign_id": "sign_B_3"}, {"sign_id": "sign_A_6", "match_sign_id": "sign_B_4"}, {"sign_id": "sign_A_6", "match_sign_id": "sign_B_5"}, {"sign_id": "sign_A_6", "match_sign_id": "sign_B_2"}, {"sign_id": "sign_A_7", "match_sign_id": "sign_B_4"}, {"sign_id": "sign_A_7", "match_sign_id": "sign_B_5"}, {"sign_id": "sign_A_7", "match_sign_id": "sign_B_3"}, {"sign_id": "sign_A_7", "match_sign_id": "sign_B_2"}, {"sign_id": "sign_A_6", "match_sign_id": "sign_B_1"}, {"sign_id": "sign_A_5", "match_sign_id": "sign_B_5"}, {"sign_id": "sign_A_4", "match_sign_id": "sign_B_5"}, {"sign_id": "sign_A_2", "match_sign_id": "sign_B_5"}, {"sign_id": "sign_A_3", "match_sign_id": "sign_B_5"}]}