{"group": [{"pic_list": ["20599305030500017770", "20599305030500017771", "20599305030500017772", "20599305030500017773", "20599305030500017774", "20599305030500017775", "20599305030500017776"], "seq_id": "A"}, {"pic_list": ["18553603011400004769", "18553603011400004770", "18553603011400004771"], "seq_id": "B"}], "signs": [{"pic_id": "20599305030500017770", "x": 838, "y": 669, "w": 27, "h": 27, "type": "106", "sign_id": "sign_A_1"}, {"pic_id": "20599305030500017770", "x": 289, "y": 624, "w": 9, "h": 12, "type": "301", "sign_id": "sign_A_2"}, {"pic_id": "20599305030500017770", "x": 780, "y": 622, "w": 9, "h": 11, "type": "301", "sign_id": "sign_A_3"}, {"pic_id": "20599305030500017771", "x": 860, "y": 655, "w": 32, "h": 32, "type": "108", "sign_id": "sign_A_4"}, {"pic_id": "20599305030500017771", "x": 789, "y": 600, "w": 10, "h": 13, "type": "301", "sign_id": "sign_A_5"}, {"pic_id": "20599305030500017771", "x": 226, "y": 608, "w": 9, "h": 12, "type": "301", "sign_id": "sign_A_6"}, {"pic_id": "20599305030500017772", "x": 897, "y": 637, "w": 38, "h": 38, "type": "108", "sign_id": "sign_A_7"}, {"pic_id": "20599305030500017772", "x": 808, "y": 575, "w": 11, "h": 15, "type": "301", "sign_id": "sign_A_8"}, {"pic_id": "20599305030500017772", "x": 147, "y": 584, "w": 11, "h": 15, "type": "301", "sign_id": "sign_A_9"}, {"pic_id": "20599305030500017773", "x": 969, "y": 599, "w": 49, "h": 49, "type": "108", "sign_id": "sign_A_10"}, {"pic_id": "20599305030500017773", "x": 842, "y": 528, "w": 14, "h": 18, "type": "301", "sign_id": "sign_A_11"}, {"pic_id": "20599305030500017773", "x": 22, "y": 541, "w": 13, "h": 18, "type": "301", "sign_id": "sign_A_12"}, {"pic_id": "20599305030500017774", "x": 1083, "y": 536, "w": 64, "h": 68, "type": "108", "sign_id": "sign_A_13"}, {"pic_id": "20599305030500017774", "x": 890, "y": 459, "w": 17, "h": 24, "type": "301", "sign_id": "sign_A_14"}, {"pic_id": "20599305030500017775", "x": 1289, "y": 437, "w": 86, "h": 99, "type": "108", "sign_id": "sign_A_15"}, {"pic_id": "20599305030500017775", "x": 965, "y": 365, "w": 23, "h": 31, "type": "301", "sign_id": "sign_A_16"}, {"pic_id": "20599305030500017776", "x": 1222, "y": 22, "w": 42, "h": 53, "type": "301", "sign_id": "sign_A_17"}, {"pic_id": "18553603011400004769", "x": 881, "y": 267, "w": 9, "h": 11, "type": "301", "sign_id": "sign_B_1"}, {"pic_id": "18553603011400004770", "x": 922, "y": 238, "w": 11, "h": 14, "type": "301", "sign_id": "sign_B_2"}, {"pic_id": "18553603011400004770", "x": 344, "y": 259, "w": 10, "h": 13, "type": "301", "sign_id": "sign_B_3"}, {"pic_id": "18553603011400004771", "x": 1107, "y": 112, "w": 18, "h": 23, "type": "301", "sign_id": "sign_B_4"}, {"pic_id": "18553603011400004771", "x": 24, "y": 164, "w": 17, "h": 21, "type": "301", "sign_id": "sign_B_5"}], "match": [{"sign_id": "sign_A_1", "match_sign_id": " "}, {"sign_id": "sign_A_2", "match_sign_id": "sign_B_2"}, {"sign_id": "sign_A_2", "match_sign_id": "sign_B_1"}, {"sign_id": "sign_A_3", "match_sign_id": "sign_B_2"}, {"sign_id": "sign_A_4", "match_sign_id": " "}, {"sign_id": "sign_A_5", "match_sign_id": " "}, {"sign_id": "sign_A_6", "match_sign_id": "sign_B_3"}, {"sign_id": "sign_A_7", "match_sign_id": " "}, {"sign_id": "sign_A_8", "match_sign_id": "sign_B_3"}, {"sign_id": "sign_A_9", "match_sign_id": " "}, {"sign_id": "sign_A_10", "match_sign_id": " "}, {"sign_id": "sign_A_11", "match_sign_id": "sign_B_3"}, {"sign_id": "sign_A_12", "match_sign_id": " "}, {"sign_id": "sign_A_13", "match_sign_id": " "}, {"sign_id": "sign_A_14", "match_sign_id": "sign_B_4"}, {"sign_id": "sign_A_14", "match_sign_id": "sign_B_3"}, {"sign_id": "sign_A_14", "match_sign_id": "sign_B_2"}, {"sign_id": "sign_A_15", "match_sign_id": " "}, {"sign_id": "sign_A_16", "match_sign_id": "sign_B_4"}, {"sign_id": "sign_A_16", "match_sign_id": "sign_B_5"}, {"sign_id": "sign_A_16", "match_sign_id": "sign_B_2"}, {"sign_id": "sign_A_17", "match_sign_id": "sign_B_4"}, {"sign_id": "sign_A_17", "match_sign_id": "sign_B_2"}, {"sign_id": "sign_A_17", "match_sign_id": "sign_B_3"}, {"sign_id": "sign_A_8", "match_sign_id": "sign_B_1"}, {"sign_id": "sign_A_5", "match_sign_id": "sign_B_1"}, {"sign_id": "sign_A_11", "match_sign_id": "sign_B_1"}, {"sign_id": "sign_A_17", "match_sign_id": "sign_B_1"}, {"sign_id": "sign_A_14", "match_sign_id": "sign_B_1"}, {"sign_id": "sign_A_5", "match_sign_id": "sign_B_3"}, {"sign_id": "sign_A_9", "match_sign_id": "sign_B_3"}, {"sign_id": "sign_A_14", "match_sign_id": "sign_B_5"}, {"sign_id": "sign_A_5", "match_sign_id": "sign_B_5"}, {"sign_id": "sign_A_8", "match_sign_id": "sign_B_5"}, {"sign_id": "sign_A_11", "match_sign_id": "sign_B_5"}]}