{"group": [{"pic_list": ["19590844111500007532", "19590844111500007533", "19590844111500007544", "19590844111500007545", "19590844111500007546"], "seq_id": "A"}, {"pic_list": ["18553536010900005701", "18553536010900005702", "18553536010900005703", "18553536010900005704", "18553536010900005705"], "seq_id": "B"}], "signs": [{"pic_id": "19590844111500007532", "x": 946, "y": 202, "w": 17, "h": 17, "type": "301", "sign_id": "sign_A_1"}, {"pic_id": "19590844111500007532", "x": 918, "y": 217, "w": 15, "h": 17, "type": "301", "sign_id": "sign_A_2"}, {"pic_id": "19590844111500007532", "x": 385, "y": 292, "w": 7, "h": 9, "type": "301", "sign_id": "sign_A_3"}, {"pic_id": "19590844111500007532", "x": 632, "y": 351, "w": 5, "h": 6, "type": "301", "sign_id": "sign_A_4"}, {"pic_id": "19590844111500007533", "x": 632, "y": 349, "w": 5, "h": 6, "type": "301", "sign_id": "sign_A_5"}, {"pic_id": "19590844111500007533", "x": 331, "y": 273, "w": 7, "h": 10, "type": "301", "sign_id": "sign_A_6"}, {"pic_id": "19590844111500007544", "x": 236, "y": 240, "w": 10, "h": 13, "type": "301", "sign_id": "sign_A_7"}, {"pic_id": "19590844111500007544", "x": 632, "y": 346, "w": 5, "h": 6, "type": "301", "sign_id": "sign_A_8"}, {"pic_id": "19590844111500007545", "x": 86, "y": 189, "w": 12, "h": 16, "type": "301", "sign_id": "sign_A_9"}, {"pic_id": "19590844111500007545", "x": 630, "y": 342, "w": 5, "h": 7, "type": "301", "sign_id": "sign_A_10"}, {"pic_id": "19590844111500007546", "x": 628, "y": 336, "w": 5, "h": 7, "type": "301", "sign_id": "sign_A_11"}, {"pic_id": "18553536010900005701", "x": 465, "y": 337, "w": 9, "h": 11, "type": "301", "sign_id": "sign_B_1"}, {"pic_id": "18553536010900005701", "x": 828, "y": 445, "w": 5, "h": 7, "type": "301", "sign_id": "sign_B_2"}, {"pic_id": "18553536010900005702", "x": 194, "y": 277, "w": 12, "h": 16, "type": "301", "sign_id": "sign_B_3"}, {"pic_id": "18553536010900005703", "x": 87, "y": 243, "w": 15, "h": 19, "type": "301", "sign_id": "sign_B_4"}, {"pic_id": "18553536010900005704", "x": 590, "y": 431, "w": 6, "h": 8, "type": "301", "sign_id": "sign_B_5"}, {"pic_id": "18553536010900005705", "x": 556, "y": 422, "w": 6, "h": 8, "type": "301", "sign_id": "sign_B_6"}], "match": [{"sign_id": "sign_A_3", "match_sign_id": "sign_B_5"}, {"sign_id": "sign_A_3", "match_sign_id": "sign_B_6"}, {"sign_id": "sign_A_4", "match_sign_id": "sign_B_2"}, {"sign_id": "sign_A_4", "match_sign_id": "sign_B_5"}, {"sign_id": "sign_A_4", "match_sign_id": "sign_B_6"}, {"sign_id": "sign_A_5", "match_sign_id": "sign_B_5"}, {"sign_id": "sign_A_5", "match_sign_id": "sign_B_2"}, {"sign_id": "sign_A_5", "match_sign_id": "sign_B_6"}, {"sign_id": "sign_A_6", "match_sign_id": "sign_B_5"}, {"sign_id": "sign_A_6", "match_sign_id": "sign_B_6"}, {"sign_id": "sign_A_6", "match_sign_id": "sign_B_1"}, {"sign_id": "sign_A_6", "match_sign_id": "sign_B_4"}, {"sign_id": "sign_A_6", "match_sign_id": "sign_B_3"}, {"sign_id": "sign_A_7", "match_sign_id": "sign_B_5"}, {"sign_id": "sign_A_7", "match_sign_id": "sign_B_6"}, {"sign_id": "sign_A_7", "match_sign_id": "sign_B_1"}, {"sign_id": "sign_A_7", "match_sign_id": "sign_B_4"}, {"sign_id": "sign_A_8", "match_sign_id": "sign_B_5"}, {"sign_id": "sign_A_8", "match_sign_id": "sign_B_2"}, {"sign_id": "sign_A_8", "match_sign_id": "sign_B_6"}, {"sign_id": "sign_A_9", "match_sign_id": "sign_B_3"}, {"sign_id": "sign_A_9", "match_sign_id": "sign_B_4"}, {"sign_id": "sign_A_9", "match_sign_id": "sign_B_5"}, {"sign_id": "sign_A_9", "match_sign_id": "sign_B_6"}, {"sign_id": "sign_A_9", "match_sign_id": "sign_B_1"}, {"sign_id": "sign_A_10", "match_sign_id": "sign_B_2"}, {"sign_id": "sign_A_10", "match_sign_id": "sign_B_5"}, {"sign_id": "sign_A_10", "match_sign_id": "sign_B_6"}, {"sign_id": "sign_A_11", "match_sign_id": "sign_B_5"}, {"sign_id": "sign_A_11", "match_sign_id": "sign_B_6"}, {"sign_id": "sign_A_11", "match_sign_id": "sign_B_2"}, {"sign_id": "sign_A_3", "match_sign_id": "sign_B_1"}, {"sign_id": "sign_A_3", "match_sign_id": "sign_B_3"}, {"sign_id": "sign_A_7", "match_sign_id": "sign_B_3"}, {"sign_id": "sign_A_11", "match_sign_id": "sign_B_3"}, {"sign_id": "sign_A_3", "match_sign_id": "sign_B_4"}, {"sign_id": "sign_A_11", "match_sign_id": "sign_B_4"}]}