{"group": [{"pic_list": ["19595212121900000960", "19595212121900000961", "19595212121900000962", "19595212121900000963", "19595212121900000964", "19595212121900000965", "19595212121900000966", "19595212121900000967"], "seq_id": "A"}, {"pic_list": ["18559278102000024800", "18559278102000024801", "18559278102000024802", "18559278102000024803", "18559278102000024804", "18559278102000024805"], "seq_id": "B"}], "signs": [{"pic_id": "19595212121900000960", "x": 712, "y": 406, "w": 7, "h": 8, "type": "301", "sign_id": "sign_A_1"}, {"pic_id": "19595212121900000961", "x": 733, "y": 392, "w": 7, "h": 9, "type": "301", "sign_id": "sign_A_2"}, {"pic_id": "19595212121900000962", "x": 670, "y": 374, "w": 14, "h": 13, "type": "103", "sign_id": "sign_A_3"}, {"pic_id": "19595212121900000962", "x": 741, "y": 387, "w": 8, "h": 11, "type": "301", "sign_id": "sign_A_4"}, {"pic_id": "19595212121900000963", "x": 671, "y": 372, "w": 15, "h": 15, "type": "103", "sign_id": "sign_A_5"}, {"pic_id": "19595212121900000963", "x": 757, "y": 383, "w": 9, "h": 11, "type": "301", "sign_id": "sign_A_6"}, {"pic_id": "19595212121900000964", "x": 689, "y": 363, "w": 17, "h": 17, "type": "103", "sign_id": "sign_A_7"}, {"pic_id": "19595212121900000964", "x": 796, "y": 373, "w": 10, "h": 13, "type": "301", "sign_id": "sign_A_8"}, {"pic_id": "19595212121900000965", "x": 766, "y": 342, "w": 22, "h": 22, "type": "103", "sign_id": "sign_A_9"}, {"pic_id": "19595212121900000965", "x": 957, "y": 343, "w": 15, "h": 19, "type": "301", "sign_id": "sign_A_10"}, {"pic_id": "19595212121900000966", "x": 954, "y": 229, "w": 46, "h": 42, "type": "103", "sign_id": "sign_A_11"}, {"pic_id": "19595212121900000967", "x": 1083, "y": 158, "w": 62, "h": 56, "type": "103", "sign_id": "sign_A_12"}, {"pic_id": "18559278102000024800", "x": 845, "y": 412, "w": 8, "h": 10, "type": "301", "sign_id": "sign_B_1"}, {"pic_id": "18559278102000024801", "x": 885, "y": 400, "w": 9, "h": 12, "type": "301", "sign_id": "sign_B_2"}, {"pic_id": "18559278102000024802", "x": 941, "y": 380, "w": 11, "h": 14, "type": "301", "sign_id": "sign_B_3"}, {"pic_id": "18559278102000024803", "x": 1036, "y": 357, "w": 15, "h": 18, "type": "301", "sign_id": "sign_B_4"}], "match": [{"sign_id": "sign_A_1", "match_sign_id": "sign_B_1"}, {"sign_id": "sign_A_1", "match_sign_id": "sign_B_4"}, {"sign_id": "sign_A_1", "match_sign_id": "sign_B_3"}, {"sign_id": "sign_A_1", "match_sign_id": "sign_B_2"}, {"sign_id": "sign_A_2", "match_sign_id": "sign_B_3"}, {"sign_id": "sign_A_2", "match_sign_id": "sign_B_1"}, {"sign_id": "sign_A_2", "match_sign_id": "sign_B_4"}, {"sign_id": "sign_A_2", "match_sign_id": "sign_B_2"}, {"sign_id": "sign_A_4", "match_sign_id": "sign_B_3"}, {"sign_id": "sign_A_4", "match_sign_id": "sign_B_2"}, {"sign_id": "sign_A_4", "match_sign_id": "sign_B_1"}, {"sign_id": "sign_A_4", "match_sign_id": "sign_B_4"}, {"sign_id": "sign_A_6", "match_sign_id": "sign_B_3"}, {"sign_id": "sign_A_6", "match_sign_id": "sign_B_4"}, {"sign_id": "sign_A_6", "match_sign_id": "sign_B_2"}, {"sign_id": "sign_A_6", "match_sign_id": "sign_B_1"}, {"sign_id": "sign_A_8", "match_sign_id": "sign_B_4"}, {"sign_id": "sign_A_8", "match_sign_id": "sign_B_3"}, {"sign_id": "sign_A_8", "match_sign_id": "sign_B_1"}, {"sign_id": "sign_A_8", "match_sign_id": "sign_B_2"}, {"sign_id": "sign_A_10", "match_sign_id": "sign_B_4"}, {"sign_id": "sign_A_10", "match_sign_id": "sign_B_3"}, {"sign_id": "sign_A_10", "match_sign_id": "sign_B_1"}, {"sign_id": "sign_A_10", "match_sign_id": "sign_B_2"}]}