{"group": [{"pic_list": ["19595634122100001496", "19595634122100001497", "19595634122100001498"], "seq_id": "A"}, {"pic_list": ["18558730091500033641", "18558730091500033642", "18558730091500033643"], "seq_id": "B"}], "signs": [{"pic_id": "19595634122100001496", "x": 522, "y": 192, "w": 8, "h": 10, "type": "301", "sign_id": "sign_A_1"}, {"pic_id": "19595634122100001497", "x": 480, "y": 132, "w": 9, "h": 12, "type": "301", "sign_id": "sign_A_2"}, {"pic_id": "19595634122100001498", "x": 417, "y": 37, "w": 11, "h": 15, "type": "301", "sign_id": "sign_A_3"}, {"pic_id": "18558730091500033641", "x": 549, "y": 70, "w": 8, "h": 10, "type": "301", "sign_id": "sign_B_1"}], "match": [{"sign_id": "sign_A_1", "match_sign_id": "sign_B_1"}, {"sign_id": "sign_A_2", "match_sign_id": "sign_B_1"}, {"sign_id": "sign_A_3", "match_sign_id": "sign_B_1"}]}