{"group": [{"pic_list": ["20599255030200006776", "20599255030200006777", "20599255030200006778", "20599255030200006779"], "seq_id": "A"}, {"pic_list": ["18553378010400033889", "18553378010400034634"], "seq_id": "B"}], "signs": [{"pic_id": "20599255030200006776", "x": 841, "y": 619, "w": 7, "h": 11, "type": "301", "sign_id": "sign_A_1"}, {"pic_id": "20599255030200006777", "x": 873, "y": 570, "w": 9, "h": 12, "type": "301", "sign_id": "sign_A_2"}, {"pic_id": "20599255030200006778", "x": 1095, "y": 642, "w": 23, "h": 23, "type": "104", "sign_id": "sign_A_3"}, {"pic_id": "20599255030200006778", "x": 912, "y": 544, "w": 10, "h": 14, "type": "301", "sign_id": "sign_A_4"}, {"pic_id": "20599255030200006779", "x": 1216, "y": 606, "w": 29, "h": 29, "type": "104", "sign_id": "sign_A_5"}, {"pic_id": "20599255030200006779", "x": 1002, "y": 468, "w": 14, "h": 19, "type": "301", "sign_id": "sign_A_6"}, {"pic_id": "18553378010400033889", "x": 668, "y": 330, "w": 5, "h": 7, "type": "301", "sign_id": "sign_B_1"}, {"pic_id": "18553378010400034634", "x": 706, "y": 306, "w": 6, "h": 8, "type": "301", "sign_id": "sign_B_2"}], "match": [{"sign_id": "sign_A_1", "match_sign_id": "sign_B_2"}, {"sign_id": "sign_A_1", "match_sign_id": "sign_B_1"}, {"sign_id": "sign_A_2", "match_sign_id": "sign_B_2"}, {"sign_id": "sign_A_2", "match_sign_id": "sign_B_1"}, {"sign_id": "sign_A_3", "match_sign_id": " "}, {"sign_id": "sign_A_4", "match_sign_id": "sign_B_2"}, {"sign_id": "sign_A_4", "match_sign_id": "sign_B_1"}, {"sign_id": "sign_A_5", "match_sign_id": " "}, {"sign_id": "sign_A_6", "match_sign_id": "sign_B_2"}, {"sign_id": "sign_A_6", "match_sign_id": "sign_B_1"}]}