{"group": [{"pic_list": ["19590200110900005280", "19590200110900005234", "19590200110900005235", "19590200110900005114"], "seq_id": "A"}, {"pic_list": ["18559825111900006802", "18559825111900006803", "18559825111900006804", "18559825111900006805"], "seq_id": "B"}], "signs": [{"pic_id": "19590200110900005235", "x": 755, "y": 362, "w": 5, "h": 6, "type": "301", "sign_id": "sign_A_1"}, {"pic_id": "19590200110900005114", "x": 609, "y": 338, "w": 5, "h": 6, "type": "301", "sign_id": "sign_A_2"}, {"pic_id": "18559825111900006803", "x": 1237, "y": 369, "w": 13, "h": 14, "type": "301", "sign_id": "sign_B_1"}, {"pic_id": "18559825111900006803", "x": 205, "y": 339, "w": 7, "h": 10, "type": "301", "sign_id": "sign_B_2"}], "match": [{"sign_id": "sign_A_1", "match_sign_id": "sign_B_2"}, {"sign_id": "sign_A_2", "match_sign_id": "sign_B_2"}, {"sign_id": "sign_A_2", "match_sign_id": "sign_B_1"}]}