{"group": [{"pic_list": ["20599477032100003145", "20599477032100002342", "20599477032100002343", "20599477032100002344", "20599477032100002345", "20599477032100002346", "20599477032100002347", "20599477032100002348"], "seq_id": "A"}, {"pic_list": ["18553603011400024249", "18553603011400024250", "18553603011400024251", "18553603011400024252", "18553603011400024253", "18553603011400024254", "18553603011400024255"], "seq_id": "B"}], "signs": [{"pic_id": "20599477032100002342", "x": 608, "y": 315, "w": 9, "h": 12, "type": "301", "sign_id": "sign_A_1"}, {"pic_id": "20599477032100002343", "x": 645, "y": 240, "w": 12, "h": 17, "type": "301", "sign_id": "sign_A_2"}, {"pic_id": "20599477032100002346", "x": 475, "y": 375, "w": 5, "h": 7, "type": "301", "sign_id": "sign_A_3"}, {"pic_id": "20599477032100002347", "x": 453, "y": 357, "w": 7, "h": 8, "type": "301", "sign_id": "sign_A_4"}, {"pic_id": "20599477032100002348", "x": 425, "y": 320, "w": 9, "h": 11, "type": "301", "sign_id": "sign_A_5"}, {"pic_id": "18553603011400024249", "x": 707, "y": 169, "w": 13, "h": 18, "type": "301", "sign_id": "sign_B_1"}, {"pic_id": "18553603011400024250", "x": 745, "y": 93, "w": 17, "h": 23, "type": "301", "sign_id": "sign_B_2"}, {"pic_id": "18553603011400024254", "x": 625, "y": 303, "w": 6, "h": 8, "type": "301", "sign_id": "sign_B_3"}, {"pic_id": "18553603011400024255", "x": 595, "y": 278, "w": 8, "h": 9, "type": "301", "sign_id": "sign_B_4"}], "match": [{"sign_id": "sign_A_1", "match_sign_id": "sign_B_1"}, {"sign_id": "sign_A_1", "match_sign_id": "sign_B_2"}, {"sign_id": "sign_A_1", "match_sign_id": "sign_B_3"}, {"sign_id": "sign_A_1", "match_sign_id": "sign_B_4"}, {"sign_id": "sign_A_2", "match_sign_id": "sign_B_1"}, {"sign_id": "sign_A_2", "match_sign_id": "sign_B_2"}, {"sign_id": "sign_A_2", "match_sign_id": "sign_B_4"}, {"sign_id": "sign_A_2", "match_sign_id": "sign_B_3"}, {"sign_id": "sign_A_3", "match_sign_id": "sign_B_3"}, {"sign_id": "sign_A_3", "match_sign_id": "sign_B_4"}, {"sign_id": "sign_A_3", "match_sign_id": "sign_B_1"}, {"sign_id": "sign_A_3", "match_sign_id": "sign_B_2"}, {"sign_id": "sign_A_4", "match_sign_id": "sign_B_4"}, {"sign_id": "sign_A_4", "match_sign_id": "sign_B_3"}, {"sign_id": "sign_A_4", "match_sign_id": "sign_B_1"}, {"sign_id": "sign_A_4", "match_sign_id": "sign_B_2"}, {"sign_id": "sign_A_5", "match_sign_id": "sign_B_4"}, {"sign_id": "sign_A_5", "match_sign_id": "sign_B_3"}, {"sign_id": "sign_A_5", "match_sign_id": "sign_B_1"}, {"sign_id": "sign_A_5", "match_sign_id": "sign_B_2"}]}