{"group": [{"pic_list": ["19592339120300002539", "19592339120300002540", "19592339120300002541"], "seq_id": "A"}, {"pic_list": ["18558628090600033743", "18558628090600033744", "18558628090600033745"], "seq_id": "B"}], "signs": [{"pic_id": "19592339120300002539", "x": 692, "y": 292, "w": 19, "h": 19, "type": "106", "sign_id": "sign_A_1"}, {"pic_id": "19592339120300002539", "x": 507, "y": 252, "w": 11, "h": 14, "type": "301", "sign_id": "sign_A_2"}, {"pic_id": "19592339120300002540", "x": 724, "y": 249, "w": 23, "h": 23, "type": "106", "sign_id": "sign_A_3"}, {"pic_id": "19592339120300002540", "x": 489, "y": 199, "w": 13, "h": 16, "type": "301", "sign_id": "sign_A_4"}, {"pic_id": "19592339120300002541", "x": 778, "y": 200, "w": 33, "h": 33, "type": "106", "sign_id": "sign_A_5"}, {"pic_id": "19592339120300002541", "x": 449, "y": 131, "w": 17, "h": 23, "type": "301", "sign_id": "sign_A_6"}, {"pic_id": "18558628090600033743", "x": 852, "y": 348, "w": 19, "h": 19, "type": "106", "sign_id": "sign_B_1"}, {"pic_id": "18558628090600033743", "x": 672, "y": 313, "w": 9, "h": 11, "type": "301", "sign_id": "sign_B_2"}, {"pic_id": "18558628090600033744", "x": 933, "y": 293, "w": 28, "h": 27, "type": "106", "sign_id": "sign_B_3"}, {"pic_id": "18558628090600033744", "x": 667, "y": 244, "w": 12, "h": 16, "type": "301", "sign_id": "sign_B_4"}, {"pic_id": "18558628090600033745", "x": 1160, "y": 149, "w": 53, "h": 51, "type": "106", "sign_id": "sign_B_5"}, {"pic_id": "18558628090600033745", "x": 649, "y": 59, "w": 22, "h": 30, "type": "301", "sign_id": "sign_B_6"}], "match": [{"sign_id": "sign_A_1", "match_sign_id": "sign_B_1"}, {"sign_id": "sign_A_1", "match_sign_id": "sign_B_3"}, {"sign_id": "sign_A_1", "match_sign_id": "sign_B_5"}, {"sign_id": "sign_A_2", "match_sign_id": "sign_B_2"}, {"sign_id": "sign_A_2", "match_sign_id": "sign_B_4"}, {"sign_id": "sign_A_2", "match_sign_id": "sign_B_6"}, {"sign_id": "sign_A_3", "match_sign_id": "sign_B_1"}, {"sign_id": "sign_A_3", "match_sign_id": "sign_B_3"}, {"sign_id": "sign_A_3", "match_sign_id": "sign_B_5"}, {"sign_id": "sign_A_4", "match_sign_id": "sign_B_2"}, {"sign_id": "sign_A_4", "match_sign_id": "sign_B_4"}, {"sign_id": "sign_A_4", "match_sign_id": "sign_B_6"}, {"sign_id": "sign_A_5", "match_sign_id": "sign_B_1"}, {"sign_id": "sign_A_5", "match_sign_id": "sign_B_3"}, {"sign_id": "sign_A_5", "match_sign_id": "sign_B_5"}, {"sign_id": "sign_A_6", "match_sign_id": "sign_B_4"}, {"sign_id": "sign_A_6", "match_sign_id": "sign_B_2"}, {"sign_id": "sign_A_6", "match_sign_id": "sign_B_6"}]}