{"group": [{"pic_list": ["19582522082000004604", "19582522082000001948", "19582522082000001949", "19582522082000001950", "19582522082000001951", "19582522082000001952"], "seq_id": "A"}, {"pic_list": ["18557863072100008333", "18557863072100008334", "18557863072100008335", "18557863072100008336", "18557863072100008337", "18557863072100008338"], "seq_id": "B"}], "signs": [{"pic_id": "19582522082000004604", "x": 542, "y": 230, "w": 10, "h": 13, "type": "301", "sign_id": "sign_A_1"}, {"pic_id": "19582522082000001948", "x": 525, "y": 180, "w": 15, "h": 19, "type": "301", "sign_id": "sign_A_2"}, {"pic_id": "19582522082000001949", "x": 496, "y": 56, "w": 22, "h": 30, "type": "301", "sign_id": "sign_A_3"}, {"pic_id": "19582522082000001952", "x": 451, "y": 274, "w": 37, "h": 37, "type": "201", "sign_id": "sign_A_4"}, {"pic_id": "18557863072100008333", "x": 563, "y": 403, "w": 13, "h": 13, "type": "201", "sign_id": "sign_B_1"}, {"pic_id": "18557863072100008333", "x": 587, "y": 303, "w": 10, "h": 12, "type": "301", "sign_id": "sign_B_2"}, {"pic_id": "18557863072100008334", "x": 532, "y": 391, "w": 17, "h": 17, "type": "201", "sign_id": "sign_B_3"}, {"pic_id": "18557863072100008334", "x": 564, "y": 208, "w": 17, "h": 21, "type": "301", "sign_id": "sign_B_4"}, {"pic_id": "18557863072100008335", "x": 476, "y": 390, "w": 20, "h": 20, "type": "201", "sign_id": "sign_B_5"}, {"pic_id": "18557863072100008335", "x": 464, "y": 66, "w": 28, "h": 34, "type": "301", "sign_id": "sign_B_6"}, {"pic_id": "18557863072100008336", "x": 470, "y": 384, "w": 23, "h": 24, "type": "201", "sign_id": "sign_B_7"}, {"pic_id": "18557863072100008337", "x": 454, "y": 357, "w": 29, "h": 29, "type": "201", "sign_id": "sign_B_8"}, {"pic_id": "18557863072100008338", "x": 411, "y": 351, "w": 39, "h": 38, "type": "201", "sign_id": "sign_B_9"}], "match": [{"sign_id": "sign_A_1", "match_sign_id": "sign_B_4"}, {"sign_id": "sign_A_1", "match_sign_id": "sign_B_2"}, {"sign_id": "sign_A_1", "match_sign_id": "sign_B_6"}, {"sign_id": "sign_A_2", "match_sign_id": "sign_B_4"}, {"sign_id": "sign_A_2", "match_sign_id": "sign_B_2"}, {"sign_id": "sign_A_2", "match_sign_id": "sign_B_6"}, {"sign_id": "sign_A_3", "match_sign_id": "sign_B_6"}, {"sign_id": "sign_A_3", "match_sign_id": "sign_B_4"}, {"sign_id": "sign_A_3", "match_sign_id": "sign_B_2"}, {"sign_id": "sign_A_4", "match_sign_id": "sign_B_5"}, {"sign_id": "sign_A_4", "match_sign_id": "sign_B_7"}, {"sign_id": "sign_A_4", "match_sign_id": "sign_B_3"}, {"sign_id": "sign_A_4", "match_sign_id": "sign_B_8"}, {"sign_id": "sign_A_4", "match_sign_id": "sign_B_9"}, {"sign_id": "sign_A_4", "match_sign_id": "sign_B_1"}]}