{"group": [{"pic_list": ["19595096121800002094", "19595096121800002112", "19595096121800002113", "19595096121800002114", "19595096121800002115", "19595096121800002116"], "seq_id": "A"}, {"pic_list": ["18558614090300037563", "18558614090300037564", "18558614090300042309", "18558614090300042310", "18558614090300042311"], "seq_id": "B"}], "signs": [{"pic_id": "19595096121800002094", "x": 456, "y": 176, "w": 9, "h": 11, "type": "301", "sign_id": "sign_A_1"}, {"pic_id": "19595096121800002094", "x": 608, "y": 163, "w": 7, "h": 8, "type": "301", "sign_id": "sign_A_2"}, {"pic_id": "19595096121800002112", "x": 175, "y": 151, "w": 11, "h": 14, "type": "301", "sign_id": "sign_A_3"}, {"pic_id": "19595096121800002112", "x": 378, "y": 141, "w": 8, "h": 9, "type": "301", "sign_id": "sign_A_4"}, {"pic_id": "19595096121800002113", "x": 11, "y": 94, "w": 11, "h": 13, "type": "301", "sign_id": "sign_A_5"}, {"pic_id": "18558614090300037563", "x": 258, "y": 327, "w": 10, "h": 12, "type": "301", "sign_id": "sign_B_1"}, {"pic_id": "18558614090300037563", "x": 747, "y": 353, "w": 5, "h": 6, "type": "301", "sign_id": "sign_B_2"}, {"pic_id": "18558614090300037564", "x": 608, "y": 347, "w": 5, "h": 6, "type": "301", "sign_id": "sign_B_3"}, {"pic_id": "18558614090300037564", "x": 233, "y": 299, "w": 8, "h": 10, "type": "301", "sign_id": "sign_B_4"}, {"pic_id": "18558614090300042309", "x": 490, "y": 335, "w": 5, "h": 7, "type": "301", "sign_id": "sign_B_5"}, {"pic_id": "18558614090300042310", "x": 504, "y": 335, "w": 5, "h": 7, "type": "301", "sign_id": "sign_B_6"}, {"pic_id": "18558614090300042311", "x": 508, "y": 328, "w": 5, "h": 7, "type": "301", "sign_id": "sign_B_7"}], "match": [{"sign_id": "sign_A_1", "match_sign_id": "sign_B_1"}, {"sign_id": "sign_A_1", "match_sign_id": "sign_B_4"}, {"sign_id": "sign_A_2", "match_sign_id": "sign_B_4"}, {"sign_id": "sign_A_2", "match_sign_id": "sign_B_1"}, {"sign_id": "sign_A_3", "match_sign_id": "sign_B_1"}, {"sign_id": "sign_A_4", "match_sign_id": "sign_B_4"}, {"sign_id": "sign_A_4", "match_sign_id": "sign_B_1"}, {"sign_id": "sign_A_5", "match_sign_id": "sign_B_4"}, {"sign_id": "sign_A_5", "match_sign_id": "sign_B_1"}]}