{"group": [{"pic_list": ["20598855012900002225", "20598855012900002226", "20598855012900002227", "20598855012900002228", "20598855012900002229"], "seq_id": "A"}, {"pic_list": ["18558454082800028269", "18558454082800028270", "18558454082800028271", "18558454082800028272", "18558454082800028273", "18558454082800028274"], "seq_id": "B"}], "signs": [{"pic_id": "20598855012900002225", "x": 397, "y": 374, "w": 7, "h": 9, "type": "301", "sign_id": "sign_A_1"}, {"pic_id": "20598855012900002226", "x": 368, "y": 373, "w": 8, "h": 10, "type": "301", "sign_id": "sign_A_2"}, {"pic_id": "20598855012900002226", "x": 529, "y": 423, "w": 5, "h": 7, "type": "301", "sign_id": "sign_A_3"}, {"pic_id": "20598855012900002227", "x": 314, "y": 355, "w": 10, "h": 13, "type": "301", "sign_id": "sign_A_4"}, {"pic_id": "20598855012900002227", "x": 516, "y": 424, "w": 6, "h": 7, "type": "301", "sign_id": "sign_A_5"}, {"pic_id": "20598855012900002228", "x": 247, "y": 325, "w": 11, "h": 14, "type": "301", "sign_id": "sign_A_6"}, {"pic_id": "20598855012900002228", "x": 506, "y": 420, "w": 6, "h": 7, "type": "301", "sign_id": "sign_A_7"}, {"pic_id": "20598855012900002229", "x": 150, "y": 258, "w": 15, "h": 19, "type": "301", "sign_id": "sign_A_8"}, {"pic_id": "20598855012900002229", "x": 507, "y": 409, "w": 6, "h": 8, "type": "301", "sign_id": "sign_A_9"}, {"pic_id": "18558454082800028272", "x": 467, "y": 266, "w": 7, "h": 10, "type": "301", "sign_id": "sign_B_1"}, {"pic_id": "18558454082800028272", "x": 604, "y": 320, "w": 5, "h": 7, "type": "301", "sign_id": "sign_B_2"}, {"pic_id": "18558454082800028273", "x": 430, "y": 235, "w": 9, "h": 12, "type": "301", "sign_id": "sign_B_3"}, {"pic_id": "18558454082800028273", "x": 598, "y": 311, "w": 5, "h": 7, "type": "301", "sign_id": "sign_B_4"}, {"pic_id": "18558454082800028274", "x": 385, "y": 199, "w": 11, "h": 15, "type": "301", "sign_id": "sign_B_5"}, {"pic_id": "18558454082800028274", "x": 601, "y": 308, "w": 6, "h": 8, "type": "301", "sign_id": "sign_B_6"}], "match": [{"sign_id": "sign_A_1", "match_sign_id": "sign_B_1"}, {"sign_id": "sign_A_1", "match_sign_id": "sign_B_3"}, {"sign_id": "sign_A_2", "match_sign_id": "sign_B_3"}, {"sign_id": "sign_A_2", "match_sign_id": "sign_B_1"}, {"sign_id": "sign_A_2", "match_sign_id": "sign_B_4"}, {"sign_id": "sign_A_3", "match_sign_id": "sign_B_4"}, {"sign_id": "sign_A_3", "match_sign_id": "sign_B_2"}, {"sign_id": "sign_A_4", "match_sign_id": "sign_B_1"}, {"sign_id": "sign_A_4", "match_sign_id": "sign_B_3"}, {"sign_id": "sign_A_4", "match_sign_id": "sign_B_5"}, {"sign_id": "sign_A_5", "match_sign_id": "sign_B_4"}, {"sign_id": "sign_A_5", "match_sign_id": "sign_B_2"}, {"sign_id": "sign_A_6", "match_sign_id": "sign_B_3"}, {"sign_id": "sign_A_6", "match_sign_id": "sign_B_1"}, {"sign_id": "sign_A_6", "match_sign_id": "sign_B_5"}, {"sign_id": "sign_A_7", "match_sign_id": "sign_B_4"}, {"sign_id": "sign_A_7", "match_sign_id": "sign_B_2"}, {"sign_id": "sign_A_8", "match_sign_id": "sign_B_3"}, {"sign_id": "sign_A_8", "match_sign_id": "sign_B_1"}, {"sign_id": "sign_A_8", "match_sign_id": "sign_B_5"}, {"sign_id": "sign_A_9", "match_sign_id": "sign_B_4"}, {"sign_id": "sign_A_9", "match_sign_id": "sign_B_6"}, {"sign_id": "sign_A_2", "match_sign_id": "sign_B_2"}, {"sign_id": "sign_A_4", "match_sign_id": "sign_B_2"}, {"sign_id": "sign_A_9", "match_sign_id": "sign_B_2"}, {"sign_id": "sign_A_1", "match_sign_id": "sign_B_4"}, {"sign_id": "sign_A_2", "match_sign_id": "sign_B_5"}, {"sign_id": "sign_A_1", "match_sign_id": "sign_B_5"}, {"sign_id": "sign_A_2", "match_sign_id": "sign_B_6"}, {"sign_id": "sign_A_1", "match_sign_id": "sign_B_6"}, {"sign_id": "sign_A_7", "match_sign_id": "sign_B_6"}, {"sign_id": "sign_A_3", "match_sign_id": "sign_B_6"}]}