{"group": [{"pic_list": ["19581311080200001368", "19581311080200001369", "19581311080200001370", "19581311080200001371", "19581311080200001372", "19581311080200001373"], "seq_id": "A"}, {"pic_list": ["18557505071000030192", "18557505071000030193", "18557505071000030194", "18557505071000030195", "18557505071000030196"], "seq_id": "B"}], "signs": [{"pic_id": "19581311080200001368", "x": 420, "y": 264, "w": 8, "h": 10, "type": "301", "sign_id": "sign_A_1"}, {"pic_id": "19581311080200001369", "x": 407, "y": 253, "w": 9, "h": 11, "type": "301", "sign_id": "sign_A_2"}, {"pic_id": "19581311080200001370", "x": 377, "y": 231, "w": 10, "h": 12, "type": "301", "sign_id": "sign_A_3"}, {"pic_id": "19581311080200001371", "x": 326, "y": 213, "w": 11, "h": 14, "type": "301", "sign_id": "sign_A_4"}, {"pic_id": "19581311080200001372", "x": 300, "y": 180, "w": 13, "h": 17, "type": "301", "sign_id": "sign_A_5"}, {"pic_id": "19581311080200001373", "x": 241, "y": 131, "w": 16, "h": 21, "type": "301", "sign_id": "sign_A_6"}, {"pic_id": "18557505071000030192", "x": 474, "y": 370, "w": 7, "h": 8, "type": "301", "sign_id": "sign_B_1"}, {"pic_id": "18557505071000030193", "x": 464, "y": 352, "w": 7, "h": 9, "type": "301", "sign_id": "sign_B_2"}, {"pic_id": "18557505071000030194", "x": 434, "y": 337, "w": 9, "h": 11, "type": "301", "sign_id": "sign_B_3"}, {"pic_id": "18557505071000030195", "x": 384, "y": 311, "w": 11, "h": 13, "type": "301", "sign_id": "sign_B_4"}, {"pic_id": "18557505071000030196", "x": 343, "y": 287, "w": 13, "h": 16, "type": "301", "sign_id": "sign_B_5"}], "match": [{"sign_id": "sign_A_1", "match_sign_id": "sign_B_5"}, {"sign_id": "sign_A_1", "match_sign_id": "sign_B_1"}, {"sign_id": "sign_A_1", "match_sign_id": "sign_B_3"}, {"sign_id": "sign_A_1", "match_sign_id": "sign_B_2"}, {"sign_id": "sign_A_1", "match_sign_id": "sign_B_4"}, {"sign_id": "sign_A_2", "match_sign_id": "sign_B_5"}, {"sign_id": "sign_A_2", "match_sign_id": "sign_B_3"}, {"sign_id": "sign_A_2", "match_sign_id": "sign_B_2"}, {"sign_id": "sign_A_2", "match_sign_id": "sign_B_1"}, {"sign_id": "sign_A_2", "match_sign_id": "sign_B_4"}, {"sign_id": "sign_A_3", "match_sign_id": "sign_B_3"}, {"sign_id": "sign_A_3", "match_sign_id": "sign_B_2"}, {"sign_id": "sign_A_3", "match_sign_id": "sign_B_5"}, {"sign_id": "sign_A_3", "match_sign_id": "sign_B_1"}, {"sign_id": "sign_A_3", "match_sign_id": "sign_B_4"}, {"sign_id": "sign_A_4", "match_sign_id": "sign_B_3"}, {"sign_id": "sign_A_4", "match_sign_id": "sign_B_4"}, {"sign_id": "sign_A_4", "match_sign_id": "sign_B_5"}, {"sign_id": "sign_A_4", "match_sign_id": "sign_B_2"}, {"sign_id": "sign_A_4", "match_sign_id": "sign_B_1"}, {"sign_id": "sign_A_5", "match_sign_id": "sign_B_5"}, {"sign_id": "sign_A_5", "match_sign_id": "sign_B_3"}, {"sign_id": "sign_A_5", "match_sign_id": "sign_B_4"}, {"sign_id": "sign_A_5", "match_sign_id": "sign_B_2"}, {"sign_id": "sign_A_5", "match_sign_id": "sign_B_1"}, {"sign_id": "sign_A_6", "match_sign_id": "sign_B_4"}, {"sign_id": "sign_A_6", "match_sign_id": "sign_B_3"}, {"sign_id": "sign_A_6", "match_sign_id": "sign_B_5"}, {"sign_id": "sign_A_6", "match_sign_id": "sign_B_2"}, {"sign_id": "sign_A_6", "match_sign_id": "sign_B_1"}]}