{"group": [{"pic_list": ["19593114120900003438", "19593114120900003439", "19593114120900003440", "19593114120900003441", "19593114120900003442"], "seq_id": "A"}, {"pic_list": ["18558328080900031024", "18558328080900031025", "18558328080900031026", "18558328080900031027"], "seq_id": "B"}], "signs": [{"pic_id": "19593114120900003438", "x": 78, "y": 295, "w": 11, "h": 14, "type": "301", "sign_id": "sign_A_1"}, {"pic_id": "19593114120900003438", "x": 117, "y": 317, "w": 10, "h": 12, "type": "301", "sign_id": "sign_A_2"}, {"pic_id": "19593114120900003438", "x": 364, "y": 314, "w": 9, "h": 11, "type": "301", "sign_id": "sign_A_3"}, {"pic_id": "19593114120900003438", "x": 583, "y": 354, "w": 6, "h": 7, "type": "301", "sign_id": "sign_A_4"}, {"pic_id": "19593114120900003439", "x": 578, "y": 347, "w": 7, "h": 8, "type": "301", "sign_id": "sign_A_5"}, {"pic_id": "19593114120900003439", "x": 301, "y": 287, "w": 10, "h": 13, "type": "301", "sign_id": "sign_A_6"}, {"pic_id": "19593114120900003440", "x": 541, "y": 339, "w": 7, "h": 10, "type": "301", "sign_id": "sign_A_7"}, {"pic_id": "19593114120900003440", "x": 152, "y": 241, "w": 13, "h": 17, "type": "301", "sign_id": "sign_A_8"}, {"pic_id": "19593114120900003441", "x": 533, "y": 318, "w": 8, "h": 12, "type": "301", "sign_id": "sign_A_9"}, {"pic_id": "19593114120900003442", "x": 528, "y": 285, "w": 10, "h": 13, "type": "301", "sign_id": "sign_A_10"}, {"pic_id": "18558328080900031024", "x": 77, "y": 292, "w": 13, "h": 15, "type": "301", "sign_id": "sign_B_1"}, {"pic_id": "18558328080900031025", "x": 663, "y": 372, "w": 8, "h": 10, "type": "301", "sign_id": "sign_B_2"}, {"pic_id": "18558328080900031026", "x": 666, "y": 348, "w": 8, "h": 11, "type": "301", "sign_id": "sign_B_3"}, {"pic_id": "18558328080900031027", "x": 669, "y": 316, "w": 10, "h": 14, "type": "301", "sign_id": "sign_B_4"}], "match": [{"sign_id": "sign_A_1", "match_sign_id": "sign_B_1"}, {"sign_id": "sign_A_3", "match_sign_id": "sign_B_2"}, {"sign_id": "sign_A_4", "match_sign_id": "sign_B_3"}, {"sign_id": "sign_A_4", "match_sign_id": "sign_B_2"}, {"sign_id": "sign_A_4", "match_sign_id": "sign_B_4"}, {"sign_id": "sign_A_5", "match_sign_id": "sign_B_3"}, {"sign_id": "sign_A_5", "match_sign_id": "sign_B_2"}, {"sign_id": "sign_A_5", "match_sign_id": "sign_B_4"}, {"sign_id": "sign_A_6", "match_sign_id": "sign_B_1"}, {"sign_id": "sign_A_7", "match_sign_id": "sign_B_3"}, {"sign_id": "sign_A_7", "match_sign_id": "sign_B_2"}, {"sign_id": "sign_A_7", "match_sign_id": "sign_B_4"}, {"sign_id": "sign_A_8", "match_sign_id": "sign_B_1"}, {"sign_id": "sign_A_9", "match_sign_id": "sign_B_3"}, {"sign_id": "sign_A_9", "match_sign_id": "sign_B_4"}, {"sign_id": "sign_A_9", "match_sign_id": "sign_B_2"}, {"sign_id": "sign_A_10", "match_sign_id": "sign_B_3"}, {"sign_id": "sign_A_10", "match_sign_id": "sign_B_4"}, {"sign_id": "sign_A_10", "match_sign_id": "sign_B_2"}]}