{"group": [{"pic_list": ["19596696122500004075", "19596696122500004060", "19596696122500004061", "19596696122500004062", "19596696122500004063", "19596696122500004064", "19596696122500004065"], "seq_id": "A"}, {"pic_list": ["18553747011800004335", "18553747011800004636", "18553747011800004637", "18553747011800004638", "18553747011800004639", "18553747011800004640"], "seq_id": "B"}], "signs": [{"pic_id": "19596696122500004075", "x": 814, "y": 302, "w": 19, "h": 19, "type": "103", "sign_id": "sign_A_1"}, {"pic_id": "19596696122500004075", "x": 738, "y": 223, "w": 8, "h": 11, "type": "301", "sign_id": "sign_A_2"}, {"pic_id": "19596696122500004060", "x": 845, "y": 276, "w": 23, "h": 24, "type": "103", "sign_id": "sign_A_3"}, {"pic_id": "19596696122500004060", "x": 745, "y": 171, "w": 10, "h": 14, "type": "301", "sign_id": "sign_A_4"}, {"pic_id": "19596696122500004060", "x": 176, "y": 312, "w": 8, "h": 8, "type": "301", "sign_id": "sign_A_5"}, {"pic_id": "19596696122500004060", "x": 349, "y": 275, "w": 6, "h": 8, "type": "301", "sign_id": "sign_A_6"}, {"pic_id": "19596696122500004061", "x": 877, "y": 259, "w": 27, "h": 28, "type": "103", "sign_id": "sign_A_7"}, {"pic_id": "19596696122500004061", "x": 762, "y": 135, "w": 11, "h": 15, "type": "301", "sign_id": "sign_A_8"}, {"pic_id": "19596696122500004061", "x": 325, "y": 264, "w": 7, "h": 9, "type": "301", "sign_id": "sign_A_9"}, {"pic_id": "19596696122500004061", "x": 126, "y": 299, "w": 9, "h": 10, "type": "301", "sign_id": "sign_A_10"}, {"pic_id": "19596696122500004062", "x": 990, "y": 190, "w": 47, "h": 45, "type": "103", "sign_id": "sign_A_11"}, {"pic_id": "19596696122500004062", "x": 804, "y": 1, "w": 17, "h": 21, "type": "301", "sign_id": "sign_A_12"}, {"pic_id": "19596696122500004062", "x": 796, "y": 275, "w": 8, "h": 10, "type": "301", "sign_id": "sign_A_13"}, {"pic_id": "19596696122500004062", "x": 807, "y": 272, "w": 8, "h": 9, "type": "301", "sign_id": "sign_A_14"}, {"pic_id": "19596696122500004062", "x": 242, "y": 237, "w": 8, "h": 10, "type": "301", "sign_id": "sign_A_15"}, {"pic_id": "19596696122500004063", "x": 1131, "y": 112, "w": 71, "h": 64, "type": "103", "sign_id": "sign_A_16"}, {"pic_id": "19596696122500004063", "x": 823, "y": 260, "w": 10, "h": 11, "type": "301", "sign_id": "sign_A_17"}, {"pic_id": "19596696122500004063", "x": 836, "y": 255, "w": 10, "h": 12, "type": "301", "sign_id": "sign_A_18"}, {"pic_id": "19596696122500004063", "x": 200, "y": 228, "w": 8, "h": 10, "type": "301", "sign_id": "sign_A_19"}, {"pic_id": "19596696122500004064", "x": 857, "y": 241, "w": 11, "h": 13, "type": "301", "sign_id": "sign_A_20"}, {"pic_id": "19596696122500004064", "x": 875, "y": 232, "w": 13, "h": 14, "type": "301", "sign_id": "sign_A_21"}, {"pic_id": "19596696122500004064", "x": 139, "y": 209, "w": 10, "h": 12, "type": "301", "sign_id": "sign_A_22"}, {"pic_id": "19596696122500004065", "x": 913, "y": 202, "w": 16, "h": 18, "type": "301", "sign_id": "sign_A_23"}, {"pic_id": "19596696122500004065", "x": 71, "y": 178, "w": 12, "h": 15, "type": "301", "sign_id": "sign_A_24"}, {"pic_id": "19596696122500004065", "x": 940, "y": 191, "w": 16, "h": 18, "type": "301", "sign_id": "sign_A_25"}, {"pic_id": "18553747011800004335", "x": 791, "y": 295, "w": 7, "h": 11, "type": "301", "sign_id": "sign_B_1"}, {"pic_id": "18553747011800004335", "x": 478, "y": 356, "w": 6, "h": 7, "type": "301", "sign_id": "sign_B_2"}, {"pic_id": "18553747011800004636", "x": 802, "y": 274, "w": 8, "h": 12, "type": "301", "sign_id": "sign_B_3"}, {"pic_id": "18553747011800004636", "x": 450, "y": 349, "w": 6, "h": 8, "type": "301", "sign_id": "sign_B_4"}, {"pic_id": "18553747011800004637", "x": 823, "y": 227, "w": 10, "h": 14, "type": "301", "sign_id": "sign_B_5"}, {"pic_id": "18553747011800004637", "x": 410, "y": 333, "w": 7, "h": 8, "type": "301", "sign_id": "sign_B_6"}, {"pic_id": "18553747011800004638", "x": 886, "y": 152, "w": 13, "h": 18, "type": "301", "sign_id": "sign_B_7"}, {"pic_id": "18553747011800004638", "x": 375, "y": 315, "w": 8, "h": 10, "type": "301", "sign_id": "sign_B_8"}, {"pic_id": "18553747011800004638", "x": 882, "y": 351, "w": 8, "h": 9, "type": "301", "sign_id": "sign_B_9"}, {"pic_id": "18553747011800004639", "x": 1050, "y": 19, "w": 20, "h": 28, "type": "301", "sign_id": "sign_B_10"}, {"pic_id": "18553747011800004639", "x": 972, "y": 338, "w": 10, "h": 12, "type": "301", "sign_id": "sign_B_11"}, {"pic_id": "18553747011800004639", "x": 957, "y": 342, "w": 9, "h": 10, "type": "301", "sign_id": "sign_B_12"}, {"pic_id": "18553747011800004640", "x": 973, "y": 319, "w": 11, "h": 13, "type": "301", "sign_id": "sign_B_13"}, {"pic_id": "18553747011800004640", "x": 247, "y": 273, "w": 9, "h": 11, "type": "301", "sign_id": "sign_B_14"}], "match": [{"sign_id": "sign_A_2", "match_sign_id": "sign_B_1"}, {"sign_id": "sign_A_2", "match_sign_id": "sign_B_5"}, {"sign_id": "sign_A_2", "match_sign_id": "sign_B_3"}, {"sign_id": "sign_A_2", "match_sign_id": "sign_B_7"}, {"sign_id": "sign_A_4", "match_sign_id": "sign_B_7"}, {"sign_id": "sign_A_4", "match_sign_id": "sign_B_5"}, {"sign_id": "sign_A_4", "match_sign_id": "sign_B_3"}, {"sign_id": "sign_A_4", "match_sign_id": "sign_B_1"}, {"sign_id": "sign_A_5", "match_sign_id": "sign_B_14"}, {"sign_id": "sign_A_6", "match_sign_id": "sign_B_6"}, {"sign_id": "sign_A_6", "match_sign_id": "sign_B_2"}, {"sign_id": "sign_A_6", "match_sign_id": "sign_B_8"}, {"sign_id": "sign_A_6", "match_sign_id": "sign_B_4"}, {"sign_id": "sign_A_8", "match_sign_id": "sign_B_7"}, {"sign_id": "sign_A_8", "match_sign_id": "sign_B_5"}, {"sign_id": "sign_A_8", "match_sign_id": "sign_B_3"}, {"sign_id": "sign_A_8", "match_sign_id": "sign_B_1"}, {"sign_id": "sign_A_9", "match_sign_id": "sign_B_8"}, {"sign_id": "sign_A_9", "match_sign_id": "sign_B_6"}, {"sign_id": "sign_A_9", "match_sign_id": "sign_B_2"}, {"sign_id": "sign_A_9", "match_sign_id": "sign_B_4"}, {"sign_id": "sign_A_10", "match_sign_id": "sign_B_14"}, {"sign_id": "sign_A_12", "match_sign_id": "sign_B_7"}, {"sign_id": "sign_A_12", "match_sign_id": "sign_B_5"}, {"sign_id": "sign_A_12", "match_sign_id": "sign_B_3"}, {"sign_id": "sign_A_12", "match_sign_id": "sign_B_1"}, {"sign_id": "sign_A_12", "match_sign_id": "sign_B_10"}, {"sign_id": "sign_A_14", "match_sign_id": "sign_B_9"}, {"sign_id": "sign_A_14", "match_sign_id": "sign_B_13"}, {"sign_id": "sign_A_15", "match_sign_id": "sign_B_14"}, {"sign_id": "sign_A_17", "match_sign_id": "sign_B_13"}, {"sign_id": "sign_A_17", "match_sign_id": "sign_B_9"}, {"sign_id": "sign_A_17", "match_sign_id": "sign_B_12"}, {"sign_id": "sign_A_18", "match_sign_id": "sign_B_9"}, {"sign_id": "sign_A_19", "match_sign_id": "sign_B_14"}, {"sign_id": "sign_A_19", "match_sign_id": "sign_B_8"}, {"sign_id": "sign_A_20", "match_sign_id": "sign_B_9"}, {"sign_id": "sign_A_20", "match_sign_id": "sign_B_13"}, {"sign_id": "sign_A_21", "match_sign_id": "sign_B_9"}, {"sign_id": "sign_A_21", "match_sign_id": "sign_B_11"}, {"sign_id": "sign_A_22", "match_sign_id": "sign_B_14"}, {"sign_id": "sign_A_22", "match_sign_id": "sign_B_8"}, {"sign_id": "sign_A_23", "match_sign_id": "sign_B_9"}, {"sign_id": "sign_A_23", "match_sign_id": "sign_B_13"}, {"sign_id": "sign_A_24", "match_sign_id": "sign_B_14"}, {"sign_id": "sign_A_25", "match_sign_id": "sign_B_9"}, {"sign_id": "sign_A_25", "match_sign_id": "sign_B_13"}, {"sign_id": "sign_A_20", "match_sign_id": "sign_B_2"}, {"sign_id": "sign_A_13", "match_sign_id": "sign_B_2"}, {"sign_id": "sign_A_18", "match_sign_id": "sign_B_4"}, {"sign_id": "sign_A_19", "match_sign_id": "sign_B_5"}, {"sign_id": "sign_A_24", "match_sign_id": "sign_B_5"}, {"sign_id": "sign_A_20", "match_sign_id": "sign_B_6"}, {"sign_id": "sign_A_19", "match_sign_id": "sign_B_7"}, {"sign_id": "sign_A_24", "match_sign_id": "sign_B_7"}, {"sign_id": "sign_A_5", "match_sign_id": "sign_B_10"}, {"sign_id": "sign_A_24", "match_sign_id": "sign_B_10"}, {"sign_id": "sign_A_17", "match_sign_id": "sign_B_11"}]}